,ID,Exited
0,67897,0
1,163075,0
2,134760,1
3,68707,0
4,3428,0
5,107265,0
6,158447,0
7,80740,1
8,125044,0
9,154966,1
10,88530,0
11,82482,1
12,131199,0
13,136040,1
14,159031,0
15,88904,0
16,66309,1
17,153955,0
18,635,1
19,95754,1
20,30315,0
21,124220,0
22,88710,1
23,91751,0
24,119113,0
25,114700,1
26,22908,0
27,122081,0
28,112365,0
29,98914,0
30,53089,0
31,146614,0
32,158077,1
33,123517,0
34,26383,1
35,160662,0
36,46264,0
37,114489,0
38,42975,1
39,87309,0
40,24431,0
41,144695,0
42,97950,0
43,7267,0
44,139305,1
45,152389,0
46,110656,0
47,154699,1
48,119675,1
49,25308,1
50,126565,0
51,27561,0
52,101097,0
53,70772,1
54,60268,0
55,26162,0
56,131648,1
57,145414,0
58,121373,0
59,163467,0
60,131501,0
61,79734,0
62,80754,0
63,129444,0
64,105417,1
65,71745,0
66,147191,0
67,94375,0
68,35546,0
69,19833,1
70,48345,0
71,32702,0
72,125244,0
73,102868,0
74,136255,1
75,87709,0
76,24767,0
77,164701,0
78,97753,0
79,121297,0
80,100692,0
81,46691,1
82,42079,0
83,57603,0
84,89670,1
85,102008,0
86,18833,1
87,27538,0
88,128984,0
89,152227,0
90,65877,0
91,44598,0
92,148613,0
93,13086,0
94,11686,0
95,108133,1
96,151372,0
97,73436,0
98,106491,0
99,101564,0
100,113172,0
101,136501,0
102,57071,0
103,92224,0
104,121941,0
105,66216,0
106,62434,0
107,91516,0
108,25568,0
109,26114,0
110,83892,0
111,27364,0
112,140883,0
113,25814,0
114,1528,0
115,7586,0
116,88510,0
117,40925,0
118,118832,0
119,53328,0
120,1686,0
121,10647,0
122,44811,1
123,71910,0
124,130374,0
125,25810,0
126,136562,0
127,99689,0
128,88622,0
129,37242,0
130,21940,0
131,65894,0
132,133830,1
133,67591,0
134,63343,1
135,19068,1
136,104268,0
137,148995,0
138,18099,0
139,42682,1
140,60179,0
141,159038,1
142,88191,0
143,72761,1
144,70005,0
145,77438,0
146,80622,0
147,112032,0
148,120923,0
149,105060,0
150,97510,0
151,105125,0
152,116656,0
153,57091,0
154,113127,0
155,10653,0
156,138428,0
157,122732,1
158,8814,0
159,23630,0
160,132131,1
161,105067,0
162,35998,0
163,58381,0
164,80352,0
165,104163,1
166,106424,0
167,59716,0
168,123428,0
169,142117,0
170,125132,0
171,58937,0
172,86958,0
173,63236,0
174,88022,0
175,14675,0
176,7408,0
177,37469,0
178,84303,0
179,74315,0
180,133651,0
181,14456,0
182,80336,0
183,120573,0
184,82939,0
185,103938,0
186,124473,0
187,74827,0
188,9585,1
189,122860,0
190,18828,0
191,48725,0
192,115246,0
193,36925,0
194,115867,1
195,112920,0
196,69344,0
197,101285,0
198,92542,0
199,154249,1
200,116960,1
201,82810,0
202,58334,0
203,152632,0
204,3614,0
205,151529,0
206,79179,1
207,113337,0
208,76416,0
209,105975,0
210,86313,0
211,84354,1
212,3265,0
213,134317,0
214,108214,0
215,43660,1
216,151525,0
217,105312,1
218,54483,1
219,143627,0
220,34398,0
221,127308,0
222,29593,0
223,10626,0
224,51313,0
225,5627,0
226,49,0
227,109730,0
228,109499,1
229,67497,0
230,64845,0
231,27033,0
232,150880,0
233,78646,0
234,134053,0
235,16009,0
236,130062,0
237,99382,1
238,95198,0
239,82245,0
240,163341,0
241,138797,0
242,43875,0
243,60657,0
244,121488,0
245,25644,0
246,53653,0
247,40092,0
248,25538,0
249,127596,0
250,152936,1
251,38589,1
252,117380,0
253,6672,1
254,99818,0
255,48113,0
256,143443,1
257,103240,0
258,96382,0
259,61580,0
260,162176,0
261,20946,1
262,29079,1
263,109998,0
264,102611,0
265,40828,1
266,63141,0
267,20224,0
268,35557,1
269,59598,0
270,4771,0
271,33910,0
272,34614,0
273,56867,1
274,107387,0
275,83354,0
276,77481,1
277,60159,0
278,127821,0
279,67739,0
280,26513,0
281,6955,0
282,22133,0
283,34479,0
284,133087,0
285,18612,0
286,134475,0
287,21866,0
288,73710,0
289,29365,1
290,34142,0
291,94203,1
292,32003,0
293,114205,0
294,126351,0
295,102768,0
296,126412,0
297,134330,1
298,64808,0
299,85747,0
300,115964,0
301,154491,0
302,62649,0
303,55047,0
304,42505,1
305,57992,1
306,106001,0
307,18773,0
308,88647,0
309,39584,0
310,116608,0
311,11808,0
312,104562,1
313,151400,0
314,162880,0
315,103645,0
316,64837,0
317,345,0
318,138839,0
319,162750,0
320,104161,0
321,37411,0
322,127866,0
323,122267,1
324,6627,0
325,135922,0
326,22312,0
327,117295,0
328,21511,0
329,99732,0
330,57432,0
331,96926,0
332,102096,0
333,54313,0
334,124929,0
335,77965,0
336,157675,0
337,7581,0
338,147721,0
339,31782,0
340,149168,0
341,7528,0
342,80374,0
343,116546,0
344,110146,0
345,157672,0
346,21390,0
347,25537,1
348,138928,0
349,162981,1
350,38974,0
351,116523,1
352,42097,0
353,51442,0
354,85795,0
355,38901,0
356,52247,0
357,119701,0
358,50592,0
359,55747,0
360,156770,0
361,112757,0
362,105106,0
363,153964,0
364,94664,0
365,44656,0
366,153355,0
367,95994,0
368,77404,0
369,35152,0
370,12948,0
371,123798,0
372,114760,0
373,38867,0
374,77765,0
375,90700,0
376,53635,0
377,138762,1
378,148708,0
379,11591,0
380,157308,1
381,32162,1
382,97445,0
383,75919,0
384,3170,0
385,13234,0
386,142889,0
387,164489,0
388,95625,0
389,86466,0
390,18664,0
391,39155,0
392,139293,0
393,152012,0
394,151094,0
395,84586,0
396,5413,0
397,129836,0
398,135284,1
399,82447,1
400,50104,0
401,48560,0
402,71621,1
403,72467,0
404,5384,0
405,35525,0
406,155401,0
407,25540,0
408,57316,0
409,118270,0
410,72672,0
411,120169,0
412,41308,0
413,3118,0
414,20059,1
415,66203,1
416,76917,0
417,116747,0
418,30630,0
419,79630,0
420,98550,0
421,96652,0
422,107906,0
423,59728,0
424,75373,0
425,42422,0
426,52844,0
427,7380,1
428,113576,0
429,140950,0
430,116277,0
431,133453,0
432,70535,0
433,163327,0
434,39311,0
435,33072,0
436,72345,1
437,105202,1
438,141237,0
439,68728,0
440,139619,0
441,146470,0
442,70565,0
443,116058,0
444,47271,0
445,66069,0
446,108052,0
447,4359,0
448,25720,1
449,108313,0
450,36856,0
451,1567,0
452,105942,0
453,117869,1
454,103880,1
455,57498,0
456,78300,0
457,123652,0
458,66224,1
459,23259,0
460,71983,0
461,106508,0
462,33627,0
463,101052,0
464,593,0
465,7757,0
466,156035,0
467,144819,1
468,100746,1
469,146648,0
470,38809,0
471,24980,0
472,44757,1
473,102872,0
474,62616,0
475,46784,0
476,11073,0
477,91816,0
478,115844,0
479,1796,0
480,31807,0
481,90030,0
482,95310,0
483,38422,0
484,96890,0
485,26439,0
486,146924,0
487,72981,0
488,25473,0
489,9995,0
490,149920,0
491,156316,0
492,93255,0
493,99709,0
494,34012,0
495,125190,0
496,19292,0
497,7966,0
498,46855,0
499,11693,0
500,46223,0
501,92505,0
502,148843,0
503,96795,0
504,138177,0
505,73176,0
506,84190,0
507,29548,0
508,129057,0
509,160310,1
510,152200,0
511,129670,0
512,49205,0
513,137603,0
514,66785,0
515,68663,0
516,163815,1
517,47168,0
518,109865,0
519,155143,0
520,135272,0
521,70318,0
522,47012,0
523,12262,0
524,127355,0
525,17,0
526,16147,0
527,90871,0
528,149143,0
529,116219,1
530,129295,0
531,124280,1
532,3119,0
533,149932,0
534,122602,0
535,45972,0
536,15218,0
537,147027,0
538,20990,0
539,13360,0
540,74574,0
541,78221,0
542,86457,0
543,92703,1
544,105345,1
545,149439,0
546,153220,0
547,59126,0
548,111909,1
549,16095,0
550,84017,0
551,38929,0
552,25647,0
553,155541,0
554,116096,0
555,20190,0
556,78942,0
557,45426,0
558,129156,0
559,102292,0
560,121570,1
561,144479,0
562,11838,1
563,71159,0
564,83605,0
565,38440,0
566,161996,0
567,64387,0
568,79203,0
569,45557,0
570,131954,0
571,30598,0
572,83000,0
573,41546,1
574,110079,0
575,49195,1
576,72686,0
577,131484,0
578,126617,0
579,28010,0
580,97815,0
581,130625,0
582,50072,0
583,35628,0
584,122117,0
585,120110,0
586,85521,0
587,92630,0
588,36681,0
589,102304,0
590,88321,0
591,83505,0
592,11210,0
593,9333,0
594,118674,0
595,126160,0
596,140083,0
597,70056,0
598,61571,0
599,132161,0
600,147368,0
601,16458,0
602,146889,0
603,4086,0
604,40182,0
605,102469,0
606,52795,0
607,42980,0
608,40997,0
609,102791,0
610,89005,1
611,11242,0
612,140003,0
613,56196,0
614,71844,0
615,125347,0
616,56069,0
617,127822,0
618,82419,0
619,74258,0
620,45245,0
621,94409,0
622,105167,0
623,92053,0
624,28875,0
625,111774,0
626,147267,0
627,92643,0
628,111566,0
629,101192,0
630,115271,0
631,63443,0
632,89507,1
633,62673,0
634,108471,0
635,119250,0
636,81591,0
637,153653,0
638,88345,1
639,85173,0
640,157590,0
641,130338,0
642,144428,1
643,154754,0
644,147816,0
645,80972,0
646,7854,0
647,69926,0
648,127672,0
649,134434,0
650,48142,0
651,36288,0
652,135527,0
653,116335,0
654,20448,1
655,137184,0
656,82487,0
657,85415,0
658,63031,0
659,142275,0
660,138393,1
661,151378,1
662,105739,0
663,126394,0
664,104198,0
665,77913,0
666,6190,0
667,21654,0
668,87867,0
669,30278,0
670,123707,0
671,110038,1
672,67520,0
673,139929,0
674,32035,0
675,28290,0
676,160520,0
677,37898,0
678,66609,1
679,145392,0
680,109914,0
681,29113,1
682,141827,0
683,150935,1
684,92049,0
685,60309,0
686,108819,1
687,18767,0
688,26617,0
689,15780,0
690,45900,0
691,144558,1
692,163355,0
693,42709,0
694,30181,0
695,106842,0
696,95820,1
697,99517,0
698,5968,0
699,164726,0
700,45679,0
701,122146,0
702,100977,0
703,104212,0
704,149161,0
705,92087,0
706,140369,0
707,30800,1
708,134820,0
709,119836,0
710,51255,0
711,118846,0
712,11262,0
713,38266,0
714,34847,0
715,98345,0
716,103592,0
717,61871,0
718,57216,0
719,22161,0
720,138760,0
721,29277,0
722,105386,1
723,28785,1
724,14496,0
725,71903,0
726,135694,0
727,130925,0
728,98874,0
729,80632,0
730,8787,0
731,115846,0
732,77420,1
733,89795,0
734,147148,0
735,28183,0
736,148068,0
737,75894,0
738,132555,0
739,25413,0
740,12401,0
741,26495,1
742,42323,0
743,132622,0
744,4704,1
745,51811,0
746,83369,1
747,49655,0
748,159199,0
749,3736,0
750,44781,0
751,59902,0
752,159850,0
753,49166,0
754,53582,1
755,108218,0
756,158594,0
757,69899,0
758,135903,0
759,155684,0
760,135269,0
761,86970,1
762,91123,1
763,155366,0
764,101435,1
765,72452,0
766,76793,0
767,153645,0
768,70359,0
769,95910,0
770,147263,0
771,83897,0
772,100541,0
773,114053,0
774,156643,1
775,86086,0
776,74937,0
777,104189,0
778,29007,0
779,146567,1
780,10099,0
781,62810,0
782,111199,0
783,14692,0
784,157795,0
785,87071,0
786,5254,0
787,154470,0
788,71860,0
789,1960,0
790,18728,0
791,17043,0
792,108027,0
793,11079,1
794,128648,0
795,136264,0
796,131729,0
797,111647,0
798,87233,0
799,81617,0
800,13167,0
801,161910,0
802,77491,0
803,75793,0
804,10717,0
805,160516,0
806,50094,0
807,57181,0
808,17737,0
809,27387,0
810,4258,0
811,83698,0
812,38945,0
813,1394,0
814,104223,0
815,132078,1
816,56782,0
817,160743,0
818,43977,0
819,152811,0
820,23779,0
821,43403,0
822,10869,0
823,29308,0
824,137599,0
825,71963,0
826,46878,0
827,120029,0
828,154460,1
829,120905,1
830,48179,1
831,109643,1
832,43314,0
833,61518,0
834,57142,0
835,79804,0
836,9648,0
837,164354,1
838,136965,0
839,93371,1
840,90746,0
841,46980,0
842,102802,0
843,149026,0
844,98337,0
845,28989,0
846,97562,0
847,74508,0
848,88981,0
849,150263,0
850,47907,1
851,123008,0
852,151963,0
853,113024,0
854,97808,0
855,59409,1
856,38837,0
857,101988,0
858,150436,0
859,22653,0
860,100272,0
861,34951,0
862,64004,0
863,129025,0
864,81540,1
865,98111,0
866,55970,0
867,14361,1
868,131703,0
869,150561,0
870,163024,0
871,116643,0
872,158426,0
873,99384,0
874,22798,1
875,81933,0
876,23825,0
877,76247,0
878,67556,0
879,81181,0
880,118972,0
881,32688,0
882,127354,0
883,24593,0
884,156005,1
885,145254,0
886,124139,0
887,3003,0
888,122633,0
889,45222,0
890,25354,0
891,106489,0
892,15938,0
893,89855,0
894,16450,0
895,98635,0
896,46546,0
897,40769,1
898,11898,1
899,109244,0
900,102318,0
901,104014,0
902,115029,0
903,44919,0
904,55667,0
905,61707,0
906,87960,0
907,110898,0
908,32936,0
909,49532,0
910,112899,0
911,3277,0
912,39439,0
913,58498,1
914,74688,0
915,159262,0
916,129478,0
917,40045,0
918,141010,0
919,142393,0
920,74771,0
921,153328,0
922,97153,0
923,96694,0
924,80952,0
925,126026,0
926,16627,0
927,117450,0
928,72647,0
929,69482,0
930,93156,0
931,41954,0
932,146002,1
933,46835,0
934,71492,0
935,102870,0
936,128640,1
937,76322,0
938,160186,0
939,1673,0
940,108815,1
941,139311,0
942,79096,0
943,126456,0
944,14824,1
945,77998,0
946,1944,0
947,157909,0
948,72578,0
949,92482,1
950,164446,0
951,17764,0
952,98424,0
953,143108,0
954,94226,0
955,31445,0
956,90358,0
957,101850,0
958,120492,0
959,156711,1
960,27098,0
961,80526,1
962,163244,0
963,11785,0
964,68469,0
965,26646,0
966,99401,0
967,44696,0
968,128865,0
969,153105,0
970,91994,1
971,114531,0
972,100418,0
973,62926,0
974,23327,0
975,19247,0
976,106270,0
977,26068,0
978,68652,1
979,20235,1
980,111075,0
981,161782,0
982,83866,0
983,102690,0
984,16950,0
985,74704,1
986,163749,0
987,126082,0
988,91160,0
989,125479,1
990,110745,0
991,54186,0
992,8602,0
993,33663,1
994,100940,0
995,86738,0
996,127729,1
997,113839,1
998,23200,0
999,118996,0
1000,49966,0
1001,133443,1
1002,18096,0
1003,129046,0
1004,140261,0
1005,107365,0
1006,44135,0
1007,36603,0
1008,100291,0
1009,22372,0
1010,101633,0
1011,120181,0
1012,129325,0
1013,123083,1
1014,26616,1
1015,155724,0
1016,117274,0
1017,29281,0
1018,88640,0
1019,83097,0
1020,74779,0
1021,100792,0
1022,158034,0
1023,22017,0
1024,64251,1
1025,84877,0
1026,24488,0
1027,33348,0
1028,31318,0
1029,77556,0
1030,115718,1
1031,28303,0
1032,59972,0
1033,156488,0
1034,144346,0
1035,114579,0
1036,97020,0
1037,93653,0
1038,131881,0
1039,108424,0
1040,45967,0
1041,97392,0
1042,3546,0
1043,124714,0
1044,49273,0
1045,135944,0
1046,35198,0
1047,126507,1
1048,64435,1
1049,155944,1
1050,150877,0
1051,48206,0
1052,46705,0
1053,160151,0
1054,163608,0
1055,32459,0
1056,65027,0
1057,63581,0
1058,141089,0
1059,109756,0
1060,112955,0
1061,71601,0
1062,145081,0
1063,140105,0
1064,99695,0
1065,45567,0
1066,116066,0
1067,159539,0
1068,161936,0
1069,110843,0
1070,43666,0
1071,52488,0
1072,43061,0
1073,94794,0
1074,36484,1
1075,83231,0
1076,39075,0
1077,84420,0
1078,36632,0
1079,28854,0
1080,59978,0
1081,164349,0
1082,107948,0
1083,134573,0
1084,154118,0
1085,142070,1
1086,124951,0
1087,45133,0
1088,24285,0
1089,42796,1
1090,16358,0
1091,28524,0
1092,98181,1
1093,39216,1
1094,139157,0
1095,28173,0
1096,52130,0
1097,16644,0
1098,127877,0
1099,92461,0
1100,155853,0
1101,105288,0
1102,80886,0
1103,56439,0
1104,65265,0
1105,151796,1
1106,52556,0
1107,64035,1
1108,8646,0
1109,7870,0
1110,30571,0
1111,61592,0
1112,141370,0
1113,88797,0
1114,40510,0
1115,87382,1
1116,32648,0
1117,22765,0
1118,114555,1
1119,73075,1
1120,134377,0
1121,39872,0
1122,43049,0
1123,161889,0
1124,162478,0
1125,47442,1
1126,34250,0
1127,47313,0
1128,159274,0
1129,109220,1
1130,22707,0
1131,22968,0
1132,89902,0
1133,73339,0
1134,84950,0
1135,136233,1
1136,140351,1
1137,122855,0
1138,143675,0
1139,23625,0
1140,162984,1
1141,38090,0
1142,33860,0
1143,10447,0
1144,49765,1
1145,134407,0
1146,148682,0
1147,122595,0
1148,141394,0
1149,73308,0
1150,90066,1
1151,127402,0
1152,122172,0
1153,101422,1
1154,100336,0
1155,111077,0
1156,155662,1
1157,154127,0
1158,533,0
1159,41370,0
1160,17561,0
1161,65517,0
1162,24409,0
1163,57726,0
1164,117962,0
1165,23434,1
1166,147253,0
1167,135528,0
1168,67873,1
1169,50685,0
1170,50071,0
1171,82978,0
1172,98482,0
1173,28171,0
1174,43235,0
1175,91837,1
1176,130140,0
1177,87645,0
1178,44743,1
1179,90405,0
1180,135966,0
1181,90727,0
1182,142337,1
1183,8224,0
1184,47636,1
1185,58727,0
1186,58958,0
1187,144377,0
1188,156304,0
1189,59419,0
1190,46066,0
1191,157874,1
1192,20050,1
1193,46002,0
1194,72435,0
1195,76554,0
1196,44558,0
1197,94483,0
1198,15156,0
1199,69882,0
1200,76303,0
1201,142267,0
1202,36096,0
1203,34322,0
1204,35287,0
1205,13647,0
1206,42993,0
1207,21137,0
1208,55367,0
1209,42074,1
1210,107887,0
1211,46949,0
1212,132318,0
1213,137287,0
1214,144382,1
1215,105211,0
1216,142314,0
1217,14000,0
1218,16376,0
1219,47144,1
1220,27763,0
1221,143878,0
1222,144023,0
1223,17290,0
1224,99434,0
1225,106338,0
1226,47562,0
1227,91729,0
1228,76758,0
1229,129133,0
1230,34675,0
1231,136017,0
1232,79787,1
1233,75668,0
1234,36994,0
1235,16135,0
1236,47089,0
1237,37776,0
1238,163626,0
1239,144032,0
1240,51836,1
1241,100457,0
1242,76193,0
1243,34934,0
1244,134400,0
1245,34907,0
1246,128503,0
1247,5876,0
1248,28500,0
1249,92163,0
1250,27919,0
1251,65871,0
1252,128972,0
1253,3004,0
1254,51833,0
1255,35016,0
1256,41223,0
1257,91472,0
1258,1051,0
1259,46426,1
1260,161012,0
1261,144150,0
1262,6712,0
1263,137647,1
1264,95795,0
1265,24313,0
1266,4008,0
1267,37818,0
1268,114033,1
1269,93049,0
1270,113916,0
1271,87196,0
1272,33402,0
1273,61284,0
1274,157289,0
1275,46737,0
1276,160894,0
1277,71107,0
1278,154778,0
1279,97989,0
1280,96460,0
1281,161272,0
1282,144679,0
1283,163074,0
1284,57334,0
1285,113661,1
1286,123264,0
1287,136296,0
1288,32366,0
1289,4238,0
1290,64986,0
1291,69885,0
1292,146452,0
1293,163167,0
1294,159463,0
1295,8063,0
1296,91783,0
1297,112403,0
1298,95900,0
1299,145586,0
1300,143577,0
1301,122389,0
1302,99896,0
1303,27607,0
1304,111176,0
1305,90938,0
1306,44235,0
1307,134258,0
1308,98676,0
1309,130915,0
1310,48211,0
1311,46845,0
1312,61787,0
1313,119414,0
1314,142201,0
1315,24707,0
1316,97554,0
1317,10048,0
1318,116692,0
1319,37238,1
1320,78088,0
1321,66363,1
1322,129034,0
1323,92862,0
1324,130798,1
1325,142924,0
1326,40538,0
1327,43397,1
1328,10012,0
1329,33073,0
1330,72037,0
1331,122337,0
1332,17555,0
1333,52693,0
1334,4266,0
1335,69543,0
1336,77382,0
1337,44864,1
1338,107223,0
1339,56376,1
1340,41888,0
1341,41731,0
1342,7709,0
1343,24755,0
1344,144151,0
1345,117804,0
1346,68049,1
1347,79333,0
1348,131399,0
1349,93456,1
1350,49944,0
1351,6384,0
1352,74017,0
1353,79621,0
1354,98574,0
1355,71358,0
1356,8336,0
1357,63499,0
1358,4643,0
1359,125643,0
1360,75496,1
1361,161042,1
1362,51287,0
1363,134119,1
1364,66359,0
1365,97807,1
1366,63023,0
1367,39367,0
1368,160664,0
1369,84221,1
1370,76926,0
1371,160067,0
1372,83368,0
1373,80478,0
1374,109700,0
1375,159639,0
1376,1499,1
1377,83659,0
1378,111857,0
1379,4022,0
1380,72197,0
1381,15511,0
1382,29743,0
1383,87119,0
1384,146611,0
1385,153274,0
1386,23502,0
1387,158943,1
1388,22202,0
1389,44967,0
1390,55281,0
1391,60197,0
1392,47260,0
1393,9420,0
1394,8171,0
1395,127252,0
1396,113526,0
1397,40481,0
1398,43984,0
1399,10662,0
1400,39634,0
1401,72098,0
1402,65312,0
1403,156623,0
1404,29465,0
1405,14101,0
1406,117261,0
1407,128365,0
1408,67991,0
1409,133354,0
1410,61449,0
1411,151682,0
1412,15833,0
1413,16432,1
1414,31964,0
1415,113051,0
1416,135625,0
1417,120497,0
1418,112313,0
1419,76811,0
1420,57583,0
1421,157347,0
1422,105797,1
1423,119070,0
1424,71709,0
1425,19196,0
1426,51994,0
1427,41991,0
1428,98279,0
1429,39839,0
1430,84299,0
1431,125726,0
1432,107305,0
1433,120935,0
1434,107927,0
1435,124249,0
1436,77941,0
1437,11590,0
1438,94198,0
1439,57943,0
1440,10686,1
1441,147387,0
1442,78883,1
1443,134845,0
1444,56719,0
1445,74629,0
1446,84966,0
1447,127600,1
1448,33558,0
1449,127496,0
1450,155564,0
1451,132276,1
1452,24328,0
1453,71232,0
1454,15425,1
1455,2354,1
1456,44666,1
1457,43970,0
1458,123861,0
1459,1081,0
1460,58521,1
1461,129570,0
1462,125211,0
1463,139516,1
1464,141230,1
1465,76923,1
1466,114090,0
1467,77174,0
1468,10971,0
1469,57332,1
1470,29829,1
1471,25491,0
1472,52321,0
1473,35743,0
1474,158514,1
1475,157755,0
1476,133876,0
1477,2934,0
1478,104303,0
1479,68667,0
1480,94004,0
1481,66190,0
1482,53221,0
1483,51964,0
1484,115338,1
1485,29381,0
1486,110115,0
1487,61486,0
1488,140493,0
1489,139661,0
1490,118438,1
1491,150903,1
1492,4222,1
1493,117621,0
1494,141499,0
1495,29900,0
1496,88766,1
1497,27293,1
1498,105407,1
1499,98481,0
1500,24519,0
1501,133014,0
1502,77680,0
1503,142864,0
1504,64166,0
1505,144431,0
1506,110575,0
1507,12025,0
1508,89915,0
1509,66341,0
1510,43270,0
1511,74674,0
1512,30162,0
1513,6020,0
1514,119119,1
1515,34807,0
1516,138823,0
1517,156486,1
1518,58532,0
1519,13372,0
1520,39628,0
1521,38570,0
1522,44587,0
1523,48340,0
1524,75670,0
1525,18145,1
1526,97050,0
1527,33435,0
1528,88602,1
1529,1001,0
1530,37941,1
1531,23858,0
1532,148865,0
1533,145333,0
1534,63201,0
1535,55850,0
1536,126099,0
1537,94027,1
1538,8877,0
1539,9171,0
1540,36,0
1541,2033,1
1542,157192,1
1543,146301,0
1544,104517,0
1545,138257,0
1546,87700,0
1547,134007,1
1548,63338,0
1549,124851,1
1550,16535,1
1551,84381,0
1552,56718,0
1553,85725,1
1554,44676,0
1555,61918,0
1556,56681,0
1557,66676,0
1558,142697,0
1559,126536,0
1560,11803,0
1561,162939,0
1562,85031,0
1563,73687,0
1564,57102,1
1565,16337,1
1566,163041,0
1567,80782,0
1568,39683,0
1569,9035,0
1570,105103,0
1571,38721,0
1572,139711,0
1573,58565,0
1574,14092,0
1575,101505,0
1576,110263,1
1577,18907,0
1578,162535,0
1579,46105,0
1580,96034,0
1581,57357,0
1582,7197,0
1583,44326,0
1584,5616,0
1585,143892,0
1586,63234,0
1587,16737,0
1588,141833,0
1589,20019,0
1590,17766,0
1591,123399,1
1592,162666,0
1593,49842,0
1594,73961,0
1595,128476,0
1596,140471,0
1597,93926,0
1598,30805,0
1599,89684,0
1600,9520,0
1601,66746,1
1602,157652,0
1603,24034,0
1604,104277,0
1605,137259,0
1606,7741,0
1607,106621,0
1608,102704,0
1609,144926,0
1610,68310,0
1611,120805,0
1612,36512,0
1613,41443,1
1614,16326,0
1615,89476,0
1616,79554,0
1617,51320,0
1618,25254,0
1619,131761,1
1620,76968,0
1621,102680,0
1622,60110,0
1623,34245,1
1624,75865,1
1625,45731,0
1626,1104,0
1627,102014,0
1628,150549,0
1629,43604,0
1630,89742,0
1631,75281,0
1632,131689,0
1633,6233,0
1634,132204,0
1635,67394,0
1636,25239,1
1637,152099,1
1638,80216,0
1639,120657,0
1640,151413,0
1641,153638,0
1642,100411,0
1643,110089,0
1644,69193,0
1645,78195,0
1646,21369,0
1647,25133,0
1648,56582,0
1649,80867,0
1650,125887,0
1651,90184,0
1652,30937,1
1653,163540,0
1654,64495,0
1655,11160,0
1656,128483,0
1657,58057,0
1658,111209,0
1659,163450,0
1660,121459,1
1661,126482,0
1662,146669,0
1663,128058,0
1664,75616,0
1665,121210,0
1666,8403,0
1667,75010,0
1668,27956,0
1669,77175,0
1670,148018,0
1671,48583,0
1672,60727,0
1673,51027,0
1674,107350,0
1675,10815,1
1676,95038,1
1677,71469,1
1678,30333,0
1679,42106,0
1680,93906,0
1681,45351,0
1682,111733,0
1683,71558,0
1684,112827,0
1685,14581,0
1686,160952,0
1687,59538,0
1688,15411,0
1689,1413,0
1690,75565,0
1691,155386,0
1692,160866,0
1693,154660,1
1694,94499,0
1695,148378,0
1696,79495,0
1697,44976,0
1698,135115,0
1699,146764,0
1700,60826,0
1701,53541,1
1702,25132,0
1703,123553,0
1704,60420,0
1705,128031,0
1706,137406,0
1707,146933,0
1708,60661,0
1709,49692,0
1710,25707,1
1711,139308,0
1712,149995,0
1713,55031,0
1714,104390,0
1715,77708,0
1716,151798,0
1717,64969,0
1718,34433,0
1719,154500,0
1720,47829,0
1721,86419,1
1722,86690,0
1723,8868,0
1724,35460,0
1725,59124,0
1726,119973,0
1727,133221,0
1728,145828,0
1729,37435,0
1730,163728,0
1731,137727,1
1732,160779,1
1733,9503,0
1734,77160,0
1735,135834,0
1736,45832,0
1737,112982,0
1738,122069,0
1739,8241,0
1740,37915,0
1741,77371,1
1742,71440,0
1743,135889,0
1744,137482,0
1745,80127,1
1746,65292,0
1747,19238,0
1748,92579,0
1749,135164,0
1750,57372,0
1751,119271,0
1752,17767,0
1753,148826,1
1754,31621,0
1755,7958,1
1756,91334,0
1757,132174,0
1758,131380,0
1759,7991,0
1760,48821,0
1761,99186,0
1762,152913,0
1763,144857,0
1764,26545,0
1765,78866,1
1766,52377,0
1767,87269,0
1768,84643,0
1769,80564,0
1770,111608,0
1771,157838,0
1772,33820,0
1773,5307,0
1774,33391,0
1775,28367,0
1776,71717,0
1777,162798,0
1778,127511,0
1779,13354,0
1780,73325,0
1781,117334,0
1782,77262,0
1783,47687,0
1784,16759,1
1785,116730,0
1786,27766,0
1787,32358,0
1788,78730,0
1789,116679,0
1790,72825,0
1791,28029,0
1792,111383,0
1793,34339,0
1794,29328,0
1795,17874,0
1796,100855,0
1797,148041,1
1798,142296,0
1799,64921,0
1800,3979,1
1801,54146,1
1802,23522,0
1803,122676,0
1804,73309,0
1805,153806,1
1806,50005,0
1807,143,0
1808,149517,0
1809,49155,0
1810,72380,0
1811,6801,1
1812,154715,0
1813,74380,0
1814,110894,0
1815,80274,0
1816,135789,0
1817,43308,0
1818,61858,0
1819,128310,0
1820,91502,0
1821,14835,0
1822,135103,0
1823,138424,1
1824,101701,0
1825,125801,0
1826,5578,0
1827,106178,0
1828,137463,0
1829,74734,0
1830,26958,0
1831,105075,0
1832,124547,0
1833,10813,0
1834,38791,1
1835,93510,0
1836,105697,0
1837,104981,0
1838,38333,0
1839,21956,0
1840,66570,1
1841,103420,0
1842,87278,0
1843,111135,0
1844,60880,0
1845,124300,0
1846,7938,1
1847,108290,0
1848,27650,0
1849,35155,0
1850,114766,0
1851,3907,0
1852,151962,1
1853,144371,1
1854,48386,0
1855,134913,0
1856,118724,0
1857,50894,0
1858,31368,0
1859,158116,0
1860,190,0
1861,104726,0
1862,67993,0
1863,14851,0
1864,100207,0
1865,93704,0
1866,139017,1
1867,60649,0
1868,71753,0
1869,12333,1
1870,143640,0
1871,49746,0
1872,23032,0
1873,51124,1
1874,19301,0
1875,60327,0
1876,57307,0
1877,46080,0
1878,131261,0
1879,110056,0
1880,133534,0
1881,12040,0
1882,40254,0
1883,16125,0
1884,148380,0
1885,67814,0
1886,136133,0
1887,142587,0
1888,80310,0
1889,59694,0
1890,121206,0
1891,122487,0
1892,9954,0
1893,100160,0
1894,100487,0
1895,155571,0
1896,14019,0
1897,70807,0
1898,29607,0
1899,93387,0
1900,81136,0
1901,5510,0
1902,125790,0
1903,69292,1
1904,8717,0
1905,164498,0
1906,128170,0
1907,81904,0
1908,160398,0
1909,89638,0
1910,126634,0
1911,18676,0
1912,110381,0
1913,54214,0
1914,11711,0
1915,68120,0
1916,92331,0
1917,120964,0
1918,18444,0
1919,75885,0
1920,55128,0
1921,43273,0
1922,14599,0
1923,46605,0
1924,30887,0
1925,92709,0
1926,133034,0
1927,109298,0
1928,153091,0
1929,21729,0
1930,118531,0
1931,156404,1
1932,158638,0
1933,103083,0
1934,141272,0
1935,13089,0
1936,32250,0
1937,77942,0
1938,55285,1
1939,121720,1
1940,91313,0
1941,94417,0
1942,90549,0
1943,79272,1
1944,125694,0
1945,49022,0
1946,142982,0
1947,19387,0
1948,70050,0
1949,56898,0
1950,54521,0
1951,83086,0
1952,112240,0
1953,51395,0
1954,11980,0
1955,134444,0
1956,113810,1
1957,138692,1
1958,135827,0
1959,68732,1
1960,48608,1
1961,46990,0
1962,47572,0
1963,29130,0
1964,95962,0
1965,66234,0
1966,88842,0
1967,105941,1
1968,130097,0
1969,130682,0
1970,80676,0
1971,26593,0
1972,155581,1
1973,107446,0
1974,19048,0
1975,60297,0
1976,29514,0
1977,160225,0
1978,163406,0
1979,42982,0
1980,76867,0
1981,140038,0
1982,2350,0
1983,65943,0
1984,43005,1
1985,12976,0
1986,91745,0
1987,164269,1
1988,36665,0
1989,35465,0
1990,116903,0
1991,29608,0
1992,104571,0
1993,2441,0
1994,120225,0
1995,8486,0
1996,84152,0
1997,103499,0
1998,28205,0
1999,98731,0
2000,43009,0
2001,126122,0
2002,10224,0
2003,57025,1
2004,2112,0
2005,113322,0
2006,119873,0
2007,40410,0
2008,16263,0
2009,7500,0
2010,62564,1
2011,64460,0
2012,28324,0
2013,158082,0
2014,51243,0
2015,102833,0
2016,117888,0
2017,131952,0
2018,8316,1
2019,134169,0
2020,41980,1
2021,36282,1
2022,83953,0
2023,33445,0
2024,134197,0
2025,28107,1
2026,105912,0
2027,154901,0
2028,140721,0
2029,85572,0
2030,112282,0
2031,31949,0
2032,44643,0
2033,21043,0
2034,65384,0
2035,143535,0
2036,118580,1
2037,33256,0
2038,163427,0
2039,160673,0
2040,21907,0
2041,59896,0
2042,23401,0
2043,44277,0
2044,33763,0
2045,112670,0
2046,83444,0
2047,125272,1
2048,66089,0
2049,144800,0
2050,145466,0
2051,2724,0
2052,33113,0
2053,155988,0
2054,55543,0
2055,145138,0
2056,19644,1
2057,74059,0
2058,152877,0
2059,160945,0
2060,147003,0
2061,130933,0
2062,152615,0
2063,35765,1
2064,95015,0
2065,21534,0
2066,5187,0
2067,75217,0
2068,83021,0
2069,4227,1
2070,36898,1
2071,113699,1
2072,16877,0
2073,151832,0
2074,125342,0
2075,16583,0
2076,68752,0
2077,5258,0
2078,88235,1
2079,74878,0
2080,139493,1
2081,127466,0
2082,157777,0
2083,1166,0
2084,98725,0
2085,40890,0
2086,53898,0
2087,13444,1
2088,65644,0
2089,59730,0
2090,75150,0
2091,115637,0
2092,100259,0
2093,47233,0
2094,120172,0
2095,95363,0
2096,119945,0
2097,106413,0
2098,31054,0
2099,64685,0
2100,19998,0
2101,14750,0
2102,72896,0
2103,71591,1
2104,146683,0
2105,85021,0
2106,54888,0
2107,41405,0
2108,144124,0
2109,105887,0
2110,113156,1
2111,57790,0
2112,58087,0
2113,94022,1
2114,33742,0
2115,135073,0
2116,139392,0
2117,7556,0
2118,130748,1
2119,126297,0
2120,119199,0
2121,3985,1
2122,48870,0
2123,93353,0
2124,88238,0
2125,151328,0
2126,105402,0
2127,69943,1
2128,90353,1
2129,69600,0
2130,44455,0
2131,50448,0
2132,53927,0
2133,156541,1
2134,25047,0
2135,155852,0
2136,85749,1
2137,162384,0
2138,88335,0
2139,4067,0
2140,76780,0
2141,41732,0
2142,132690,0
2143,85435,0
2144,7648,0
2145,76081,0
2146,104531,1
2147,37672,0
2148,31398,0
2149,73632,0
2150,62690,1
2151,109272,0
2152,151531,0
2153,7059,0
2154,31890,0
2155,10007,0
2156,27294,0
2157,33239,1
2158,130828,1
2159,100795,1
2160,70966,0
2161,149383,0
2162,76402,0
2163,99476,0
2164,95397,0
2165,150957,0
2166,74163,0
2167,161334,0
2168,117755,0
2169,64640,0
2170,21949,0
2171,101132,0
2172,152417,0
2173,74062,0
2174,79706,0
2175,114839,1
2176,11932,0
2177,107905,0
2178,157851,0
2179,17365,0
2180,85038,0
2181,78698,0
2182,79896,0
2183,116176,0
2184,104444,0
2185,103950,0
2186,36304,0
2187,841,0
2188,22089,0
2189,140365,0
2190,140255,0
2191,9237,0
2192,121207,0
2193,127813,0
2194,56644,1
2195,109861,1
2196,97496,0
2197,22950,0
2198,117916,0
2199,12755,0
2200,13976,0
2201,107106,0
2202,94683,0
2203,94707,0
2204,91464,0
2205,119335,0
2206,119610,0
2207,77982,0
2208,37451,0
2209,4447,0
2210,47040,0
2211,126493,0
2212,63080,0
2213,96417,0
2214,127430,0
2215,62520,0
2216,147008,1
2217,22751,0
2218,138237,0
2219,134045,0
2220,32503,0
2221,18816,0
2222,43603,0
2223,88204,0
2224,120783,0
2225,59062,0
2226,90085,0
2227,150393,0
2228,48390,0
2229,139550,0
2230,164678,0
2231,155375,0
2232,19861,0
2233,4271,0
2234,93227,0
2235,85567,0
2236,27253,0
2237,93480,0
2238,60018,0
2239,105812,0
2240,32750,0
2241,60152,1
2242,133341,0
2243,11487,0
2244,153536,0
2245,51083,0
2246,39552,1
2247,76387,0
2248,120937,0
2249,25545,0
2250,6863,0
2251,161747,1
2252,130670,0
2253,142639,0
2254,4521,0
2255,80314,0
2256,156714,0
2257,122228,0
2258,79201,0
2259,138804,0
2260,158001,0
2261,120881,1
2262,69498,0
2263,69018,1
2264,148474,0
2265,13834,0
2266,11202,0
2267,114741,0
2268,101456,0
2269,106914,0
2270,96970,0
2271,52691,0
2272,83831,0
2273,46917,1
2274,64663,0
2275,92786,1
2276,126656,0
2277,76982,0
2278,60359,1
2279,60278,0
2280,3294,0
2281,62201,0
2282,164248,0
2283,3726,1
2284,3490,1
2285,3798,0
2286,148067,0
2287,12141,0
2288,69783,0
2289,64603,0
2290,138302,0
2291,14053,0
2292,56255,0
2293,23856,1
2294,42121,0
2295,35802,0
2296,154158,0
2297,131673,1
2298,142068,0
2299,78176,1
2300,140480,1
2301,157158,0
2302,86689,0
2303,39519,0
2304,97844,1
2305,59108,0
2306,120708,0
2307,2491,1
2308,35454,0
2309,16750,0
2310,36622,0
2311,4921,1
2312,96483,0
2313,50570,0
2314,51564,0
2315,52515,0
2316,160166,0
2317,62879,1
2318,132954,0
2319,79808,0
2320,95824,0
2321,33003,0
2322,98508,0
2323,36298,0
2324,97144,0
2325,101960,1
2326,157036,0
2327,58226,0
2328,123837,0
2329,157594,1
2330,29343,0
2331,116509,0
2332,89008,0
2333,67090,0
2334,55398,0
2335,63146,0
2336,96265,0
2337,158022,0
2338,163758,0
2339,57258,0
2340,37656,0
2341,80627,0
2342,147650,0
2343,10372,1
2344,144044,0
2345,98043,0
2346,13503,0
2347,29562,0
2348,67492,0
2349,138571,1
2350,51034,0
2351,43498,1
2352,154408,0
2353,154948,0
2354,1894,1
2355,94772,0
2356,73633,0
2357,89240,0
2358,11504,0
2359,125680,0
2360,15477,0
2361,75874,1
2362,95252,0
2363,119846,0
2364,29115,0
2365,23824,0
2366,32651,0
2367,46031,0
2368,156037,0
2369,133745,0
2370,157664,0
2371,89354,1
2372,35528,0
2373,131389,0
2374,160597,1
2375,76927,0
2376,112729,0
2377,44570,0
2378,77162,0
2379,136553,0
2380,144592,0
2381,150391,0
2382,76040,0
2383,73869,0
2384,98545,0
2385,139281,0
2386,158797,0
2387,17999,0
2388,142614,0
2389,440,0
2390,41718,0
2391,46994,0
2392,69310,0
2393,129401,0
2394,78397,0
2395,13227,0
2396,51072,0
2397,11603,1
2398,104644,0
2399,102330,0
2400,74270,0
2401,64040,0
2402,9913,0
2403,96790,0
2404,30171,0
2405,22016,1
2406,78616,0
2407,48585,0
2408,75500,0
2409,18915,0
2410,12661,0
2411,42878,0
2412,105169,0
2413,27308,0
2414,61399,0
2415,16480,1
2416,109055,0
2417,113105,0
2418,143358,0
2419,118626,1
2420,38455,0
2421,148502,0
2422,80796,0
2423,131878,0
2424,78070,0
2425,23406,0
2426,6188,0
2427,117953,0
2428,158892,0
2429,107128,0
2430,20873,0
2431,11951,0
2432,104993,0
2433,3739,0
2434,80847,0
2435,42031,0
2436,2130,1
2437,32201,0
2438,132456,0
2439,46632,0
2440,105519,0
2441,34317,1
2442,83759,0
2443,125878,0
2444,29512,0
2445,20122,0
2446,32169,0
2447,122260,0
2448,80787,1
2449,83332,0
2450,21017,0
2451,52826,0
2452,156848,0
2453,146492,0
2454,63907,0
2455,46338,0
2456,155544,0
2457,132390,0
2458,35749,0
2459,15923,0
2460,26058,0
2461,97990,0
2462,108445,0
2463,158453,0
2464,1485,0
2465,94646,0
2466,31965,1
2467,52395,0
2468,72371,0
2469,54946,0
2470,155695,0
2471,45132,0
2472,141792,0
2473,63359,0
2474,96822,0
2475,154029,0
2476,2561,0
2477,84333,0
2478,77115,1
2479,44782,0
2480,57641,0
2481,75382,0
2482,122206,0
2483,149397,0
2484,113492,0
2485,77445,0
2486,20621,0
2487,4306,0
2488,68351,0
2489,140961,1
2490,37537,0
2491,153299,0
2492,54702,0
2493,148740,0
2494,106286,0
2495,93321,0
2496,13443,1
2497,150080,0
2498,88243,0
2499,116312,0
2500,112923,0
2501,44601,0
2502,83768,0
2503,59750,0
2504,120851,1
2505,35668,1
2506,34152,0
2507,45154,1
2508,12672,0
2509,57437,0
2510,105729,0
2511,150523,0
2512,128374,1
2513,40279,0
2514,2275,1
2515,91060,0
2516,129460,0
2517,152898,0
2518,113858,0
2519,78041,0
2520,13904,0
2521,44087,0
2522,77170,0
2523,116869,0
2524,32551,0
2525,131589,0
2526,54634,1
2527,4376,0
2528,8640,0
2529,47618,0
2530,71484,0
2531,86070,1
2532,11706,0
2533,77753,0
2534,47139,0
2535,13917,0
2536,163937,0
2537,49099,0
2538,127974,0
2539,134533,0
2540,149276,1
2541,66246,0
2542,94978,0
2543,60375,1
2544,161434,0
2545,126431,0
2546,87788,0
2547,98346,0
2548,111948,1
2549,32354,0
2550,55617,0
2551,105137,0
2552,112544,0
2553,8225,0
2554,151707,0
2555,68050,0
2556,134765,0
2557,68363,0
2558,107088,0
2559,119823,0
2560,41882,0
2561,62023,0
2562,154900,0
2563,150262,0
2564,84871,0
2565,42127,0
2566,48261,0
2567,105548,1
2568,159025,0
2569,29225,0
2570,140002,0
2571,82661,0
2572,132432,0
2573,31600,0
2574,102816,0
2575,116141,0
2576,56524,0
2577,148298,0
2578,125613,0
2579,82834,0
2580,116174,0
2581,93073,0
2582,35736,1
2583,92512,0
2584,135979,0
2585,72156,0
2586,114525,1
2587,155551,0
2588,86127,0
2589,74767,0
2590,146192,0
2591,123998,0
2592,140007,0
2593,102971,0
2594,1372,0
2595,101151,0
2596,45243,0
2597,20676,1
2598,82198,0
2599,31935,0
2600,2295,1
2601,91025,0
2602,120803,0
2603,49593,0
2604,68239,0
2605,142081,0
2606,98348,0
2607,140345,0
2608,7171,1
2609,74600,0
2610,19954,0
2611,82851,0
2612,149719,0
2613,42469,0
2614,127935,0
2615,75926,0
2616,23114,0
2617,40488,0
2618,39150,0
2619,96039,1
2620,138045,0
2621,13536,0
2622,24057,0
2623,15941,0
2624,47269,0
2625,131350,1
2626,108233,0
2627,60918,0
2628,121418,0
2629,20054,0
2630,78937,0
2631,69152,0
2632,155949,0
2633,15269,1
2634,126254,0
2635,11378,0
2636,100067,1
2637,98254,0
2638,107659,0
2639,102848,1
2640,161912,0
2641,12868,0
2642,106295,0
2643,114314,1
2644,45139,0
2645,163524,0
2646,135440,0
2647,113304,0
2648,1424,0
2649,151824,0
2650,10739,0
2651,48592,0
2652,157145,0
2653,25216,0
2654,141644,0
2655,103655,0
2656,130616,1
2657,104242,0
2658,148544,0
2659,54656,0
2660,69855,0
2661,47589,0
2662,115620,0
2663,141810,1
2664,18046,0
2665,16361,0
2666,126808,0
2667,58413,0
2668,155014,0
2669,154485,1
2670,44063,0
2671,124342,0
2672,55863,0
2673,22179,0
2674,88430,0
2675,118897,0
2676,110862,0
2677,82905,0
2678,21619,1
2679,105730,0
2680,52590,0
2681,150374,0
2682,118911,0
2683,69255,1
2684,129476,0
2685,92800,0
2686,162401,0
2687,145297,0
2688,71123,0
2689,41359,0
2690,48411,0
2691,155060,1
2692,125139,1
2693,129396,0
2694,7659,0
2695,127934,0
2696,20562,0
2697,154865,1
2698,141846,0
2699,124060,1
2700,59964,0
2701,77741,0
2702,4516,0
2703,157603,0
2704,120565,0
2705,110154,0
2706,110066,0
2707,107064,0
2708,129595,1
2709,55948,0
2710,95539,0
2711,28096,0
2712,103721,0
2713,101019,0
2714,132628,0
2715,130065,0
2716,119451,0
2717,109046,0
2718,68699,0
2719,72993,1
2720,54284,0
2721,154645,1
2722,48035,0
2723,84231,0
2724,110366,1
2725,11448,1
2726,36918,0
2727,70040,0
2728,48785,0
2729,55037,0
2730,132511,1
2731,164704,0
2732,102959,0
2733,124307,0
2734,104165,0
2735,127250,0
2736,39116,0
2737,133528,0
2738,85369,1
2739,3125,0
2740,39363,0
2741,138313,0
2742,105578,0
2743,68101,0
2744,140209,0
2745,79873,0
2746,134102,0
2747,69661,0
2748,86330,0
2749,163293,1
2750,59547,0
2751,47788,0
2752,133037,0
2753,34656,0
2754,51620,0
2755,34393,0
2756,30876,0
2757,123694,1
2758,42273,1
2759,130375,0
2760,36743,0
2761,123680,0
2762,74158,1
2763,20470,0
2764,53961,0
2765,62142,1
2766,82480,1
2767,74597,0
2768,129494,0
2769,68443,0
2770,84337,0
2771,66109,0
2772,88411,1
2773,3914,0
2774,90229,0
2775,75862,0
2776,105677,0
2777,86835,1
2778,164493,1
2779,106485,0
2780,47174,0
2781,115240,0
2782,97780,0
2783,162197,1
2784,131306,0
2785,142533,0
2786,48333,0
2787,107680,0
2788,38800,0
2789,44077,0
2790,44412,0
2791,22066,0
2792,15054,0
2793,28618,0
2794,120515,0
2795,29322,1
2796,78118,0
2797,130637,0
2798,111683,0
2799,163984,0
2800,16753,0
2801,37015,0
2802,72144,1
2803,53129,0
2804,119596,0
2805,40816,0
2806,123925,0
2807,66955,0
2808,73271,1
2809,84040,0
2810,116559,0
2811,37020,0
2812,84026,1
2813,32386,0
2814,49237,0
2815,97163,1
2816,51371,1
2817,34664,0
2818,59224,0
2819,83472,0
2820,83280,0
2821,117216,0
2822,36576,0
2823,8348,0
2824,47580,0
2825,26965,0
2826,138512,0
2827,40376,0
2828,139782,0
2829,109121,1
2830,100936,0
2831,14626,0
2832,75463,1
2833,109942,0
2834,82330,0
2835,3560,0
2836,71228,0
2837,52220,0
2838,130024,0
2839,38026,1
2840,129932,0
2841,86087,0
2842,161406,0
2843,67613,1
2844,105112,0
2845,70327,1
2846,107546,0
2847,71876,0
2848,153811,0
2849,10036,0
2850,31363,0
2851,3416,0
2852,109629,0
2853,67652,0
2854,153542,0
2855,110358,0
2856,65188,0
2857,119826,0
2858,19587,0
2859,124043,0
2860,75817,1
2861,144414,0
2862,141673,0
2863,67869,1
2864,140270,0
2865,129543,0
2866,96799,0
2867,117103,0
2868,157840,0
2869,848,0
2870,123965,0
2871,12646,0
2872,161253,0
2873,64532,1
2874,151893,0
2875,158952,0
2876,69886,0
2877,44692,0
2878,157522,1
2879,47505,0
2880,84121,0
2881,55800,0
2882,123085,0
2883,106638,0
2884,47378,1
2885,20647,0
2886,151909,0
2887,156121,0
2888,14550,0
2889,50806,1
2890,139575,1
2891,82778,0
2892,22625,0
2893,32977,0
2894,93381,0
2895,132093,0
2896,157886,0
2897,24861,0
2898,77571,0
2899,126259,0
2900,100281,0
2901,28881,0
2902,141040,0
2903,164910,0
2904,7650,0
2905,81730,1
2906,134412,0
2907,88525,0
2908,101583,1
2909,28237,0
2910,26196,0
2911,58079,0
2912,155251,0
2913,6811,0
2914,44973,0
2915,107529,0
2916,34857,0
2917,136025,1
2918,47717,0
2919,42375,0
2920,36804,0
2921,50919,0
2922,13203,0
2923,80688,0
2924,83489,0
2925,54451,0
2926,10995,0
2927,136521,0
2928,133844,1
2929,88432,0
2930,144133,0
2931,106853,0
2932,45210,1
2933,112151,0
2934,136186,0
2935,68086,0
2936,33624,0
2937,141351,0
2938,113310,0
2939,33093,0
2940,6007,0
2941,159419,0
2942,84022,0
2943,99492,0
2944,61464,0
2945,119502,0
2946,16298,0
2947,103012,0
2948,77061,0
2949,28423,1
2950,37423,0
2951,19653,0
2952,48474,0
2953,115698,0
2954,90657,0
2955,154951,0
2956,77698,0
2957,85112,1
2958,154799,0
2959,118398,0
2960,97473,1
2961,98272,0
2962,119924,0
2963,16542,0
2964,98740,0
2965,164031,0
2966,108759,0
2967,68440,0
2968,9850,0
2969,143239,1
2970,40103,0
2971,99171,0
2972,29357,1
2973,81978,0
2974,27751,0
2975,99817,0
2976,140118,0
2977,131248,0
2978,48449,1
2979,137011,0
2980,63386,0
2981,11076,0
2982,15980,1
2983,57270,1
2984,10317,0
2985,17754,0
2986,12875,0
2987,150034,0
2988,47446,0
2989,100038,0
2990,76851,1
2991,144509,1
2992,86616,1
2993,136915,0
2994,127609,0
2995,59480,0
2996,43138,0
2997,162765,0
2998,153637,0
2999,98807,0
3000,3868,0
3001,48360,0
3002,27611,0
3003,141543,0
3004,68055,0
3005,15098,1
3006,147719,0
3007,49879,1
3008,16952,0
3009,150133,0
3010,145530,0
3011,55124,0
3012,107056,0
3013,125470,0
3014,21416,1
3015,125673,0
3016,123138,0
3017,2293,1
3018,15447,0
3019,78443,0
3020,43740,1
3021,10625,0
3022,138720,0
3023,72707,0
3024,114865,0
3025,164742,0
3026,153583,0
3027,96079,0
3028,64311,0
3029,30582,0
3030,62162,0
3031,4673,0
3032,101226,0
3033,28406,0
3034,102760,1
3035,81450,1
3036,56478,1
3037,98036,0
3038,137353,0
3039,159395,0
3040,125216,0
3041,114519,0
3042,16885,0
3043,136246,0
3044,163529,0
3045,17728,0
3046,152262,0
3047,127647,0
3048,62027,1
3049,57210,0
3050,120262,1
3051,106118,0
3052,148795,0
3053,146238,0
3054,80760,1
3055,120389,0
3056,58210,0
3057,65651,0
3058,163981,0
3059,73447,0
3060,137785,0
3061,30091,0
3062,98143,0
3063,33360,0
3064,47686,0
3065,141865,0
3066,154123,0
3067,137034,1
3068,72268,0
3069,45083,0
3070,124331,0
3071,70636,0
3072,152267,0
3073,131410,0
3074,17722,0
3075,122184,1
3076,90591,0
3077,9983,0
3078,76737,0
3079,94785,1
3080,91152,0
3081,107758,0
3082,157768,0
3083,129618,0
3084,65811,0
3085,51019,0
3086,112762,1
3087,54844,0
3088,19724,0
3089,58003,0
3090,100060,0
3091,144120,0
3092,50785,0
3093,110664,0
3094,128048,0
3095,136149,0
3096,153564,0
3097,101863,0
3098,148657,0
3099,59680,0
3100,164296,0
3101,132494,0
3102,46273,0
3103,104807,0
3104,11939,0
3105,78522,1
3106,95578,0
3107,85705,0
3108,83092,0
3109,97141,0
3110,150997,0
3111,67268,1
3112,35492,0
3113,3499,0
3114,34539,1
3115,143005,1
3116,151946,0
3117,97291,0
3118,58060,0
3119,127370,0
3120,20462,0
3121,63110,0
3122,48710,0
3123,43089,0
3124,134349,1
3125,105405,0
3126,28513,0
3127,91217,0
3128,41655,0
3129,129468,0
3130,113552,1
3131,149631,1
3132,67147,0
3133,129496,0
3134,47169,0
3135,131662,1
3136,74521,0
3137,140479,1
3138,57392,0
3139,163979,0
3140,141682,0
3141,33728,0
3142,60899,0
3143,138310,1
3144,80121,0
3145,30806,0
3146,108842,0
3147,147725,0
3148,104754,0
3149,164938,0
3150,61494,1
3151,112724,0
3152,44165,0
3153,118091,0
3154,87007,0
3155,142546,0
3156,125387,0
3157,75692,1
3158,80511,0
3159,1971,0
3160,118733,0
3161,44042,0
3162,143540,0
3163,66588,1
3164,38996,0
3165,163085,0
3166,52680,0
3167,10063,0
3168,88548,0
3169,12416,1
3170,39310,0
3171,144694,0
3172,122917,0
3173,39220,0
3174,50466,0
3175,45712,1
3176,47568,1
3177,29927,0
3178,127804,0
3179,21399,0
3180,140658,0
3181,96220,0
3182,106276,0
3183,136714,0
3184,20827,0
3185,64799,0
3186,105990,0
3187,57318,0
3188,137646,1
3189,161086,1
3190,77957,0
3191,92945,1
3192,100718,0
3193,26353,0
3194,149194,0
3195,29326,0
3196,120924,0
3197,117873,0
3198,134840,0
3199,163559,0
3200,8071,0
3201,110150,0
3202,129614,1
3203,108219,0
3204,25006,1
3205,4475,0
3206,12152,0
3207,104917,1
3208,59828,0
3209,161048,0
3210,100577,1
3211,142802,0
3212,9545,0
3213,151725,0
3214,26141,0
3215,77867,1
3216,162403,0
3217,9613,0
3218,2870,0
3219,44221,0
3220,25207,1
3221,109957,0
3222,112952,0
3223,22545,0
3224,59014,0
3225,75799,1
3226,60808,0
3227,123521,1
3228,100638,0
3229,107141,0
3230,161138,0
3231,163797,0
3232,46229,0
3233,76218,0
3234,160874,0
3235,7825,0
3236,35873,0
3237,108556,0
3238,58000,0
3239,138475,0
3240,81819,0
3241,12995,0
3242,93015,0
3243,89123,0
3244,4552,0
3245,83662,0
3246,102128,0
3247,28254,0
3248,95883,0
3249,135259,0
3250,77010,0
3251,156650,0
3252,109960,0
3253,43014,0
3254,124190,0
3255,110570,0
3256,106012,1
3257,60071,0
3258,38396,0
3259,16532,1
3260,4355,0
3261,140680,0
3262,79741,0
3263,103153,1
3264,102089,0
3265,132194,0
3266,25753,0
3267,16571,0
3268,59639,1
3269,58675,1
3270,137461,0
3271,39595,0
3272,3358,0
3273,142343,0
3274,13500,0
3275,76475,0
3276,113749,0
3277,77697,0
3278,102124,0
3279,35758,0
3280,129781,1
3281,22395,0
3282,20650,0
3283,133360,0
3284,78957,0
3285,121628,0
3286,56704,0
3287,21978,1
3288,63704,0
3289,12908,0
3290,10862,0
3291,132533,0
3292,45951,0
3293,116699,1
3294,82952,0
3295,17114,0
3296,58594,0
3297,134864,1
3298,23880,0
3299,94702,0
3300,115218,0
3301,164396,0
3302,152285,0
3303,62348,0
3304,112344,0
3305,6607,0
3306,152625,0
3307,18364,0
3308,82437,0
3309,29471,1
3310,126211,0
3311,28650,0
3312,30938,1
3313,80561,0
3314,124258,0
3315,47237,0
3316,77150,0
3317,129740,0
3318,146940,1
3319,24989,0
3320,163838,0
3321,160871,0
3322,39181,0
3323,8936,0
3324,136778,0
3325,46837,0
3326,365,0
3327,81040,0
3328,163357,0
3329,132385,0
3330,76925,0
3331,151251,0
3332,64041,0
3333,45441,1
3334,5320,0
3335,24964,1
3336,50991,0
3337,117856,0
3338,134081,0
3339,55577,1
3340,115574,0
3341,158229,1
3342,21550,0
3343,25344,1
3344,27205,0
3345,95715,1
3346,98544,0
3347,29847,0
3348,44334,0
3349,37686,0
3350,104250,0
3351,37758,1
3352,160342,1
3353,105096,0
3354,80860,0
3355,89114,0
3356,43334,0
3357,116130,0
3358,124440,0
3359,114956,1
3360,96281,0
3361,57993,0
3362,109808,0
3363,52751,0
3364,66851,0
3365,130286,0
3366,7643,0
3367,12947,0
3368,96459,0
3369,135842,0
3370,98759,0
3371,163634,1
3372,52000,0
3373,55255,0
3374,23589,0
3375,53056,0
3376,112518,0
3377,70907,0
3378,53450,0
3379,137421,0
3380,450,0
3381,44034,0
3382,31272,0
3383,161868,0
3384,64800,0
3385,94775,0
3386,142394,0
3387,77966,0
3388,79570,0
3389,150174,0
3390,63489,0
3391,12002,0
3392,137346,0
3393,60305,0
3394,16067,1
3395,145940,0
3396,106006,0
3397,70975,0
3398,89280,0
3399,1297,0
3400,71276,0
3401,89865,1
3402,9432,0
3403,93828,0
3404,24045,0
3405,116650,0
3406,94232,0
3407,46734,1
3408,5381,0
3409,137180,1
3410,77104,0
3411,75392,0
3412,56732,0
3413,152042,0
3414,156576,0
3415,23168,0
3416,16103,0
3417,128380,0
3418,97125,0
3419,98165,0
3420,159213,0
3421,113964,0
3422,116928,0
3423,137939,0
3424,134525,0
3425,22119,0
3426,100427,0
3427,134659,0
3428,73238,0
3429,95993,0
3430,12776,0
3431,40124,1
3432,148938,0
3433,47625,0
3434,78672,1
3435,120370,0
3436,127101,0
3437,25561,0
3438,79799,0
3439,41869,0
3440,143174,0
3441,164511,0
3442,99883,0
3443,80904,0
3444,118817,0
3445,118039,0
3446,55007,0
3447,106116,0
3448,120017,0
3449,25057,0
3450,15244,0
3451,64588,0
3452,146663,1
3453,24854,0
3454,97627,0
3455,108525,0
3456,53992,0
3457,10035,0
3458,95063,0
3459,90433,0
3460,137061,0
3461,142900,0
3462,70353,0
3463,110778,1
3464,48919,0
3465,151242,0
3466,107328,0
3467,5739,0
3468,102774,0
3469,49873,0
3470,96410,0
3471,29255,0
3472,61268,0
3473,57468,1
3474,18122,0
3475,120067,0
3476,51899,0
3477,35951,0
3478,83261,0
3479,94883,1
3480,72525,1
3481,54321,0
3482,108479,0
3483,101046,0
3484,79918,0
3485,162507,0
3486,12694,0
3487,20232,0
3488,32978,0
3489,78991,0
3490,148231,0
3491,114165,0
3492,109883,0
3493,132772,0
3494,103931,0
3495,132700,0
3496,131989,0
3497,163899,0
3498,124128,0
3499,42930,1
3500,163516,0
3501,38695,0
3502,64039,0
3503,59669,0
3504,51522,0
3505,157056,0
3506,93122,0
3507,17235,0
3508,81403,0
3509,46088,0
3510,42194,0
3511,35660,1
3512,63122,0
3513,112864,0
3514,41281,0
3515,21355,1
3516,33887,1
3517,57909,1
3518,116949,0
3519,129575,0
3520,69315,0
3521,7389,0
3522,98118,0
3523,71069,0
3524,160291,0
3525,143716,0
3526,163159,1
3527,13139,0
3528,126735,1
3529,9708,0
3530,125695,0
3531,60464,0
3532,112176,1
3533,107828,1
3534,136816,0
3535,27374,0
3536,132313,0
3537,30998,0
3538,19317,1
3539,75766,1
3540,127421,0
3541,26584,1
3542,25842,0
3543,73120,0
3544,7072,0
3545,91115,0
3546,161898,0
3547,140612,0
3548,153526,0
3549,40071,0
3550,89000,0
3551,139150,0
3552,77954,0
3553,23554,0
3554,134442,1
3555,4234,0
3556,23922,0
3557,90924,0
3558,4095,0
3559,62691,0
3560,126516,0
3561,76039,1
3562,38812,0
3563,33942,0
3564,42800,0
3565,1882,0
3566,152590,1
3567,164567,0
3568,105624,0
3569,76756,1
3570,106248,0
3571,19229,0
3572,147575,0
3573,56635,0
3574,36750,0
3575,104201,0
3576,132841,0
3577,155212,1
3578,84469,0
3579,35168,0
3580,71137,0
3581,6464,0
3582,7891,0
3583,110022,1
3584,159993,0
3585,91694,0
3586,66636,0
3587,29186,0
3588,115414,0
3589,57633,0
3590,140601,0
3591,90188,0
3592,104859,0
3593,74844,0
3594,63514,0
3595,85637,0
3596,32682,0
3597,161298,0
3598,59890,0
3599,48926,1
3600,40819,1
3601,134199,0
3602,2361,0
3603,3885,0
3604,52878,0
3605,115776,0
3606,134808,0
3607,68128,0
3608,81976,0
3609,102658,1
3610,132925,0
3611,92389,0
3612,102719,1
3613,16329,0
3614,138200,0
3615,11356,0
3616,56254,0
3617,94971,0
3618,71858,1
3619,96922,1
3620,24220,0
3621,11836,0
3622,3631,0
3623,23087,0
3624,33480,0
3625,127334,0
3626,149876,0
3627,59923,0
3628,150870,1
3629,16757,0
3630,70123,0
3631,13556,1
3632,49625,0
3633,3785,0
3634,161923,0
3635,71386,0
3636,27049,0
3637,158149,0
3638,62526,0
3639,72783,0
3640,54667,0
3641,41377,1
3642,20602,0
3643,61219,0
3644,112750,0
3645,106932,0
3646,59204,0
3647,98910,0
3648,145433,0
3649,30592,0
3650,808,0
3651,6151,0
3652,75623,0
3653,95488,1
3654,107157,1
3655,102130,0
3656,12078,1
3657,118677,0
3658,100629,0
3659,102384,0
3660,45600,0
3661,135075,0
3662,138477,0
3663,21551,0
3664,33066,1
3665,120552,0
3666,2533,0
3667,118337,0
3668,85650,0
3669,106851,1
3670,72890,0
3671,162924,0
3672,88554,1
3673,41325,0
3674,161300,0
3675,127612,0
3676,92455,0
3677,159695,0
3678,38999,0
3679,113352,0
3680,73152,0
3681,146533,0
3682,132644,0
3683,105192,0
3684,72624,0
3685,138163,0
3686,40714,0
3687,149236,0
3688,60397,0
3689,102978,0
3690,73049,0
3691,122552,0
3692,26758,0
3693,153574,1
3694,120957,0
3695,140152,0
3696,138365,0
3697,26220,1
3698,61981,0
3699,102362,0
3700,1278,1
3701,151194,0
3702,120255,1
3703,75484,1
3704,58798,1
3705,8761,0
3706,138376,0
3707,122766,0
3708,89911,0
3709,64626,0
3710,27409,0
3711,19386,0
3712,84151,0
3713,63893,0
3714,108725,0
3715,101011,0
3716,34011,0
3717,33384,0
3718,31351,0
3719,163512,0
3720,54453,0
3721,79289,0
3722,31292,0
3723,155283,0
3724,45388,0
3725,29876,0
3726,125568,0
3727,9070,0
3728,37539,0
3729,98442,0
3730,126733,0
3731,155775,1
3732,124825,1
3733,80267,0
3734,15599,0
3735,108054,1
3736,43989,0
3737,61022,0
3738,17700,0
3739,26320,0
3740,30282,1
3741,24182,0
3742,161492,0
3743,113344,0
3744,83829,0
3745,38206,1
3746,20979,0
3747,82387,0
3748,68851,0
3749,82067,1
3750,111323,0
3751,70336,0
3752,57964,0
3753,118258,1
3754,28231,0
3755,154641,0
3756,93314,0
3757,2297,0
3758,21817,0
3759,133791,0
3760,83067,1
3761,5318,0
3762,133348,0
3763,133268,0
3764,89688,1
3765,147798,0
3766,150584,0
3767,100580,1
3768,88006,1
3769,42702,0
3770,48924,0
3771,56222,0
3772,24170,0
3773,77058,1
3774,84933,0
3775,102007,0
3776,134761,0
3777,73411,0
3778,92988,0
3779,78546,0
3780,122188,0
3781,57341,0
3782,132789,0
3783,145929,0
3784,124245,0
3785,59542,0
3786,58618,0
3787,7400,0
3788,99304,0
3789,44185,0
3790,59674,1
3791,139315,0
3792,3419,0
3793,162088,0
3794,132565,0
3795,96689,0
3796,101594,0
3797,108801,0
3798,43658,0
3799,125207,0
3800,124571,0
3801,136539,1
3802,30403,0
3803,144305,0
3804,50905,0
3805,69281,0
3806,107661,0
3807,51361,0
3808,5613,0
3809,17027,0
3810,60526,1
3811,125051,1
3812,148517,0
3813,17334,0
3814,27846,0
3815,77415,0
3816,106969,0
3817,86057,0
3818,2781,0
3819,89406,0
3820,3486,1
3821,155599,0
3822,104600,0
3823,11745,1
3824,14129,0
3825,115169,0
3826,114405,0
3827,152001,0
3828,33691,0
3829,128985,0
3830,105155,0
3831,21688,0
3832,152125,0
3833,102106,0
3834,11053,0
3835,99850,0
3836,42216,0
3837,43229,0
3838,148744,0
3839,10993,0
3840,44445,0
3841,21428,0
3842,62730,0
3843,88707,0
3844,52605,0
3845,109182,0
3846,48263,0
3847,63492,0
3848,18485,0
3849,83322,0
3850,117244,0
3851,154689,0
3852,80757,0
3853,36719,0
3854,113435,1
3855,161682,0
3856,115715,0
3857,20017,0
3858,157221,0
3859,38387,1
3860,104402,0
3861,108405,0
3862,64488,0
3863,44632,0
3864,135746,0
3865,61472,0
3866,18040,0
3867,49450,0
3868,52837,0
3869,137935,1
3870,100491,1
3871,84488,1
3872,19600,0
3873,121869,0
3874,135610,1
3875,60140,1
3876,90481,1
3877,39107,1
3878,6642,0
3879,158138,1
3880,1600,0
3881,138068,0
3882,14652,0
3883,58169,0
3884,149378,0
3885,8046,0
3886,34628,0
3887,85548,0
3888,36002,1
3889,154576,0
3890,148779,1
3891,107300,0
3892,153332,1
3893,123860,0
3894,14179,0
3895,130755,0
3896,61731,1
3897,2107,0
3898,965,0
3899,81777,1
3900,14917,1
3901,62271,0
3902,103344,1
3903,151097,0
3904,131832,0
3905,110058,0
3906,65821,0
3907,68584,0
3908,19351,0
3909,110475,0
3910,28889,1
3911,95059,1
3912,141550,0
3913,102340,0
3914,77085,0
3915,5281,1
3916,127368,1
3917,73444,0
3918,151095,0
3919,152553,1
3920,78249,0
3921,98055,0
3922,106922,0
3923,129789,0
3924,50848,0
3925,142976,0
3926,1782,1
3927,117252,0
3928,92907,0
3929,108451,0
3930,73524,0
3931,87138,0
3932,118256,0
3933,105522,0
3934,108275,1
3935,68103,0
3936,143771,0
3937,74935,0
3938,36626,0
3939,110323,0
3940,63852,0
3941,65036,0
3942,66928,0
3943,66572,0
3944,97977,0
3945,63894,0
3946,133928,0
3947,131667,0
3948,57716,0
3949,104395,1
3950,29936,1
3951,31607,0
3952,66187,0
3953,112485,0
3954,123165,1
3955,115587,0
3956,140022,0
3957,59443,0
3958,17388,0
3959,46935,0
3960,97322,0
3961,81642,0
3962,91822,0
3963,154854,0
3964,131660,0
3965,6834,0
3966,136331,0
3967,155960,0
3968,130761,0
3969,144987,0
3970,10086,0
3971,114139,0
3972,32832,0
3973,17738,0
3974,34303,0
3975,37316,1
3976,39386,0
3977,83411,0
3978,63102,0
3979,37179,1
3980,97393,0
3981,99555,0
3982,49901,0
3983,28535,0
3984,53811,0
3985,47823,0
3986,74717,0
3987,52406,1
3988,17356,0
3989,113414,0
3990,3473,0
3991,106422,0
3992,106000,0
3993,120919,0
3994,76650,0
3995,32582,0
3996,10458,0
3997,560,0
3998,33758,0
3999,57553,0
4000,92877,0
4001,101270,0
4002,59742,0
4003,20170,0
4004,158216,1
4005,141503,0
4006,2853,0
4007,67894,0
4008,33484,0
4009,94339,0
4010,84389,1
4011,99079,0
4012,3768,1
4013,77410,0
4014,127633,0
4015,40387,0
4016,49428,1
4017,106304,0
4018,88985,0
4019,3724,0
4020,161125,0
4021,75988,0
4022,92844,0
4023,9874,0
4024,35366,0
4025,122040,0
4026,84969,0
4027,29006,0
4028,68371,1
4029,85673,0
4030,163594,0
4031,30327,0
4032,55962,0
4033,38844,0
4034,74813,0
4035,134486,1
4036,62150,1
4037,146203,1
4038,67668,1
4039,148401,1
4040,71355,1
4041,13654,0
4042,67673,0
4043,60408,0
4044,75445,0
4045,51081,0
4046,49819,1
4047,27290,0
4048,54442,1
4049,50644,1
4050,75680,0
4051,143323,0
4052,33892,0
4053,37161,0
4054,67608,0
4055,118301,0
4056,6680,0
4057,89115,0
4058,302,0
4059,89565,0
4060,125258,1
4061,149187,0
4062,95586,0
4063,78669,0
4064,51129,0
4065,57337,0
4066,11430,0
4067,85102,0
4068,106366,0
4069,3997,0
4070,2362,0
4071,40136,0
4072,134521,0
4073,75693,0
4074,77194,0
4075,47957,0
4076,26357,0
4077,148625,0
4078,138244,0
4079,75918,0
4080,92626,0
4081,124546,0
4082,144056,0
4083,83480,0
4084,40198,0
4085,109907,0
4086,132854,1
4087,122183,0
4088,79532,1
4089,143449,0
4090,75923,0
4091,102464,0
4092,16743,0
4093,99235,0
4094,39240,0
4095,115066,0
4096,88183,0
4097,153419,0
4098,32396,0
4099,58031,1
4100,52816,0
4101,59533,0
4102,133324,1
4103,52089,0
4104,97292,0
4105,97764,0
4106,136211,0
4107,112630,0
4108,135091,1
4109,68807,0
4110,157160,0
4111,160853,0
4112,41064,0
4113,141520,0
4114,164135,0
4115,33562,0
4116,55582,0
4117,115556,0
4118,46638,0
4119,124525,0
4120,85676,0
4121,71223,0
4122,93985,0
4123,39736,0
4124,49008,0
4125,78204,0
4126,104318,0
4127,49486,0
4128,89709,0
4129,81786,0
4130,113513,1
4131,91337,0
4132,142326,0
4133,7881,0
4134,2666,0
4135,16013,0
4136,162331,0
4137,102104,0
4138,69580,0
4139,61817,0
4140,80677,0
4141,111590,1
4142,138216,0
4143,133165,0
4144,50985,0
4145,162159,0
4146,97330,0
4147,160733,0
4148,8785,0
4149,15062,0
4150,90248,0
4151,84580,0
4152,16052,0
4153,72697,0
4154,90640,1
4155,51862,0
4156,93290,0
4157,160543,0
4158,156671,0
4159,81509,0
4160,92710,1
4161,90220,0
4162,101454,0
4163,46353,1
4164,135624,1
4165,143893,0
4166,55653,0
4167,150014,0
4168,20716,0
4169,125238,0
4170,14839,0
4171,148208,0
4172,157469,1
4173,111024,0
4174,14948,0
4175,146174,0
4176,97217,0
4177,4814,0
4178,109828,0
4179,39071,0
4180,16612,1
4181,160850,0
4182,132795,0
4183,58337,1
4184,93885,0
4185,118519,1
4186,56096,0
4187,67826,0
4188,88835,1
4189,37355,0
4190,124519,0
4191,136451,0
4192,51879,1
4193,22479,0
4194,72443,0
4195,8340,0
4196,33507,0
4197,98136,0
4198,146760,0
4199,38549,0
4200,41062,0
4201,136327,0
4202,102395,0
4203,93130,0
4204,54680,0
4205,144212,0
4206,133107,1
4207,141871,0
4208,147654,0
4209,164090,0
4210,162592,0
4211,19737,0
4212,92492,1
4213,78143,0
4214,130379,0
4215,52314,0
4216,139572,0
4217,37825,0
4218,130284,0
4219,160000,0
4220,124782,0
4221,149061,0
4222,149184,0
4223,162320,0
4224,25115,1
4225,121351,0
4226,77551,0
4227,22987,0
4228,54223,0
4229,100414,0
4230,57643,1
4231,83755,1
4232,139646,0
4233,2379,0
4234,38470,1
4235,17301,0
4236,147855,0
4237,130967,0
4238,73666,0
4239,136723,0
4240,144546,1
4241,41334,0
4242,134970,0
4243,122991,0
4244,51279,0
4245,74690,0
4246,61266,0
4247,110390,0
4248,54734,0
4249,136789,0
4250,114661,1
4251,63390,1
4252,79966,0
4253,62641,1
4254,2488,0
4255,122761,1
4256,60143,0
4257,155838,1
4258,6434,0
4259,46773,0
4260,33868,0
4261,61366,1
4262,95573,0
4263,160660,0
4264,146397,0
4265,104955,0
4266,85405,0
4267,57236,0
4268,126926,0
4269,115175,0
4270,120369,0
4271,9753,0
4272,96740,0
4273,151975,1
4274,30290,0
4275,88940,0
4276,96253,0
4277,69982,0
4278,68929,0
4279,161986,0
4280,840,0
4281,86749,0
4282,32176,0
4283,138872,1
4284,87986,0
4285,86646,0
4286,46056,1
4287,70746,0
4288,7754,1
4289,48861,0
4290,101480,0
4291,75898,0
4292,161552,0
4293,126212,0
4294,126414,0
4295,73104,0
4296,100234,0
4297,141217,0
4298,69923,0
4299,48312,0
4300,107362,0
4301,138221,0
4302,52932,0
4303,151323,0
4304,25792,1
4305,109125,0
4306,86942,0
4307,24815,0
4308,24775,0
4309,148562,0
4310,153172,0
4311,55778,0
4312,23515,0
4313,11865,1
4314,126506,0
4315,130482,1
4316,86950,0
4317,160469,0
4318,120431,0
4319,163538,0
4320,18342,0
4321,79402,0
4322,58442,0
4323,138175,0
4324,84856,0
4325,162862,0
4326,17584,0
4327,48857,1
4328,157119,1
4329,80227,0
4330,45141,0
4331,29487,0
4332,36514,1
4333,84765,0
4334,101576,0
4335,112648,0
4336,143735,1
4337,162927,1
4338,4321,1
4339,31227,1
4340,92722,0
4341,88353,0
4342,83501,0
4343,66605,0
4344,3120,0
4345,93326,0
4346,43416,0
4347,87604,0
4348,64344,0
4349,33291,0
4350,153492,0
4351,28510,1
4352,49609,0
4353,12677,1
4354,159077,0
4355,2519,0
4356,73653,0
4357,150186,0
4358,31907,1
4359,142520,0
4360,104669,0
4361,120612,0
4362,5930,0
4363,147942,0
4364,8917,1
4365,119201,0
4366,133409,0
4367,140674,0
4368,73174,0
4369,82229,0
4370,113975,1
4371,148454,0
4372,32335,0
4373,77280,0
4374,22426,0
4375,26160,0
4376,53801,0
4377,100584,0
4378,106154,0
4379,45276,0
4380,82162,0
4381,3613,0
4382,92241,0
4383,7979,0
4384,44302,0
4385,159729,0
4386,53978,0
4387,22780,1
4388,164355,0
4389,8638,0
4390,68527,0
4391,109961,0
4392,10796,1
4393,63642,1
4394,72651,0
4395,164985,0
4396,96054,1
4397,118032,0
4398,11607,0
4399,28809,0
4400,86254,0
4401,863,0
4402,33581,0
4403,159576,0
4404,153790,0
4405,160049,0
4406,67232,0
4407,17793,1
4408,41901,0
4409,50032,0
4410,115728,0
4411,94479,0
4412,57242,1
4413,141787,0
4414,106617,0
4415,131731,0
4416,77446,0
4417,75539,0
4418,150218,0
4419,6426,1
4420,46559,1
4421,45283,0
4422,102590,0
4423,25187,0
4424,139283,0
4425,118213,0
4426,77557,1
4427,42421,1
4428,32858,0
4429,43100,0
4430,22153,0
4431,61796,0
4432,52958,0
4433,124611,0
4434,158817,0
4435,92711,0
4436,73740,0
4437,105148,0
4438,8909,0
4439,80936,0
4440,111846,0
4441,3573,0
4442,93058,1
4443,99975,0
4444,117188,0
4445,12,0
4446,91506,0
4447,117627,0
4448,124299,0
4449,20841,0
4450,142675,0
4451,42518,1
4452,105218,0
4453,141837,0
4454,1112,0
4455,95756,0
4456,3858,0
4457,150510,0
4458,114569,1
4459,143396,0
4460,164706,0
4461,3793,0
4462,17612,0
4463,140757,1
4464,40417,0
4465,56226,0
4466,97279,0
4467,84963,0
4468,43962,0
4469,41708,1
4470,137937,0
4471,101655,0
4472,38573,1
4473,141969,0
4474,90893,0
4475,61669,0
4476,70320,1
4477,134114,0
4478,64560,0
4479,46995,1
4480,102995,1
4481,20502,0
4482,32338,0
4483,143357,0
4484,33940,0
4485,62837,0
4486,139118,0
4487,8662,0
4488,43290,0
4489,40808,0
4490,40821,0
4491,143298,1
4492,126583,0
4493,71879,0
4494,75768,0
4495,64776,1
4496,10924,0
4497,99351,0
4498,88715,0
4499,102818,0
4500,46510,0
4501,89120,0
4502,11015,1
4503,148545,0
4504,27704,0
4505,26154,1
4506,59391,0
4507,67901,0
4508,20037,0
4509,26677,0
4510,111105,1
4511,75751,0
4512,107232,0
4513,96881,0
4514,113991,0
4515,43699,0
4516,105698,0
4517,8999,1
4518,115005,0
4519,132333,0
4520,57189,0
4521,147423,1
4522,136517,1
4523,72975,1
4524,474,0
4525,2399,0
4526,112524,1
4527,116612,0
4528,143071,0
4529,141780,0
4530,144923,0
4531,119731,0
4532,147126,0
4533,124699,0
4534,52728,0
4535,148955,1
4536,148425,1
4537,8837,0
4538,151250,0
4539,106418,0
4540,70370,1
4541,90427,0
4542,114184,0
4543,27186,0
4544,122867,0
4545,88145,0
4546,146814,0
4547,150981,0
4548,20795,1
4549,116347,0
4550,50850,0
4551,92750,0
4552,98871,0
4553,25558,0
4554,93591,1
4555,47476,0
4556,104047,0
4557,20104,0
4558,71384,0
4559,110661,0
4560,9705,0
4561,131635,1
4562,78192,0
4563,24144,0
4564,126587,0
4565,60496,0
4566,53509,0
4567,116398,0
4568,54124,0
4569,92448,1
4570,147371,0
4571,44039,0
4572,93074,0
4573,115215,0
4574,158506,0
4575,15813,0
4576,41758,0
4577,121384,1
4578,53900,0
4579,72817,0
4580,21247,0
4581,138651,0
4582,96628,0
4583,58280,0
4584,54901,0
4585,117078,0
4586,164908,1
4587,30987,0
4588,118826,0
4589,20600,0
4590,110561,0
4591,139801,1
4592,101315,0
4593,82871,0
4594,107628,0
4595,150502,0
4596,52752,1
4597,36891,0
4598,127902,0
4599,18947,0
4600,29714,1
4601,141005,0
4602,114466,0
4603,54742,0
4604,45664,0
4605,112225,0
4606,65033,0
4607,105162,0
4608,130963,0
4609,2765,0
4610,91613,1
4611,58802,0
4612,66972,0
4613,62457,0
4614,122819,0
4615,11789,0
4616,160962,0
4617,140668,0
4618,50443,0
4619,14881,0
4620,39508,1
4621,59616,0
4622,68134,0
4623,24550,0
4624,46902,0
4625,115035,0
4626,111549,0
4627,160450,0
4628,126484,1
4629,69241,0
4630,27465,0
4631,144040,0
4632,123890,0
4633,107841,0
4634,131132,0
4635,34358,0
4636,152965,0
4637,16187,0
4638,10890,0
4639,121604,1
4640,119962,0
4641,123313,0
4642,5477,0
4643,37851,0
4644,149042,0
4645,46802,0
4646,94418,0
4647,113251,0
4648,19096,0
4649,32159,0
4650,129102,0
4651,80923,0
4652,98932,0
4653,76432,0
4654,33477,1
4655,130044,0
4656,61322,0
4657,47688,0
4658,84930,0
4659,144688,0
4660,29521,0
4661,56090,0
4662,39548,0
4663,156104,0
4664,130392,0
4665,60485,0
4666,128474,1
4667,145454,0
4668,17505,0
4669,136197,0
4670,19850,1
4671,151704,1
4672,162995,0
4673,153947,0
4674,47095,0
4675,86037,0
4676,30352,1
4677,155610,0
4678,114671,0
4679,27143,1
4680,42274,0
4681,58039,0
4682,34140,0
4683,146217,1
4684,29678,0
4685,131781,0
4686,119722,0
4687,135485,0
4688,81428,0
4689,79008,0
4690,8820,0
4691,106287,0
4692,32096,0
4693,91330,0
4694,147055,0
4695,90190,0
4696,137221,0
4697,164201,0
4698,152273,0
4699,115116,0
4700,29088,0
4701,6147,0
4702,88372,0
4703,150808,1
4704,29781,1
4705,6956,0
4706,16071,0
4707,655,0
4708,5063,0
4709,128504,0
4710,125372,0
4711,84749,0
4712,78469,0
4713,135683,0
4714,60673,1
4715,150833,0
4716,6905,0
4717,50522,0
4718,142569,0
4719,62970,0
4720,52808,0
4721,103825,1
4722,49633,0
4723,110566,0
4724,14704,1
4725,38411,0
4726,133175,1
4727,142491,0
4728,45582,0
4729,13757,0
4730,33431,0
4731,70699,0
4732,136081,0
4733,4640,0
4734,127961,0
4735,32187,0
4736,50832,1
4737,125860,0
4738,139615,1
4739,35745,0
4740,144554,0
4741,144841,0
4742,154484,0
4743,130691,0
4744,31880,0
4745,72319,0
4746,55221,0
4747,95130,0
4748,45392,0
4749,21371,0
4750,40253,0
4751,7441,0
4752,109484,0
4753,98688,0
4754,30681,0
4755,11328,0
4756,26099,0
4757,108236,0
4758,121203,0
4759,88549,0
4760,120440,0
4761,130776,0
4762,111059,0
4763,84777,0
4764,42402,0
4765,61816,0
4766,11141,0
4767,98069,0
4768,107767,0
4769,4154,0
4770,9356,0
4771,152948,0
4772,26774,0
4773,81255,0
4774,29010,0
4775,162121,0
4776,118560,1
4777,154110,0
4778,8349,0
4779,20449,0
4780,136015,0
4781,18493,0
4782,71035,0
4783,33681,0
4784,104007,0
4785,105505,0
4786,73589,0
4787,59968,0
4788,134996,0
4789,144092,0
4790,139775,0
4791,148003,0
4792,54297,1
4793,126092,0
4794,49503,0
4795,13366,1
4796,52161,0
4797,7288,0
4798,777,0
4799,58417,0
4800,71669,0
4801,22241,1
4802,79515,0
4803,143860,0
4804,163970,0
4805,127299,0
4806,81270,0
4807,128740,0
4808,63051,0
4809,17083,0
4810,137072,0
4811,96150,1
4812,51554,0
4813,137689,0
4814,128239,0
4815,149971,1
4816,21733,0
4817,138180,0
4818,142299,0
4819,123564,1
4820,75697,1
4821,5820,1
4822,63067,1
4823,89490,0
4824,133190,0
4825,125864,1
4826,126007,1
4827,69770,0
4828,96783,0
4829,157206,0
4830,42291,0
4831,153934,0
4832,47736,0
4833,158096,0
4834,146034,1
4835,26042,0
4836,110169,0
4837,89341,0
4838,96915,0
4839,107793,0
4840,131553,0
4841,30401,0
4842,33316,0
4843,85841,0
4844,58066,0
4845,138670,0
4846,24888,0
4847,151254,0
4848,123471,1
4849,163239,0
4850,38738,0
4851,55395,1
4852,130410,1
4853,100723,1
4854,119720,0
4855,120754,0
4856,98735,0
4857,122009,0
4858,157554,0
4859,49939,0
4860,138321,1
4861,18813,0
4862,137838,0
4863,3263,0
4864,60067,0
4865,34399,0
4866,94928,1
4867,63114,1
4868,56701,1
4869,150666,1
4870,161533,1
4871,2657,0
4872,46300,1
4873,151142,0
4874,54314,0
4875,33803,0
4876,131993,1
4877,53857,0
4878,42150,0
4879,72242,0
4880,40438,1
4881,144189,1
4882,30878,1
4883,73518,1
4884,122517,0
4885,76038,0
4886,26013,0
4887,102035,0
4888,110392,0
4889,85979,1
4890,582,1
4891,11722,0
4892,128417,0
4893,160486,1
4894,158773,0
4895,78777,0
4896,137754,1
4897,56473,0
4898,128423,0
4899,67403,1
4900,74343,0
4901,64889,0
4902,155107,1
4903,150841,0
4904,46186,1
4905,107146,0
4906,82906,0
4907,61118,0
4908,74969,0
4909,114364,0
4910,54365,1
4911,55963,0
4912,61325,0
4913,1087,0
4914,157254,0
4915,147950,0
4916,8258,0
4917,42053,0
4918,157682,1
4919,145867,1
4920,29538,0
4921,122143,0
4922,2319,1
4923,156830,0
4924,128237,1
4925,66641,1
4926,146130,0
4927,115298,1
4928,63369,0
4929,144890,0
4930,152657,0
4931,54212,0
4932,92491,0
4933,87374,0
4934,69839,0
4935,32236,0
4936,84014,0
4937,139192,0
4938,114735,0
4939,81902,0
4940,26603,0
4941,101409,0
4942,15270,0
4943,25030,0
4944,127937,0
4945,94502,0
4946,55473,0
4947,140560,0
4948,78056,0
4949,145496,0
4950,109705,0
4951,28677,0
4952,6603,0
4953,33604,0
4954,88742,0
4955,122013,0
4956,101000,0
4957,110250,0
4958,66065,1
4959,24818,0
4960,54416,0
4961,133789,0
4962,17338,0
4963,43726,0
4964,48877,0
4965,160602,0
4966,135221,1
4967,25113,0
4968,93218,0
4969,136659,1
4970,70978,0
4971,129390,0
4972,87020,0
4973,120340,0
4974,50174,0
4975,52784,0
4976,67190,1
4977,91761,0
4978,935,1
4979,61611,0
4980,89036,0
4981,110834,1
4982,154443,0
4983,153597,1
4984,152940,0
4985,57622,1
4986,51521,0
4987,45398,0
4988,27996,0
4989,85058,1
4990,4672,0
4991,63687,0
4992,36253,0
4993,122430,0
4994,145025,0
4995,2971,1
4996,66179,0
4997,113036,0
4998,157642,0
4999,133530,0
5000,11587,0
5001,16591,0
5002,132582,0
5003,46360,0
5004,127573,0
5005,128360,0
5006,68632,0
5007,80687,1
5008,67419,0
5009,2605,0
5010,74563,1
5011,121599,0
5012,47004,0
5013,18588,0
5014,51806,0
5015,29341,0
5016,123959,0
5017,138604,0
5018,20187,1
5019,97105,1
5020,164247,0
5021,132613,0
5022,33730,1
5023,127190,0
5024,94724,0
5025,28184,0
5026,48580,1
5027,75108,0
5028,68880,1
5029,44245,0
5030,78711,0
5031,40010,0
5032,7407,0
5033,28704,0
5034,147331,0
5035,44636,0
5036,40560,1
5037,25796,0
5038,144713,0
5039,9700,0
5040,36219,0
5041,156245,1
5042,149853,0
5043,129066,0
5044,86778,0
5045,37490,0
5046,56122,0
5047,5780,0
5048,154099,0
5049,8690,0
5050,23717,0
5051,111018,0
5052,118383,0
5053,39170,0
5054,142288,0
5055,80022,1
5056,15377,0
5057,86884,0
5058,94581,0
5059,58377,0
5060,9928,0
5061,119648,0
5062,116455,1
5063,144964,0
5064,109881,1
5065,13481,0
5066,97945,0
5067,98752,0
5068,30319,0
5069,133892,0
5070,96592,0
5071,123216,0
5072,71288,0
5073,6659,1
5074,128637,0
5075,70029,1
5076,15207,0
5077,67368,0
5078,150337,0
5079,160535,0
5080,28229,0
5081,164942,0
5082,10992,0
5083,147261,1
5084,148695,0
5085,393,0
5086,86470,0
5087,147573,0
5088,64738,0
5089,129661,1
5090,77788,0
5091,19456,0
5092,11688,0
5093,71239,0
5094,56381,0
5095,55986,1
5096,129047,0
5097,107075,1
5098,155436,0
5099,104377,0
5100,83650,0
5101,106464,0
5102,73681,0
5103,157189,1
5104,13386,0
5105,84807,0
5106,152329,0
5107,131765,0
5108,32126,1
5109,105014,1
5110,24756,0
5111,49294,0
5112,103230,0
5113,153896,0
5114,115303,1
5115,86201,0
5116,115345,0
5117,9147,0
5118,58844,0
5119,14143,0
5120,96540,0
5121,139803,0
5122,74446,0
5123,40910,0
5124,55034,1
5125,18538,0
5126,128468,0
5127,71510,1
5128,36758,0
5129,27987,0
5130,88826,0
5131,36108,0
5132,138671,0
5133,16745,0
5134,78568,0
5135,150937,0
5136,3725,0
5137,69557,0
5138,30514,0
5139,122137,0
5140,85918,0
5141,154406,0
5142,46965,0
5143,6732,0
5144,81759,0
5145,121389,0
5146,79433,0
5147,159747,1
5148,141867,0
5149,2452,0
5150,96227,0
5151,106619,1
5152,44625,0
5153,137991,0
5154,6048,0
5155,156545,0
5156,156046,1
5157,153271,0
5158,85973,0
5159,50750,1
5160,61404,1
5161,151980,0
5162,126999,0
5163,145741,0
5164,72944,1
5165,83391,0
5166,141035,0
5167,60283,0
5168,110635,0
5169,128150,1
5170,48661,0
5171,92514,0
5172,29644,0
5173,89713,1
5174,85430,0
5175,123943,0
5176,16202,0
5177,71204,0
5178,23806,0
5179,69583,1
5180,15716,0
5181,104974,0
5182,164161,0
5183,49570,1
5184,124744,0
5185,90990,0
5186,94556,0
5187,63422,0
5188,30613,0
5189,5625,0
5190,96496,0
5191,120828,0
5192,51946,0
5193,54233,0
5194,135254,0
5195,26654,0
5196,66953,0
5197,136165,0
5198,51485,0
5199,65726,0
5200,134157,0
5201,45921,1
5202,44708,0
5203,115665,0
5204,127536,0
5205,123354,1
5206,24663,0
5207,132205,0
5208,108879,0
5209,122700,1
5210,86019,0
5211,23791,0
5212,106120,0
5213,110099,0
5214,33589,0
5215,80190,0
5216,39215,0
5217,97211,0
5218,46656,0
5219,121088,0
5220,39577,0
5221,75549,0
5222,80583,0
5223,73717,0
5224,66560,0
5225,70384,0
5226,58677,0
5227,155533,0
5228,65360,0
5229,46932,0
5230,51065,0
5231,142311,0
5232,113393,0
5233,41871,1
5234,101164,0
5235,45096,1
5236,29491,1
5237,58047,0
5238,114832,0
5239,32574,0
5240,96188,1
5241,95293,0
5242,116969,0
5243,83937,0
5244,84025,0
5245,127055,0
5246,159285,0
5247,95370,1
5248,85183,1
5249,142648,0
5250,49035,1
5251,162873,0
5252,4601,0
5253,73485,1
5254,160835,0
5255,134077,0
5256,63392,0
5257,85537,0
5258,52999,0
5259,128797,0
5260,146386,0
5261,43714,0
5262,87289,0
5263,42503,0
5264,60357,0
5265,52071,0
5266,93366,0
5267,1496,0
5268,18932,0
5269,140666,0
5270,52382,0
5271,76131,0
5272,153573,1
5273,77989,0
5274,62820,1
5275,158867,1
5276,8586,0
5277,113027,0
5278,35431,1
5279,67644,0
5280,108855,0
5281,46540,0
5282,149904,0
5283,140809,0
5284,104266,1
5285,108669,1
5286,26979,0
5287,3026,0
5288,126407,0
5289,55608,0
5290,40154,0
5291,59184,0
5292,140513,0
5293,148660,0
5294,120965,0
5295,158969,0
5296,136733,0
5297,24134,0
5298,134065,0
5299,54185,0
5300,48912,0
5301,159114,0
5302,140163,0
5303,163173,0
5304,98206,0
5305,16469,0
5306,19242,0
5307,53533,0
5308,144588,0
5309,15421,0
5310,33295,0
5311,42100,0
5312,84064,0
5313,159505,0
5314,52757,1
5315,56027,1
5316,37938,0
5317,140067,1
5318,66978,0
5319,53047,0
5320,139457,0
5321,91391,0
5322,77186,0
5323,109243,0
5324,92804,0
5325,64760,0
5326,43261,0
5327,124617,0
5328,53651,0
5329,23733,0
5330,107170,0
5331,33491,0
5332,101265,0
5333,129877,0
5334,90616,0
5335,38144,0
5336,17318,0
5337,151739,0
5338,128719,0
5339,97400,0
5340,112139,0
5341,163461,0
5342,157872,0
5343,135173,0
5344,42145,0
5345,104317,0
5346,116780,0
5347,79166,0
5348,108513,0
5349,18363,0
5350,38684,0
5351,147819,0
5352,56640,0
5353,93469,0
5354,163823,0
5355,117541,0
5356,160880,0
5357,31929,0
5358,127520,0
5359,89587,1
5360,141264,0
5361,82632,0
5362,118102,1
5363,57011,0
5364,67999,0
5365,19249,0
5366,152988,0
5367,85282,0
5368,127874,0
5369,113178,0
5370,143840,0
5371,6311,0
5372,80745,0
5373,79349,0
5374,92682,1
5375,155206,0
5376,93494,0
5377,106149,0
5378,89535,0
5379,17396,0
5380,112914,0
5381,108476,0
5382,76769,1
5383,36284,1
5384,31393,0
5385,13003,0
5386,82894,0
5387,37006,0
5388,111939,0
5389,4337,0
5390,96801,0
5391,148800,0
5392,46237,0
5393,30710,0
5394,63680,1
5395,95447,0
5396,107746,0
5397,36012,0
5398,55519,0
5399,92139,1
5400,5353,1
5401,41025,0
5402,8064,0
5403,83898,0
5404,157155,0
5405,109703,1
5406,91026,1
5407,157498,1
5408,60421,0
5409,14898,0
5410,106405,0
5411,135225,0
5412,108950,0
5413,29750,0
5414,82615,0
5415,161793,0
5416,94036,0
5417,4749,0
5418,19842,0
5419,104379,0
5420,164812,0
5421,152426,0
5422,161124,0
5423,99230,1
5424,147467,0
5425,8200,0
5426,40142,0
5427,27922,0
5428,147106,0
5429,99105,0
5430,55260,0
5431,112966,0
5432,135050,0
5433,140667,1
5434,81583,0
5435,40454,0
5436,30164,1
5437,19879,0
5438,149516,0
5439,27639,1
5440,154348,0
5441,128309,0
5442,53753,0
5443,8198,0
5444,26330,1
5445,108768,0
5446,43510,0
5447,77915,0
5448,133969,1
5449,16295,0
5450,104456,0
5451,60868,0
5452,111805,0
5453,11475,0
5454,80596,1
5455,124293,0
5456,119662,0
5457,44322,0
5458,138874,0
5459,29680,0
5460,114326,0
5461,26448,0
5462,4280,0
5463,35392,0
5464,56516,0
5465,141733,0
5466,136140,1
5467,50194,1
5468,70228,0
5469,26422,0
5470,161972,0
5471,76089,0
5472,163180,1
5473,125292,1
5474,64264,0
5475,39619,1
5476,133254,0
5477,140315,0
5478,109833,0
5479,42283,1
5480,103373,0
5481,29029,1
5482,70478,0
5483,55746,0
5484,2787,0
5485,145720,0
5486,35601,0
5487,76952,0
5488,22285,0
5489,21047,0
5490,123649,0
5491,92814,0
5492,101796,0
5493,55113,0
5494,43608,0
5495,163548,0
5496,150695,0
5497,151044,0
5498,137052,0
5499,67570,0
5500,135768,0
5501,38003,0
5502,31437,0
5503,50419,0
5504,106031,0
5505,1209,1
5506,66730,0
5507,140430,0
5508,26544,1
5509,116010,0
5510,28814,0
5511,119031,0
5512,44029,0
5513,117552,0
5514,34388,0
5515,121773,0
5516,93551,1
5517,96481,1
5518,114347,0
5519,84755,1
5520,109725,0
5521,103554,1
5522,9525,0
5523,158325,0
5524,27434,0
5525,139092,0
5526,16904,1
5527,157138,0
5528,42977,0
5529,24762,0
5530,129725,0
5531,135774,0
5532,77528,1
5533,22886,0
5534,55084,0
5535,10543,0
5536,153731,0
5537,122698,1
5538,37297,0
5539,33028,0
5540,46807,0
5541,63838,0
5542,122255,0
5543,4124,0
5544,1628,0
5545,81569,1
5546,144854,1
5547,126744,0
5548,29595,0
5549,110121,0
5550,87395,0
5551,98685,0
5552,54555,0
5553,24077,1
5554,145092,0
5555,84812,0
5556,52653,0
5557,82301,1
5558,47109,0
5559,111330,0
5560,32298,0
5561,60476,1
5562,57751,0
5563,124916,0
5564,97921,0
5565,153462,1
5566,50410,0
5567,136891,0
5568,22824,0
5569,140370,0
5570,90694,0
5571,6567,0
5572,79545,0
5573,50496,0
5574,15537,0
5575,49657,0
5576,118785,0
5577,159752,0
5578,113701,1
5579,127687,0
5580,115729,0
5581,80563,0
5582,53644,0
5583,33517,0
5584,143906,0
5585,36221,0
5586,128727,1
5587,109817,0
5588,72263,0
5589,22393,0
5590,151775,1
5591,151493,0
5592,109986,0
5593,124124,1
5594,92216,0
5595,84594,0
5596,66393,0
5597,20855,0
5598,116704,0
5599,44853,0
5600,95295,0
5601,57335,0
5602,130819,0
5603,20792,1
5604,162332,0
5605,136570,0
5606,143696,0
5607,164109,0
5608,72240,0
5609,104757,0
5610,2954,0
5611,144870,1
5612,64699,0
5613,14802,1
5614,94503,0
5615,137704,0
5616,69627,0
5617,69702,0
5618,87785,0
5619,141152,1
5620,100547,0
5621,159122,0
5622,12894,0
5623,134466,1
5624,161553,0
5625,80905,0
5626,76672,0
5627,69110,0
5628,41369,0
5629,111078,0
5630,4371,0
5631,39708,1
5632,6271,0
5633,750,1
5634,2518,0
5635,23308,0
5636,61964,0
5637,130267,0
5638,62803,0
5639,121938,0
5640,117545,0
5641,35851,1
5642,157274,0
5643,669,1
5644,43168,0
5645,138981,0
5646,141428,1
5647,114599,0
5648,50720,0
5649,27765,0
5650,90585,0
5651,114302,0
5652,10450,0
5653,6016,0
5654,39693,0
5655,122836,0
5656,45153,0
5657,114863,0
5658,118892,0
5659,99961,1
5660,146099,1
5661,154953,1
5662,51646,1
5663,79907,0
5664,92560,0
5665,164157,0
5666,63992,1
5667,158741,0
5668,45089,0
5669,44758,0
5670,18091,0
5671,38691,0
5672,17397,0
5673,87661,0
5674,33232,0
5675,40933,0
5676,5088,1
5677,32260,0
5678,18715,0
5679,84901,1
5680,134290,0
5681,46156,1
5682,32147,1
5683,136278,0
5684,121567,0
5685,49653,0
5686,12302,0
5687,85408,0
5688,83963,0
5689,49404,1
5690,91673,0
5691,74707,0
5692,74219,0
5693,25506,0
5694,21275,1
5695,21031,0
5696,157391,0
5697,113925,0
5698,98184,0
5699,139257,0
5700,155565,0
5701,94394,0
5702,11513,0
5703,2973,0
5704,53718,0
5705,76278,0
5706,85198,0
5707,81358,0
5708,91679,0
5709,26624,0
5710,90926,1
5711,86547,0
5712,77168,0
5713,4968,0
5714,43858,0
5715,36426,0
5716,63475,0
5717,242,1
5718,138525,0
5719,1487,0
5720,104784,0
5721,50457,0
5722,71155,0
5723,63530,0
5724,7801,0
5725,84326,0
5726,45870,0
5727,76413,0
5728,144862,0
5729,139685,0
5730,127745,0
5731,22214,0
5732,31494,0
5733,156258,1
5734,160931,0
5735,68808,0
5736,154656,1
5737,138015,0
5738,274,0
5739,99467,0
5740,112466,0
5741,54937,0
5742,151478,0
5743,57222,0
5744,87362,0
5745,37511,0
5746,86017,0
5747,76419,0
5748,133746,0
5749,77810,1
5750,45076,0
5751,6937,0
5752,117232,1
5753,96331,1
5754,36617,0
5755,126967,0
5756,133597,0
5757,58233,0
5758,80945,0
5759,101404,0
5760,16155,0
5761,111630,0
5762,133212,0
5763,20936,0
5764,134785,1
5765,36801,0
5766,153903,1
5767,98420,0
5768,19356,1
5769,136279,0
5770,126527,0
5771,56784,0
5772,19421,0
5773,35613,0
5774,17341,1
5775,99608,0
5776,103170,0
5777,11761,0
5778,12397,0
5779,140377,0
5780,85335,0
5781,146621,1
5782,85624,0
5783,11594,0
5784,56126,0
5785,24537,0
5786,157422,0
5787,47019,0
5788,95687,1
5789,44373,1
5790,58167,0
5791,128216,0
5792,1703,0
5793,108391,1
5794,18414,1
5795,148638,0
5796,35680,1
5797,98459,0
5798,150703,0
5799,46226,0
5800,134698,0
5801,76196,0
5802,5777,0
5803,40781,0
5804,41185,0
5805,119375,0
5806,162780,0
5807,140886,0
5808,164220,0
5809,112316,0
5810,118363,0
5811,96178,0
5812,46244,0
5813,160827,0
5814,100505,0
5815,126234,0
5816,121889,0
5817,71773,0
5818,22352,0
5819,24597,0
5820,40583,0
5821,84501,0
5822,143119,1
5823,153599,0
5824,136496,0
5825,164255,0
5826,24492,1
5827,9909,1
5828,158350,0
5829,133849,0
5830,76613,0
5831,73212,1
5832,18919,0
5833,134156,0
5834,127183,1
5835,87343,0
5836,12832,0
5837,2710,0
5838,117555,0
5839,38786,0
5840,125430,0
5841,118276,0
5842,45737,0
5843,81839,0
5844,126708,1
5845,60081,0
5846,136534,0
5847,149726,0
5848,21604,0
5849,159195,0
5850,1102,0
5851,82651,1
5852,5213,0
5853,58608,1
5854,57234,0
5855,29,0
5856,24371,0
5857,113539,0
5858,48365,1
5859,24098,0
5860,141813,0
5861,4370,0
5862,58579,0
5863,145718,0
5864,42029,0
5865,142820,0
5866,76465,0
5867,84978,0
5868,153702,0
5869,128053,0
5870,8158,0
5871,65558,0
5872,140187,0
5873,3311,1
5874,85996,1
5875,146677,0
5876,66219,0
5877,49130,0
5878,104445,0
5879,84955,0
5880,39890,0
5881,58014,0
5882,13168,0
5883,87643,0
5884,20777,0
5885,121623,0
5886,69668,0
5887,30991,0
5888,148324,0
5889,47369,1
5890,55597,0
5891,160860,0
5892,12215,0
5893,56301,0
5894,39659,0
5895,140948,0
5896,25957,0
5897,82863,0
5898,8872,0
5899,132312,0
5900,139245,0
5901,36865,1
5902,39986,0
5903,71040,0
5904,121854,1
5905,118464,0
5906,57276,0
5907,82366,0
5908,139256,0
5909,136252,0
5910,114744,0
5911,151419,0
5912,85731,0
5913,136587,0
5914,116225,1
5915,93867,0
5916,42162,0
5917,36406,1
5918,31485,0
5919,60920,0
5920,86668,0
5921,48185,0
5922,157078,0
5923,120142,0
5924,151613,0
5925,83807,0
5926,70520,0
5927,9661,0
5928,16113,0
5929,120071,0
5930,46097,0
5931,106784,1
5932,46472,0
5933,34921,1
5934,12977,0
5935,24932,0
5936,22577,0
5937,84994,0
5938,97602,0
5939,53020,0
5940,20610,1
5941,38808,0
5942,123435,0
5943,74451,1
5944,80580,1
5945,56928,0
5946,97544,0
5947,366,0
5948,18200,0
5949,120257,0
5950,157750,0
5951,54520,0
5952,43503,0
5953,31762,1
5954,55371,0
5955,144821,0
5956,129498,1
5957,155635,0
5958,25275,0
5959,147209,0
5960,50569,0
5961,57461,0
5962,110926,0
5963,48224,0
5964,52137,0
5965,99239,0
5966,163921,0
5967,133072,0
5968,44332,0
5969,96956,0
5970,75554,0
5971,153742,0
5972,37812,0
5973,59531,1
5974,73706,0
5975,80592,0
5976,58410,0
5977,125625,0
5978,68912,0
5979,123228,0
5980,62229,0
5981,1919,0
5982,54044,0
5983,12925,1
5984,126013,0
5985,163128,0
5986,112678,0
5987,47848,0
5988,26776,0
5989,109479,0
5990,75590,0
5991,103077,0
5992,100118,0
5993,27250,0
5994,133790,0
5995,24000,0
5996,123954,1
5997,23644,0
5998,93112,0
5999,121844,0
6000,8968,0
6001,66661,0
6002,27583,0
6003,86551,0
6004,106631,0
6005,144453,0
6006,120180,0
6007,155344,1
6008,124359,0
6009,95636,0
6010,62385,0
6011,28434,0
6012,46886,0
6013,155155,1
6014,85784,0
6015,162137,0
6016,14215,0
6017,102664,0
6018,118158,1
6019,118505,0
6020,142472,0
6021,140451,0
6022,137936,0
6023,58020,0
6024,11988,0
6025,36837,0
6026,143724,1
6027,132505,0
6028,117048,0
6029,17810,0
6030,43980,1
6031,4336,0
6032,48119,0
6033,145970,0
6034,155821,0
6035,57429,0
6036,117803,0
6037,3518,0
6038,124328,0
6039,32376,0
6040,106835,0
6041,2926,0
6042,71573,0
6043,58421,0
6044,51344,0
6045,40835,0
6046,137539,0
6047,26597,1
6048,47053,0
6049,122546,1
6050,44795,0
6051,86267,0
6052,160517,0
6053,35174,0
6054,46236,0
6055,132245,0
6056,122851,0
6057,151712,1
6058,160938,0
6059,64732,0
6060,123852,0
6061,61160,0
6062,100805,0
6063,42828,1
6064,10269,0
6065,35487,0
6066,142399,0
6067,102855,0
6068,71286,0
6069,124000,0
6070,74910,0
6071,152399,0
6072,3564,0
6073,22046,0
6074,126688,1
6075,58120,0
6076,7423,1
6077,80950,0
6078,93323,1
6079,57302,0
6080,148408,0
6081,17857,0
6082,8520,0
6083,44203,0
6084,73822,0
6085,135783,1
6086,27019,0
6087,16193,1
6088,28410,0
6089,47563,0
6090,105980,0
6091,26302,0
6092,132856,0
6093,116064,0
6094,21161,0
6095,106732,0
6096,161744,0
6097,23293,0
6098,87592,0
6099,6282,0
6100,53673,0
6101,112849,0
6102,70815,0
6103,32155,0
6104,89965,0
6105,142248,1
6106,84423,0
6107,113145,0
6108,29633,0
6109,48931,0
6110,160499,0
6111,139191,0
6112,70328,0
6113,128736,1
6114,122908,0
6115,89577,0
6116,77195,0
6117,140984,0
6118,102905,0
6119,129254,1
6120,46850,0
6121,145268,0
6122,19165,0
6123,11970,0
6124,8142,0
6125,62536,0
6126,134209,0
6127,143415,1
6128,164479,0
6129,71307,0
6130,113413,0
6131,147406,0
6132,98917,0
6133,12674,0
6134,145272,0
6135,158804,0
6136,15932,0
6137,77831,0
6138,93348,1
6139,120843,1
6140,35010,0
6141,85036,0
6142,100138,0
6143,6718,0
6144,23565,1
6145,88454,0
6146,125331,1
6147,4472,0
6148,82383,0
6149,29554,0
6150,118311,0
6151,160308,0
6152,12257,1
6153,89390,1
6154,114333,0
6155,126867,0
6156,26630,0
6157,101923,0
6158,53094,1
6159,103366,0
6160,120960,0
6161,28601,0
6162,39139,0
6163,487,1
6164,163188,1
6165,63846,0
6166,20861,0
6167,145049,0
6168,143850,0
6169,154940,1
6170,63400,0
6171,67521,0
6172,36197,0
6173,110067,0
6174,32634,0
6175,98695,0
6176,80333,1
6177,19905,0
6178,158412,0
6179,46907,0
6180,151457,0
6181,32725,0
6182,84467,0
6183,61085,0
6184,1292,0
6185,148101,1
6186,90347,0
6187,151860,0
6188,22679,0
6189,21834,0
6190,121466,0
6191,126080,0
6192,26877,0
6193,31167,0
6194,140460,0
6195,22324,0
6196,80717,0
6197,15035,1
6198,118543,0
6199,60423,0
6200,100603,0
6201,138300,0
6202,50399,1
6203,124472,0
6204,19467,0
6205,36927,0
6206,115996,0
6207,50637,0
6208,156045,0
6209,65750,0
6210,155389,0
6211,102521,0
6212,138539,1
6213,99461,0
6214,58947,0
6215,116971,0
6216,3154,0
6217,78174,0
6218,75639,0
6219,44999,0
6220,49321,0
6221,139298,0
6222,38905,0
6223,5229,0
6224,14466,0
6225,122445,0
6226,41982,0
6227,138048,0
6228,38645,0
6229,77347,0
6230,113691,0
6231,90729,1
6232,26391,0
6233,91508,0
6234,3880,0
6235,97056,0
6236,109035,0
6237,115201,0
6238,77272,0
6239,4750,0
6240,144198,1
6241,126706,0
6242,99701,0
6243,54419,0
6244,22595,0
6245,72045,0
6246,94534,0
6247,137609,0
6248,73984,0
6249,30256,0
6250,163049,0
6251,2305,0
6252,48520,0
6253,73059,0
6254,82562,0
6255,149007,0
6256,109967,1
6257,158739,0
6258,102827,0
6259,58176,0
6260,102071,0
6261,158366,0
6262,152026,0
6263,98127,0
6264,34282,0
6265,60503,1
6266,47712,0
6267,55685,0
6268,44575,0
6269,15493,0
6270,72745,1
6271,59607,0
6272,39496,1
6273,92266,0
6274,22400,0
6275,105525,1
6276,70036,0
6277,125467,1
6278,4025,0
6279,56577,0
6280,8127,1
6281,28959,0
6282,25100,0
6283,18795,0
6284,74783,0
6285,163226,0
6286,152040,0
6287,29102,1
6288,154969,0
6289,19870,1
6290,10766,1
6291,6245,0
6292,135518,0
6293,151072,0
6294,22467,0
6295,143647,0
6296,133219,1
6297,133543,0
6298,79679,0
6299,101321,0
6300,27694,0
6301,6124,0
6302,88552,0
6303,19969,0
6304,53584,0
6305,54404,0
6306,152879,0
6307,131433,0
6308,88504,0
6309,106224,0
6310,85117,0
6311,124821,0
6312,130173,0
6313,56415,0
6314,9732,0
6315,131097,0
6316,157057,0
6317,119163,0
6318,20326,0
6319,2313,0
6320,25058,0
6321,112034,0
6322,142773,0
6323,5074,1
6324,117057,1
6325,270,0
6326,57422,0
6327,122008,0
6328,163002,0
6329,38336,0
6330,136293,0
6331,47629,0
6332,148311,0
6333,155869,0
6334,50409,0
6335,129738,0
6336,147648,0
6337,83052,0
6338,52483,0
6339,159803,0
6340,21353,0
6341,114585,0
6342,41764,0
6343,155095,0
6344,5434,1
6345,58015,0
6346,80963,0
6347,26578,1
6348,68482,0
6349,38115,0
6350,107884,1
6351,9246,0
6352,159062,1
6353,42214,0
6354,49280,0
6355,122882,0
6356,70205,0
6357,31579,0
6358,30014,0
6359,94403,1
6360,151178,0
6361,15629,0
6362,48534,0
6363,83530,0
6364,60293,0
6365,163549,1
6366,121417,1
6367,121992,0
6368,114317,0
6369,8915,0
6370,132053,0
6371,137762,1
6372,158265,0
6373,139818,0
6374,21260,0
6375,83872,0
6376,73503,0
6377,136164,0
6378,123506,0
6379,150896,0
6380,25658,0
6381,95726,0
6382,86098,0
6383,61595,0
6384,112960,0
6385,11727,0
6386,70059,0
6387,69465,0
6388,124653,0
6389,145364,0
6390,95236,0
6391,141193,1
6392,9881,1
6393,76860,1
6394,54640,0
6395,137224,0
6396,1910,0
6397,112000,1
6398,72140,0
6399,5800,0
6400,158266,0
6401,115427,0
6402,33440,0
6403,123397,0
6404,104026,0
6405,73260,0
6406,125699,0
6407,108537,0
6408,62261,0
6409,2119,0
6410,115612,0
6411,117112,0
6412,108433,0
6413,14380,1
6414,92281,0
6415,49085,0
6416,54061,1
6417,14518,0
6418,101152,0
6419,158215,0
6420,47410,0
6421,118905,0
6422,116403,1
6423,9740,0
6424,19538,0
6425,49220,0
6426,95425,0
6427,55325,0
6428,105274,0
6429,115876,0
6430,96255,0
6431,104642,0
6432,107348,0
6433,163520,0
6434,63987,0
6435,92760,0
6436,11506,0
6437,50503,0
6438,110417,0
6439,22945,0
6440,114273,1
6441,71637,1
6442,32365,0
6443,160152,1
6444,95713,1
6445,17170,0
6446,43068,0
6447,115640,0
6448,37901,0
6449,157877,0
6450,145541,1
6451,119635,0
6452,31013,0
6453,36036,0
6454,164497,0
6455,85641,0
6456,79528,0
6457,79946,0
6458,74371,0
6459,134817,0
6460,41282,0
6461,62341,0
6462,31043,0
6463,92597,0
6464,62131,0
6465,99253,0
6466,10628,0
6467,152692,0
6468,91465,0
6469,424,0
6470,71064,0
6471,128211,0
6472,58506,0
6473,3606,0
6474,86004,0
6475,119978,0
6476,15595,0
6477,66612,0
6478,102135,0
6479,109154,0
6480,136799,1
6481,33368,0
6482,51579,0
6483,19711,0
6484,96983,1
6485,125282,0
6486,104474,0
6487,1361,0
6488,88506,1
6489,133817,0
6490,106710,1
6491,111963,1
6492,46863,0
6493,402,0
6494,132875,0
6495,1700,0
6496,78252,0
6497,79784,0
6498,10184,0
6499,149246,0
6500,43969,0
6501,57621,0
6502,106095,0
6503,68089,0
6504,147794,0
6505,3948,0
6506,77986,0
6507,127938,1
6508,145912,0
6509,111467,0
6510,123519,0
6511,150049,0
6512,116134,1
6513,5753,0
6514,131006,1
6515,54587,0
6516,149883,0
6517,67284,0
6518,131705,0
6519,164770,0
6520,12221,0
6521,98110,0
6522,87557,1
6523,135407,0
6524,107825,0
6525,142651,0
6526,112191,1
6527,85257,0
6528,84008,0
6529,96338,0
6530,65413,0
6531,141854,0
6532,107163,0
6533,129351,0
6534,2174,0
6535,30512,0
6536,128981,0
6537,114045,0
6538,121617,0
6539,7054,0
6540,71356,0
6541,48013,1
6542,161897,1
6543,139059,0
6544,54131,0
6545,157834,0
6546,102775,1
6547,87847,1
6548,8856,0
6549,3066,0
6550,15769,0
6551,51190,0
6552,103389,1
6553,164560,0
6554,133417,0
6555,125544,0
6556,99973,0
6557,113110,0
6558,80327,0
6559,125896,1
6560,156177,0
6561,85969,0
6562,11660,1
6563,11003,0
6564,9430,0
6565,34948,1
6566,154133,0
6567,71832,0
6568,147496,1
6569,19495,0
6570,163166,0
6571,27814,0
6572,18616,0
6573,3383,1
6574,38119,0
6575,35146,0
6576,42994,0
6577,16621,0
6578,58648,0
6579,28798,0
6580,89735,1
6581,104439,0
6582,164281,0
6583,33869,0
6584,108037,0
6585,25105,0
6586,10453,0
6587,127700,0
6588,45875,0
6589,127886,0
6590,40678,0
6591,17259,0
6592,124777,0
6593,46083,0
6594,59556,0
6595,33107,0
6596,108503,0
6597,75364,0
6598,163360,0
6599,84760,1
6600,141684,0
6601,2110,0
6602,99024,0
6603,66241,0
6604,43220,0
6605,89108,0
6606,18871,0
6607,24611,0
6608,101395,0
6609,76272,0
6610,144858,0
6611,62920,0
6612,39066,0
6613,103934,0
6614,84628,0
6615,85976,0
6616,133244,0
6617,57607,0
6618,112065,1
6619,67759,0
6620,150227,0
6621,52710,0
6622,83101,0
6623,74486,0
6624,87601,0
6625,132964,1
6626,137340,1
6627,90593,0
6628,27376,0
6629,69832,0
6630,161658,0
6631,117685,0
6632,95598,0
6633,36663,1
6634,147183,0
6635,153570,0
6636,50044,0
6637,114428,0
6638,103430,0
6639,128896,0
6640,110564,0
6641,21719,0
6642,134492,0
6643,48533,0
6644,121650,0
6645,143630,0
6646,93517,0
6647,101022,0
6648,100521,0
6649,99668,0
6650,89372,0
6651,45413,0
6652,24251,0
6653,113272,0
6654,77124,0
6655,84862,0
6656,71096,0
6657,156648,0
6658,16704,0
6659,131441,0
6660,66895,0
6661,129258,1
6662,2525,0
6663,5717,0
6664,117032,0
6665,40351,0
6666,1916,0
6667,93082,0
6668,19154,1
6669,66182,0
6670,14244,0
6671,34739,0
6672,70097,0
6673,86805,0
6674,46991,0
6675,127508,1
6676,88059,0
6677,130574,0
6678,33933,1
6679,116613,0
6680,95355,0
6681,161805,0
6682,119866,1
6683,126289,0
6684,111082,0
6685,14616,1
6686,118282,0
6687,37175,0
6688,23217,0
6689,73781,0
6690,28951,0
6691,51545,0
6692,10045,0
6693,31183,0
6694,129287,0
6695,37460,0
6696,68670,0
6697,42888,0
6698,75794,0
6699,162168,1
6700,122817,0
6701,19394,0
6702,160103,0
6703,82338,0
6704,56250,0
6705,124630,0
6706,1767,0
6707,115952,0
6708,158188,1
6709,131068,0
6710,135395,0
6711,26407,0
6712,141023,0
6713,49584,0
6714,20603,0
6715,157543,1
6716,131618,0
6717,163534,0
6718,126377,0
6719,20336,0
6720,113245,0
6721,47209,0
6722,92063,1
6723,96409,1
6724,11244,0
6725,138695,0
6726,100610,0
6727,33102,0
6728,110647,0
6729,112356,0
6730,152917,0
6731,6439,0
6732,140226,0
6733,97376,0
6734,114905,0
6735,130796,0
6736,22505,0
6737,47307,0
6738,15026,0
6739,30136,0
6740,44944,0
6741,52490,0
6742,16477,1
6743,142927,1
6744,150744,0
6745,135576,0
6746,141858,1
6747,45381,0
6748,137376,0
6749,79243,0
6750,3241,0
6751,97146,0
6752,88553,0
6753,43198,0
6754,156925,0
6755,101745,0
6756,163955,1
6757,116826,1
6758,49421,0
6759,137981,0
6760,17151,0
6761,105026,0
6762,70694,0
6763,43363,0
6764,83118,0
6765,15387,0
6766,26885,0
6767,5945,0
6768,104178,0
6769,21125,0
6770,142562,0
6771,63186,0
6772,115540,0
6773,95863,0
6774,119035,0
6775,16372,1
6776,19639,1
6777,97509,1
6778,38981,0
6779,109579,0
6780,134909,0
6781,56347,0
6782,58599,0
6783,36299,0
6784,18116,0
6785,47447,0
6786,36566,0
6787,114674,0
6788,112726,0
6789,155453,0
6790,44582,0
6791,137194,0
6792,119781,0
6793,60240,0
6794,78424,0
6795,160351,0
6796,70172,0
6797,82543,0
6798,118862,0
6799,129625,0
6800,62604,1
6801,156570,0
6802,69163,0
6803,87698,0
6804,28823,0
6805,97985,0
6806,71739,0
6807,15894,0
6808,164127,0
6809,56079,0
6810,66635,0
6811,151460,0
6812,155814,0
6813,121753,0
6814,42583,0
6815,136266,0
6816,106715,0
6817,41232,0
6818,156153,0
6819,52096,0
6820,132589,1
6821,82768,1
6822,13749,0
6823,100141,0
6824,18022,0
6825,42786,0
6826,49148,0
6827,71128,0
6828,124235,0
6829,135364,1
6830,63019,0
6831,90169,0
6832,44886,0
6833,23118,0
6834,112008,0
6835,20405,0
6836,63007,0
6837,43537,0
6838,78356,0
6839,84186,0
6840,77397,0
6841,55264,0
6842,81506,0
6843,12615,1
6844,11701,0
6845,66189,0
6846,25280,0
6847,161009,0
6848,139943,0
6849,120847,0
6850,24926,0
6851,57534,1
6852,339,0
6853,141269,1
6854,157397,0
6855,51517,1
6856,65605,0
6857,7368,0
6858,5499,0
6859,145380,0
6860,29205,0
6861,132172,0
6862,103860,1
6863,81806,0
6864,26264,1
6865,151315,0
6866,134802,0
6867,113125,0
6868,154873,0
6869,110910,1
6870,162489,0
6871,68484,0
6872,58699,0
6873,33667,1
6874,123160,0
6875,142607,0
6876,7773,0
6877,59938,0
6878,43682,0
6879,127894,1
6880,72911,1
6881,157320,1
6882,156227,0
6883,148849,0
6884,35722,1
6885,126320,0
6886,7964,0
6887,161175,1
6888,49858,0
6889,83511,0
6890,32379,1
6891,80426,0
6892,104443,0
6893,154983,0
6894,48936,0
6895,76873,0
6896,120734,1
6897,16120,0
6898,138996,0
6899,104130,0
6900,153489,1
6901,102675,0
6902,9510,0
6903,49891,0
6904,16039,0
6905,103425,0
6906,100088,1
6907,93071,0
6908,91233,1
6909,104246,0
6910,84108,0
6911,124526,1
6912,15949,0
6913,23871,0
6914,66600,0
6915,141206,1
6916,59270,0
6917,60540,1
6918,138155,0
6919,90774,0
6920,85260,0
6921,63585,0
6922,31467,0
6923,32225,0
6924,23351,0
6925,35961,0
6926,16136,0
6927,83805,0
6928,136946,0
6929,125839,0
6930,163419,1
6931,9220,0
6932,45969,0
6933,40603,0
6934,63754,0
6935,5679,0
6936,123291,0
6937,50719,0
6938,127080,0
6939,6459,0
6940,128475,1
6941,45490,0
6942,98672,1
6943,152934,0
6944,121401,0
6945,27198,0
6946,155651,0
6947,121573,0
6948,59190,1
6949,31761,0
6950,101706,0
6951,52804,0
6952,112094,1
6953,4195,1
6954,53976,0
6955,8844,0
6956,54874,0
6957,76527,0
6958,60562,0
6959,5275,0
6960,63973,0
6961,33823,0
6962,159408,0
6963,712,0
6964,28740,0
6965,5108,0
6966,33621,0
6967,75048,1
6968,79172,1
6969,127383,0
6970,155722,1
6971,151658,0
6972,163077,0
6973,127835,0
6974,95307,0
6975,36353,1
6976,157817,0
6977,127213,0
6978,35241,0
6979,24920,0
6980,105538,0
6981,5708,0
6982,42051,0
6983,148189,0
6984,114762,0
6985,11185,0
6986,100520,0
6987,17364,1
6988,123374,0
6989,54531,0
6990,21591,0
6991,124179,0
6992,152958,0
6993,107656,0
6994,101873,1
6995,25939,0
6996,120218,0
6997,11317,0
6998,4141,1
6999,121805,1
7000,2314,0
7001,39090,0
7002,64200,0
7003,120361,0
7004,62801,0
7005,48448,0
7006,131614,0
7007,109621,0
7008,148268,0
7009,23690,0
7010,105145,0
7011,23956,1
7012,107818,0
7013,80225,0
7014,57537,0
7015,32515,0
7016,87458,0
7017,53525,0
7018,145182,1
7019,126199,1
7020,10761,0
7021,39039,0
7022,97752,0
7023,152699,0
7024,109797,1
7025,92755,0
7026,82585,0
7027,132472,0
7028,152537,0
7029,51948,0
7030,82278,0
7031,100033,0
7032,49326,0
7033,73785,0
7034,127380,0
7035,29433,0
7036,40327,0
7037,152734,0
7038,141647,0
7039,65598,0
7040,85832,0
7041,46151,0
7042,64591,0
7043,7983,0
7044,41639,0
7045,3524,0
7046,66782,0
7047,137500,0
7048,23052,0
7049,126149,0
7050,29460,0
7051,89150,0
7052,145075,1
7053,99626,0
7054,37354,0
7055,154425,0
7056,64107,0
7057,79447,0
7058,146008,0
7059,94839,0
7060,8514,0
7061,92182,1
7062,12683,0
7063,136663,0
7064,32399,0
7065,159325,0
7066,165008,0
7067,119628,0
7068,160177,0
7069,81062,0
7070,75515,0
7071,138905,0
7072,144803,0
7073,75832,0
7074,34689,0
7075,120301,0
7076,38508,0
7077,129069,0
7078,119530,0
7079,25240,1
7080,159987,0
7081,41837,0
7082,33846,0
7083,141072,0
7084,121486,0
7085,19112,0
7086,111910,0
7087,82370,1
7088,10126,0
7089,19662,0
7090,34915,0
7091,96756,0
7092,82012,0
7093,146487,0
7094,39671,0
7095,9151,0
7096,14710,0
7097,84102,0
7098,14742,0
7099,70222,0
7100,25605,0
7101,163912,0
7102,90199,0
7103,25359,0
7104,136258,0
7105,145246,0
7106,61162,0
7107,140352,1
7108,110101,0
7109,52008,0
7110,141291,0
7111,14624,1
7112,119545,0
7113,445,0
7114,40383,0
7115,140665,0
7116,25712,0
7117,151735,0
7118,157357,0
7119,161628,0
7120,112797,0
7121,96449,0
7122,6935,1
7123,60605,0
7124,97378,0
7125,67627,0
7126,100162,0
7127,60803,0
7128,159798,0
7129,42638,0
7130,161949,0
7131,98478,0
7132,59575,0
7133,30398,0
7134,126695,0
7135,10097,0
7136,29058,0
7137,118139,1
7138,93087,0
7139,69356,0
7140,25716,0
7141,59326,0
7142,37581,0
7143,129223,0
7144,147828,0
7145,42960,0
7146,134842,0
7147,115106,0
7148,82957,0
7149,163460,1
7150,116715,0
7151,93671,0
7152,86071,0
7153,28298,0
7154,90420,0
7155,61357,0
7156,84201,1
7157,45293,0
7158,1807,1
7159,88410,1
7160,103569,0
7161,49251,0
7162,37989,0
7163,14782,0
7164,134266,1
7165,57877,0
7166,44798,0
7167,49728,0
7168,105524,0
7169,78887,0
7170,154183,1
7171,137692,0
7172,143729,0
7173,101367,0
7174,50204,0
7175,87439,0
7176,132718,1
7177,77992,0
7178,2497,1
7179,146756,0
7180,43758,0
7181,163501,0
7182,66846,0
7183,140684,0
7184,57927,0
7185,417,0
7186,53499,1
7187,145894,0
7188,60892,1
7189,144270,0
7190,11084,0
7191,41806,0
7192,57761,0
7193,151692,1
7194,16703,0
7195,122339,0
7196,58382,0
7197,123120,0
7198,105707,0
7199,5604,1
7200,74611,0
7201,164189,0
7202,13947,0
7203,105633,0
7204,118015,0
7205,133434,1
7206,5652,0
7207,33770,0
7208,26595,0
7209,31521,0
7210,152624,0
7211,106996,0
7212,14589,0
7213,100030,0
7214,64413,0
7215,139316,0
7216,62893,0
7217,105763,0
7218,115363,0
7219,107130,0
7220,144886,0
7221,18911,0
7222,151309,0
7223,16004,0
7224,154060,0
7225,31275,0
7226,139225,1
7227,108168,1
7228,130872,0
7229,92250,0
7230,116132,0
7231,43391,0
7232,143129,0
7233,65347,0
7234,5588,0
7235,56116,0
7236,111529,0
7237,100812,0
7238,10697,1
7239,4626,0
7240,27784,1
7241,90563,0
7242,64012,0
7243,4079,1
7244,81671,0
7245,104296,1
7246,715,1
7247,104199,0
7248,22139,0
7249,56654,0
7250,30033,0
7251,97015,0
7252,45161,0
7253,122601,1
7254,127284,0
7255,4300,0
7256,143858,1
7257,59963,0
7258,149114,0
7259,72028,0
7260,123142,1
7261,98351,0
7262,24637,0
7263,156686,1
7264,94582,0
7265,120311,0
7266,136526,0
7267,71206,0
7268,162382,0
7269,32677,1
7270,126860,0
7271,113355,0
7272,143980,0
7273,137827,0
7274,134730,0
7275,18785,0
7276,10892,0
7277,84794,0
7278,25883,0
7279,15920,0
7280,26814,1
7281,140996,0
7282,131309,0
7283,137059,0
7284,16939,0
7285,96270,0
7286,77943,0
7287,24009,0
7288,21989,0
7289,70310,0
7290,16266,0
7291,60104,0
7292,52575,0
7293,27883,1
7294,74341,0
7295,45129,0
7296,23234,0
7297,123200,0
7298,9393,0
7299,132141,0
7300,43453,0
7301,66546,0
7302,18357,0
7303,143079,1
7304,331,1
7305,13446,0
7306,60416,1
7307,75456,0
7308,61756,0
7309,130281,0
7310,26673,0
7311,27373,0
7312,12222,0
7313,9742,0
7314,76448,0
7315,27762,0
7316,91543,0
7317,83075,1
7318,154219,0
7319,46074,0
7320,116717,0
7321,2935,0
7322,108766,0
7323,18168,0
7324,12745,0
7325,36995,0
7326,50423,0
7327,67628,1
7328,79997,0
7329,2007,1
7330,154142,0
7331,13547,0
7332,41096,0
7333,10204,0
7334,54871,0
7335,100847,0
7336,163086,0
7337,65791,0
7338,114822,0
7339,127387,0
7340,94508,1
7341,102436,0
7342,17202,0
7343,38491,0
7344,38762,0
7345,142868,0
7346,159105,0
7347,127275,0
7348,47356,0
7349,103453,1
7350,128280,0
7351,97356,0
7352,97809,1
7353,38755,0
7354,7426,0
7355,101497,0
7356,58768,0
7357,31416,0
7358,90095,0
7359,124244,0
7360,110815,0
7361,1914,0
7362,115719,0
7363,161457,0
7364,95266,0
7365,155109,0
7366,17442,1
7367,31544,1
7368,859,0
7369,92077,0
7370,136302,0
7371,88801,0
7372,7294,0
7373,65375,0
7374,3942,0
7375,139970,0
7376,78848,0
7377,82036,0
7378,80107,0
7379,164377,1
7380,26609,0
7381,2330,0
7382,73730,0
7383,112131,0
7384,32091,1
7385,65449,0
7386,128561,0
7387,150317,0
7388,58384,0
7389,62475,0
7390,21121,0
7391,87784,0
7392,14437,0
7393,8376,0
7394,34802,0
7395,146447,0
7396,93711,0
7397,38016,0
7398,7318,0
7399,133897,0
7400,162839,0
7401,129461,1
7402,91264,0
7403,4063,0
7404,88654,0
7405,20731,0
7406,151753,0
7407,63833,1
7408,7477,1
7409,114086,1
7410,136809,0
7411,81722,0
7412,123835,0
7413,130271,0
7414,105242,0
7415,15253,0
7416,42863,0
7417,1023,0
7418,89748,0
7419,148127,0
7420,8807,0
7421,148634,0
7422,26693,0
7423,123050,0
7424,73208,0
7425,39249,0
7426,92441,0
7427,79607,0
7428,30317,0
7429,117581,0
7430,91990,0
7431,153671,0
7432,26898,0
7433,58899,0
7434,141405,0
7435,98250,0
7436,81054,0
7437,16656,0
7438,144392,1
7439,96803,1
7440,156335,0
7441,63952,0
7442,162164,0
7443,82614,0
7444,134926,0
7445,5541,0
7446,74787,1
7447,32308,0
7448,107003,0
7449,64950,1
7450,154812,0
7451,57314,0
7452,33781,0
7453,61502,1
7454,63545,0
7455,76577,0
7456,52113,0
7457,51377,0
7458,132685,1
7459,161831,0
7460,29276,0
7461,148356,0
7462,9045,0
7463,82980,0
7464,36763,0
7465,43385,0
7466,99589,0
7467,120682,0
7468,97965,0
7469,148709,0
7470,100217,0
7471,32022,0
7472,56875,0
7473,39818,1
7474,61968,0
7475,11029,0
7476,58259,0
7477,63497,0
7478,51997,0
7479,57668,0
7480,55931,1
7481,44227,0
7482,48378,1
7483,125548,0
7484,70070,0
7485,47173,0
7486,85776,0
7487,55909,0
7488,62035,0
7489,9833,0
7490,34535,0
7491,132739,0
7492,53111,0
7493,121851,0
7494,27167,0
7495,97367,0
7496,100317,0
7497,126070,1
7498,97126,0
7499,25173,0
7500,32949,0
7501,65247,1
7502,81017,0
7503,73582,0
7504,71323,1
7505,75256,1
7506,38677,0
7507,3389,0
7508,79208,0
7509,123936,0
7510,91238,0
7511,105299,0
7512,1350,1
7513,12219,0
7514,118762,1
7515,34216,1
7516,62799,0
7517,68112,0
7518,56311,0
7519,32604,0
7520,10020,0
7521,122985,0
7522,42913,0
7523,86366,0
7524,67215,0
7525,45808,0
7526,9685,0
7527,82181,0
7528,61751,0
7529,24053,0
7530,18671,0
7531,128807,0
7532,155395,0
7533,160438,0
7534,150020,1
7535,104787,0
7536,31317,0
7537,127910,0
7538,48090,1
7539,142228,0
7540,159584,0
7541,56082,0
7542,104776,0
7543,30321,0
7544,117897,0
7545,134288,0
7546,71742,0
7547,40813,0
7548,158899,0
7549,124035,0
7550,88363,0
7551,8353,0
7552,24228,1
7553,42864,0
7554,94311,0
7555,23977,0
7556,121520,0
7557,22869,0
7558,58507,0
7559,91282,1
7560,142261,0
7561,46909,0
7562,117616,1
7563,44080,0
7564,44409,0
7565,90233,0
7566,118263,1
7567,5306,0
7568,150414,0
7569,1342,0
7570,90071,1
7571,141373,0
7572,100041,0
7573,128904,0
7574,163929,0
7575,18679,1
7576,116719,1
7577,52748,0
7578,61637,1
7579,73383,0
7580,140076,0
7581,67014,0
7582,131840,0
7583,8301,0
7584,126479,1
7585,107556,0
7586,44750,0
7587,104755,0
7588,154929,0
7589,90052,0
7590,3247,0
7591,119944,0
7592,83990,0
7593,111419,0
7594,128549,0
7595,127924,0
7596,105074,0
7597,42092,0
7598,117563,0
7599,44658,0
7600,122750,0
7601,97114,0
7602,150856,0
7603,49638,0
7604,19773,0
7605,2640,1
7606,50036,0
7607,29631,0
7608,131352,0
7609,61880,0
7610,20997,1
7611,54941,0
7612,44560,1
7613,133092,0
7614,106560,0
7615,58692,1
7616,53598,0
7617,44725,0
7618,73673,0
7619,20813,1
7620,51285,0
7621,93309,0
7622,6430,0
7623,85041,0
7624,137858,0
7625,130519,0
7626,13803,0
7627,116772,0
7628,13197,0
7629,129217,0
7630,104627,0
7631,147734,0
7632,77048,0
7633,85480,0
7634,82832,0
7635,144680,0
7636,87889,0
7637,4878,0
7638,52325,0
7639,134711,0
7640,73906,0
7641,124221,0
7642,96455,0
7643,114381,1
7644,140870,0
7645,117344,0
7646,149831,0
7647,163504,0
7648,93942,0
7649,21862,0
7650,133491,0
7651,1674,0
7652,131722,1
7653,52846,0
7654,19481,0
7655,106406,0
7656,5884,1
7657,73352,0
7658,92859,0
7659,27005,0
7660,5805,0
7661,136630,1
7662,96818,0
7663,82716,0
7664,151272,0
7665,59940,0
7666,146024,0
7667,49356,1
7668,148999,0
7669,73417,0
7670,14017,1
7671,137426,0
7672,44738,0
7673,66418,0
7674,23286,0
7675,141133,0
7676,62080,0
7677,133090,0
7678,10068,0
7679,41865,0
7680,85400,1
7681,56815,0
7682,135787,0
7683,110931,1
7684,111904,0
7685,59421,0
7686,105800,0
7687,25867,1
7688,78590,0
7689,148310,0
7690,84888,0
7691,29658,1
7692,16681,1
7693,63323,1
7694,103269,0
7695,126997,0
7696,55017,0
7697,148203,0
7698,21630,1
7699,367,0
7700,102600,0
7701,97075,0
7702,51741,0
7703,59330,1
7704,43126,0
7705,40573,0
7706,13265,0
7707,73568,0
7708,16303,0
7709,129972,1
7710,74568,0
7711,87625,1
7712,63188,0
7713,91249,1
7714,134807,0
7715,22435,0
7716,141821,0
7717,149599,0
7718,16729,0
7719,89431,1
7720,122464,0
7721,56175,0
7722,42309,0
7723,120120,0
7724,150214,0
7725,29226,0
7726,47610,0
7727,49491,0
7728,63810,0
7729,135291,1
7730,12409,1
7731,46724,1
7732,130462,0
7733,999,0
7734,137837,0
7735,54246,0
7736,56364,0
7737,131387,0
7738,142641,0
7739,74525,0
7740,71233,1
7741,155737,0
7742,4317,0
7743,61257,1
7744,63412,0
7745,38602,0
7746,94434,0
7747,164263,1
7748,73227,0
7749,64263,0
7750,2400,0
7751,71598,0
7752,9747,0
7753,32170,0
7754,22543,0
7755,34232,0
7756,7902,0
7757,44145,0
7758,85098,0
7759,90115,0
7760,6132,0
7761,79264,0
7762,144401,0
7763,43156,0
7764,12455,0
7765,163191,1
7766,67626,0
7767,160647,1
7768,102383,0
7769,70430,0
7770,31835,1
7771,144555,0
7772,158973,0
7773,70397,0
7774,71274,0
7775,85467,0
7776,47249,0
7777,128090,0
7778,89234,0
7779,22415,0
7780,7529,0
7781,64006,0
7782,162506,0
7783,108381,1
7784,120435,1
7785,132153,0
7786,107521,0
7787,154981,1
7788,148939,1
7789,80902,0
7790,18025,1
7791,11080,0
7792,91597,0
7793,117784,0
7794,64262,0
7795,7493,0
7796,55540,0
7797,127557,0
7798,66032,0
7799,39667,0
7800,99588,0
7801,147286,0
7802,143102,0
7803,31021,0
7804,72057,0
7805,68259,0
7806,97218,0
7807,85043,0
7808,136884,0
7809,81929,0
7810,37623,0
7811,52955,0
7812,1352,0
7813,126098,0
7814,120888,1
7815,85142,0
7816,103566,0
7817,162405,0
7818,80433,0
7819,162893,0
7820,137069,0
7821,123253,1
7822,118099,1
7823,9181,0
7824,63314,0
7825,89791,0
7826,83143,0
7827,107185,0
7828,115856,0
7829,148000,1
7830,106659,0
7831,163062,0
7832,55646,0
7833,118994,0
7834,17562,0
7835,14093,0
7836,116206,0
7837,132445,0
7838,25029,0
7839,38199,0
7840,63628,0
7841,164758,0
7842,4642,1
7843,57926,0
7844,147091,0
7845,74083,0
7846,159335,0
7847,109197,1
7848,22558,0
7849,73426,0
7850,133498,0
7851,98452,0
7852,86653,0
7853,31613,0
7854,78504,0
7855,112031,0
7856,156207,0
7857,124422,0
7858,160420,0
7859,80217,0
7860,21680,0
7861,67111,0
7862,106890,0
7863,18477,1
7864,100313,0
7865,33382,0
7866,133462,0
7867,115181,0
7868,16259,0
7869,105889,0
7870,125958,0
7871,110573,0
7872,152032,0
7873,2124,0
7874,143220,0
7875,12058,0
7876,106438,0
7877,116189,0
7878,77249,1
7879,23579,0
7880,100102,0
7881,99522,0
7882,140611,0
7883,116204,0
7884,66145,0
7885,91913,0
7886,116700,0
7887,97467,0
7888,134028,1
7889,88317,0
7890,127724,0
7891,98040,0
7892,15367,0
7893,125809,1
7894,119069,1
7895,148418,0
7896,72611,0
7897,164386,1
7898,49431,0
7899,112976,0
7900,57225,0
7901,5928,0
7902,91104,0
7903,98107,0
7904,66221,0
7905,124305,0
7906,150019,1
7907,82060,0
7908,149877,0
7909,87369,0
7910,77270,0
7911,146821,0
7912,81432,0
7913,119217,0
7914,21073,0
7915,100306,0
7916,58408,0
7917,82365,1
7918,41816,0
7919,84348,0
7920,117666,0
7921,10929,0
7922,128910,0
7923,123409,1
7924,240,0
7925,91685,0
7926,19412,1
7927,26739,0
7928,87470,0
7929,159676,0
7930,14627,0
7931,66282,0
7932,90062,0
7933,91415,0
7934,28778,0
7935,75465,0
7936,20787,0
7937,109877,0
7938,66677,0
7939,30148,0
7940,112922,0
7941,71410,0
7942,24677,0
7943,141303,0
7944,84310,0
7945,131967,0
7946,11301,0
7947,34569,0
7948,21159,0
7949,149093,0
7950,23145,1
7951,5582,0
7952,133062,0
7953,45547,1
7954,37454,0
7955,117516,0
7956,11101,0
7957,99918,0
7958,88355,0
7959,140016,0
7960,2427,1
7961,84253,0
7962,19472,1
7963,154514,0
7964,80024,0
7965,59018,0
7966,135184,0
7967,10040,0
7968,113354,0
7969,150027,1
7970,16886,0
7971,156160,0
7972,98565,0
7973,95190,1
7974,40028,0
7975,9556,0
7976,100743,0
7977,22256,0
7978,160265,1
7979,28498,0
7980,6636,0
7981,5837,0
7982,4851,0
7983,138624,0
7984,46342,0
7985,74953,0
7986,90093,0
7987,121101,0
7988,15759,0
7989,116819,0
7990,113507,1
7991,14950,1
7992,104132,1
7993,120968,1
7994,42957,0
7995,13578,0
7996,86183,0
7997,12046,0
7998,50495,0
7999,52658,0
8000,118539,0
8001,163696,0
8002,48681,0
8003,7483,0
8004,28,1
8005,158980,0
8006,161355,0
8007,20204,0
8008,44803,1
8009,89947,1
8010,109783,0
8011,29728,0
8012,9244,0
8013,18912,1
8014,125616,1
8015,160800,0
8016,131947,0
8017,135806,0
8018,98094,0
8019,10339,0
8020,93140,0
8021,99860,0
8022,77155,0
8023,45171,0
8024,37045,0
8025,130354,0
8026,82399,0
8027,94658,1
8028,74415,0
8029,53489,0
8030,142193,1
8031,143746,0
8032,90123,0
8033,12285,0
8034,60523,0
8035,34372,0
8036,7653,0
8037,32835,0
8038,155965,1
8039,126296,0
8040,12501,0
8041,13914,0
8042,71258,0
8043,98553,0
8044,75676,0
8045,134825,0
8046,42243,0
8047,124531,0
8048,164224,0
8049,21948,0
8050,10843,1
8051,84504,0
8052,134308,0
8053,122141,0
8054,44044,0
8055,83810,0
8056,45397,0
8057,115992,0
8058,114958,0
8059,125054,0
8060,70495,1
8061,82625,1
8062,107740,0
8063,1879,0
8064,68169,0
8065,1928,0
8066,61560,0
8067,140027,0
8068,26456,0
8069,66848,1
8070,14301,0
8071,121574,0
8072,14664,0
8073,143314,0
8074,43795,0
8075,66334,0
8076,67755,1
8077,157200,0
8078,80358,0
8079,73251,0
8080,112372,1
8081,77545,0
8082,148405,0
8083,132116,0
8084,71878,1
8085,52125,0
8086,113194,0
8087,48280,0
8088,72508,0
8089,27321,0
8090,101254,0
8091,79132,0
8092,130607,0
8093,151628,0
8094,9775,0
8095,100017,1
8096,99497,0
8097,107117,1
8098,126376,0
8099,4983,0
8100,99837,0
8101,42378,0
8102,114122,0
8103,151998,0
8104,51480,1
8105,130817,0
8106,23645,0
8107,136689,0
8108,123000,0
8109,129121,0
8110,78939,0
8111,63062,0
8112,161941,0
8113,20893,0
8114,94549,0
8115,80117,0
8116,113863,0
8117,138201,0
8118,34796,0
8119,147582,0
8120,118218,0
8121,53336,0
8122,59988,1
8123,96855,1
8124,123598,1
8125,102326,0
8126,21578,0
8127,34764,0
8128,68814,0
8129,79748,0
8130,96716,0
8131,132860,0
8132,124693,0
8133,135451,0
8134,38868,0
8135,20348,1
8136,116931,0
8137,155333,0
8138,69828,0
8139,90275,0
8140,21919,0
8141,34979,1
8142,133301,0
8143,130474,0
8144,152437,0
8145,123555,0
8146,16562,0
8147,39313,0
8148,17985,0
8149,103303,0
8150,104861,0
8151,118854,1
8152,137319,0
8153,88491,0
8154,13313,0
8155,2414,1
8156,70563,0
8157,79871,0
8158,103159,0
8159,147553,0
8160,19374,1
8161,147591,0
8162,65949,0
8163,66105,0
8164,75449,0
8165,142425,0
8166,68800,0
8167,94493,0
8168,14098,0
8169,18208,0
8170,131272,0
8171,58643,0
8172,151669,1
8173,103411,0
8174,56284,0
8175,69179,0
8176,43238,0
8177,24566,1
8178,8443,0
8179,95655,0
8180,151556,0
8181,62857,1
8182,158335,0
8183,78510,0
8184,65695,0
8185,160675,0
8186,75101,0
8187,92700,1
8188,155028,0
8189,66912,0
8190,102532,0
8191,66975,0
8192,133288,0
8193,119816,0
8194,146871,0
8195,79412,0
8196,135968,0
8197,102755,0
8198,53268,0
8199,126115,0
8200,723,0
8201,138941,0
8202,38778,0
8203,33147,0
8204,14088,0
8205,113525,0
8206,59248,0
8207,108073,1
8208,3628,0
8209,80322,0
8210,76531,0
8211,159333,0
8212,137857,0
8213,139135,1
8214,115628,0
8215,102635,1
8216,21924,0
8217,87401,1
8218,135542,0
8219,154388,0
8220,65365,0
8221,52288,0
8222,74180,0
8223,7669,0
8224,144294,1
8225,66905,0
8226,145013,0
8227,70180,0
8228,122664,0
8229,1824,0
8230,43814,0
8231,92298,0
8232,43628,0
8233,36978,0
8234,14908,0
8235,150730,0
8236,31357,0
8237,3539,0
8238,88903,0
8239,132107,0
8240,154000,0
8241,5803,0
8242,128403,0
8243,128671,0
8244,37412,0
8245,154605,0
8246,53466,0
8247,100597,0
8248,63524,0
8249,55604,0
8250,581,0
8251,113357,0
8252,41015,0
8253,78488,0
8254,132398,0
8255,90783,1
8256,80114,0
8257,105415,0
8258,47113,0
8259,77938,1
8260,125196,0
8261,107696,0
8262,25107,1
8263,81604,0
8264,103022,0
8265,102458,0
8266,48350,0
8267,60382,0
8268,84005,0
8269,35505,0
8270,151118,0
8271,109299,0
8272,74299,0
8273,26235,0
8274,65298,0
8275,94252,0
8276,4594,0
8277,109702,0
8278,140639,0
8279,53371,0
8280,69736,0
8281,9641,0
8282,124464,0
8283,1946,0
8284,100283,0
8285,109505,0
8286,97499,0
8287,17145,1
8288,50899,0
8289,74511,0
8290,143958,0
8291,27878,0
8292,41123,0
8293,106742,0
8294,125538,0
8295,73185,0
8296,102462,0
8297,104583,1
8298,127179,1
8299,55218,0
8300,142922,1
8301,103633,1
8302,124196,0
8303,31185,0
8304,117578,1
8305,52047,0
8306,50074,1
8307,107595,0
8308,86541,1
8309,137636,0
8310,18824,0
8311,103150,1
8312,105,0
8313,127795,0
8314,161823,0
8315,74048,0
8316,42451,1
8317,12124,0
8318,90294,0
8319,91939,0
8320,23687,0
8321,110795,0
8322,57960,0
8323,127281,0
8324,13039,0
8325,95286,0
8326,30610,0
8327,47322,0
8328,48334,0
8329,58636,0
8330,83324,0
8331,95843,0
8332,62507,0
8333,133740,0
8334,79667,0
8335,50442,0
8336,73667,1
8337,45294,0
8338,149659,0
8339,41903,0
8340,100841,0
8341,130859,0
8342,147081,0
8343,157698,0
8344,95273,0
8345,98743,0
8346,57781,0
8347,158020,1
8348,49517,0
8349,101910,0
8350,86860,0
8351,9062,1
8352,33261,0
8353,102194,0
8354,111428,0
8355,44304,0
8356,17422,0
8357,19838,0
8358,61344,0
8359,103601,0
8360,68709,0
8361,39063,0
8362,157464,0
8363,1207,0
8364,143971,0
8365,122099,0
8366,98504,0
8367,157162,0
8368,86782,0
8369,55175,0
8370,34491,1
8371,136199,0
8372,73074,0
8373,6191,0
8374,103322,0
8375,1391,0
8376,111354,0
8377,51625,1
8378,10312,1
8379,113212,0
8380,105044,1
8381,122022,0
8382,13244,0
8383,118734,0
8384,2595,0
8385,94860,0
8386,71317,0
8387,87751,1
8388,40729,0
8389,65956,0
8390,7660,1
8391,55859,1
8392,143931,0
8393,22782,0
8394,140010,0
8395,17834,0
8396,95862,0
8397,22500,0
8398,119242,0
8399,164658,0
8400,273,0
8401,71143,1
8402,82132,1
8403,18547,0
8404,82116,0
8405,25272,0
8406,86560,1
8407,161236,0
8408,57594,0
8409,138745,0
8410,129294,0
8411,61203,0
8412,121483,0
8413,137088,0
8414,40852,1
8415,70075,0
8416,80311,0
8417,37377,1
8418,82263,0
8419,55385,0
8420,139885,0
8421,143175,0
8422,25930,0
8423,84952,0
8424,156130,0
8425,158849,0
8426,75349,0
8427,124083,0
8428,10559,0
8429,153817,0
8430,137587,1
8431,136459,1
8432,88786,0
8433,112877,0
8434,72797,1
8435,141275,0
8436,154962,0
8437,117219,0
8438,69611,0
8439,18859,1
8440,136020,0
8441,55322,1
8442,142460,1
8443,155289,0
8444,19315,1
8445,46777,0
8446,159487,0
8447,73493,0
8448,96117,0
8449,84443,1
8450,54274,0
8451,130548,1
8452,54600,0
8453,83456,0
8454,95151,0
8455,4372,0
8456,127210,0
8457,157252,0
8458,78685,0
8459,72167,0
8460,30264,0
8461,55580,0
8462,94053,0
8463,147442,0
8464,51297,0
8465,38517,0
8466,77151,0
8467,152611,0
8468,54504,0
8469,68368,1
8470,17229,1
8471,152573,0
8472,27071,0
8473,64441,0
8474,46275,0
8475,159008,0
8476,60163,0
8477,126328,0
8478,161663,0
8479,22799,0
8480,149147,0
8481,158386,0
8482,49300,1
8483,92159,0
8484,95997,1
8485,102551,1
8486,144634,0
8487,26394,1
8488,130583,0
8489,65044,0
8490,148612,0
8491,121894,0
8492,6490,0
8493,83772,0
8494,149986,0
8495,163140,1
8496,2308,0
8497,113562,0
8498,142379,0
8499,81284,0
8500,39110,0
8501,3831,0
8502,69229,0
8503,19322,0
8504,126463,0
8505,26301,0
8506,66174,0
8507,48143,0
8508,115981,0
8509,132976,0
8510,108486,0
8511,120594,1
8512,106126,0
8513,132300,0
8514,136229,0
8515,85424,0
8516,36711,0
8517,82969,0
8518,30577,0
8519,101165,0
8520,97162,0
8521,7303,0
8522,45492,0
8523,76977,0
8524,56491,0
8525,74635,0
8526,15660,0
8527,139247,0
8528,146092,0
8529,88201,0
8530,124572,0
8531,2005,1
8532,142578,0
8533,14989,0
8534,143572,1
8535,140659,0
8536,115002,0
8537,113561,0
8538,33525,0
8539,116452,0
8540,47091,0
8541,94194,0
8542,37072,0
8543,159470,0
8544,65433,0
8545,144897,0
8546,118907,1
8547,102537,0
8548,24779,0
8549,63231,0
8550,38386,0
8551,1864,0
8552,101279,0
8553,123272,0
8554,114299,0
8555,72412,0
8556,152238,0
8557,2992,1
8558,36175,0
8559,149523,1
8560,20435,0
8561,10170,0
8562,18455,0
8563,66985,0
8564,125303,0
8565,95894,0
8566,45319,0
8567,5189,0
8568,109969,1
8569,6977,0
8570,751,1
8571,118538,0
8572,14342,0
8573,135667,0
8574,36283,0
8575,48398,0
8576,82576,0
8577,111675,0
8578,130508,0
8579,54998,0
8580,6102,0
8581,103393,0
8582,148481,0
8583,161984,0
8584,31862,0
8585,122597,0
8586,34330,0
8587,156017,0
8588,9608,0
8589,98664,0
8590,94519,0
8591,136491,0
8592,124189,0
8593,30113,0
8594,78885,0
8595,89934,0
8596,139124,0
8597,31230,1
8598,151207,1
8599,164282,0
8600,88480,0
8601,31843,0
8602,108053,0
8603,163218,0
8604,87739,1
8605,9762,0
8606,77473,0
8607,157660,0
8608,141335,0
8609,101964,1
8610,77949,0
8611,22379,1
8612,101196,0
8613,160352,0
8614,22539,0
8615,20820,0
8616,155188,0
8617,105178,0
8618,36638,0
8619,80251,0
8620,40760,0
8621,164631,0
8622,137582,0
8623,91612,0
8624,7916,1
8625,137469,0
8626,25518,0
8627,150447,0
8628,2270,0
8629,19399,0
8630,7582,0
8631,133437,0
8632,25855,0
8633,92013,0
8634,148925,0
8635,46539,1
8636,113714,0
8637,46746,0
8638,92701,0
8639,110868,0
8640,7350,0
8641,68243,0
8642,119461,0
8643,131986,0
8644,82294,0
8645,67929,0
8646,94494,1
8647,20561,0
8648,26794,0
8649,58276,0
8650,5731,0
8651,34519,0
8652,113148,0
8653,51760,0
8654,13643,1
8655,88259,0
8656,153951,0
8657,19272,0
8658,17381,0
8659,15442,0
8660,73368,1
8661,143301,0
8662,47308,1
8663,123802,0
8664,56242,0
8665,160461,0
8666,164947,1
8667,137888,0
8668,104614,1
8669,38500,0
8670,18302,1
8671,59226,1
8672,121748,1
8673,49311,0
8674,151599,0
8675,43719,0
8676,77597,0
8677,59815,0
8678,98087,1
8679,77619,0
8680,4779,1
8681,66391,0
8682,19526,0
8683,89962,0
8684,85103,1
8685,11136,1
8686,13072,0
8687,164341,0
8688,164694,0
8689,135710,0
8690,122572,0
8691,50481,0
8692,15401,0
8693,54179,0
8694,149504,0
8695,140543,0
8696,58622,0
8697,146085,0
8698,117798,1
8699,45313,0
8700,118133,0
8701,45901,1
8702,40780,0
8703,155162,1
8704,21552,0
8705,115376,0
8706,111190,0
8707,12029,1
8708,148701,0
8709,92926,1
8710,161660,0
8711,146916,0
8712,151438,1
8713,36386,0
8714,50165,0
8715,53724,0
8716,103340,0
8717,74782,1
8718,21566,0
8719,7770,0
8720,67292,0
8721,4220,1
8722,67256,0
8723,159132,0
8724,69487,0
8725,58067,0
8726,45961,0
8727,55134,0
8728,58092,1
8729,118473,0
8730,46750,0
8731,64036,0
8732,137115,0
8733,42902,0
8734,99056,0
8735,139765,1
8736,7730,1
8737,153339,0
8738,135641,0
8739,161885,0
8740,94567,1
8741,149406,0
8742,98521,0
8743,106689,0
8744,12250,0
8745,148915,0
8746,7553,1
8747,37107,0
8748,51183,1
8749,151752,1
8750,68370,0
8751,83855,0
8752,48641,1
8753,58487,1
8754,150286,0
8755,104319,0
8756,161696,1
8757,143795,0
8758,112266,0
8759,99318,0
8760,140374,0
8761,87593,1
8762,139220,1
8763,89683,0
8764,30043,0
8765,118819,0
8766,2413,0
8767,17117,0
8768,60493,1
8769,113921,0
8770,101523,0
8771,26834,1
8772,74148,0
8773,72183,0
8774,36328,0
8775,71502,0
8776,98047,0
8777,134642,0
8778,56080,0
8779,54068,0
8780,127542,0
8781,151180,0
8782,158781,1
8783,120504,1
8784,147338,0
8785,6698,0
8786,112720,0
8787,134824,0
8788,22158,0
8789,138352,0
8790,117384,0
8791,65050,1
8792,22190,0
8793,80975,0
8794,45551,0
8795,140248,0
8796,62638,0
8797,153412,0
8798,106676,0
8799,53938,1
8800,121240,0
8801,120894,0
8802,23310,0
8803,8815,0
8804,76632,0
8805,2988,0
8806,85389,0
8807,18860,0
8808,10677,0
8809,155611,0
8810,92499,0
8811,133590,0
8812,111721,0
8813,132301,0
8814,67706,0
8815,99184,0
8816,116072,1
8817,31718,0
8818,138299,0
8819,80202,0
8820,14391,0
8821,99058,0
8822,23592,1
8823,139407,1
8824,137716,0
8825,75545,0
8826,62874,0
8827,121739,0
8828,38331,0
8829,45992,0
8830,76899,0
8831,42876,0
8832,46369,0
8833,84671,0
8834,115636,0
8835,48517,0
8836,119756,0
8837,27490,0
8838,65970,1
8839,25708,0
8840,109765,0
8841,83926,0
8842,26366,0
8843,60394,0
8844,144745,0
8845,90225,0
8846,7577,0
8847,43035,1
8848,156809,0
8849,65930,0
8850,14249,0
8851,59544,0
8852,59696,0
8853,12869,0
8854,7256,0
8855,65252,1
8856,51865,1
8857,135994,0
8858,128564,1
8859,15206,1
8860,10652,0
8861,36103,1
8862,137467,0
8863,121381,1
8864,23471,0
8865,153027,0
8866,17316,0
8867,131109,0
8868,139975,0
8869,95631,0
8870,8400,0
8871,95571,0
8872,103834,0
8873,118007,0
8874,29914,0
8875,30382,0
8876,63081,0
8877,18998,1
8878,13691,1
8879,127225,0
8880,120047,0
8881,156705,0
8882,81357,0
8883,106076,0
8884,30074,1
8885,119278,0
8886,110171,0
8887,151598,0
8888,9914,0
8889,87386,0
8890,15089,0
8891,103397,0
8892,121382,0
8893,70263,0
8894,40370,0
8895,88071,1
8896,27494,0
8897,80826,0
8898,85367,0
8899,55238,0
8900,123404,0
8901,140404,0
8902,46642,0
8903,88026,0
8904,121301,0
8905,42526,0
8906,66292,0
8907,36287,0
8908,154897,0
8909,40317,0
8910,70053,0
8911,149295,0
8912,60842,0
8913,153470,0
8914,44620,0
8915,98729,0
8916,27667,0
8917,51896,0
8918,52887,0
8919,66633,0
8920,96543,0
8921,84394,0
8922,3593,0
8923,74293,0
8924,126041,0
8925,121767,0
8926,15153,0
8927,58080,0
8928,154279,0
8929,63467,1
8930,29773,0
8931,49391,0
8932,156330,0
8933,9679,1
8934,131415,0
8935,122305,0
8936,29329,1
8937,99723,0
8938,5532,0
8939,21330,0
8940,966,1
8941,127905,1
8942,85184,0
8943,108440,0
8944,93534,0
8945,149087,0
8946,38765,0
8947,88925,0
8948,84204,0
8949,13931,1
8950,87224,0
8951,87551,0
8952,88635,0
8953,66954,0
8954,135947,0
8955,129643,0
8956,89352,0
8957,147978,0
8958,4284,0
8959,43892,0
8960,14962,0
8961,161609,0
8962,46536,0
8963,162117,0
8964,38484,0
8965,12796,0
8966,33970,0
8967,116220,0
8968,56303,0
8969,162336,0
8970,7920,0
8971,81970,0
8972,46524,1
8973,160380,0
8974,59775,0
8975,139718,0
8976,153115,0
8977,141337,0
8978,121055,0
8979,158869,0
8980,158924,0
8981,68060,0
8982,119362,0
8983,30418,0
8984,22495,0
8985,11334,1
8986,101760,1
8987,162566,1
8988,99083,0
8989,15680,0
8990,31247,0
8991,147544,0
8992,92590,0
8993,43672,1
8994,98865,0
8995,69849,0
8996,131973,1
8997,133822,0
8998,19733,0
8999,144949,1
9000,38918,1
9001,129829,0
9002,163619,0
9003,138945,1
9004,59040,0
9005,96674,0
9006,26396,0
9007,58291,1
9008,36381,1
9009,31376,0
9010,144786,0
9011,164835,0
9012,158658,0
9013,91976,0
9014,61198,0
9015,4660,0
9016,150715,0
9017,67876,0
9018,74157,0
9019,148647,0
9020,108115,0
9021,65642,0
9022,32847,0
9023,109673,1
9024,104566,1
9025,46985,0
9026,103296,1
9027,139171,0
9028,83479,0
9029,130199,0
9030,158459,0
9031,125492,0
9032,145106,0
9033,123771,1
9034,27613,0
9035,6613,0
9036,65985,0
9037,1464,0
9038,131894,0
9039,24836,0
9040,130404,0
9041,9873,0
9042,14414,0
9043,74070,0
9044,51952,0
9045,129664,0
9046,39605,0
9047,101513,0
9048,84188,1
9049,55341,0
9050,92583,0
9051,82746,0
9052,34193,0
9053,150916,0
9054,59035,0
9055,69072,0
9056,89655,0
9057,105895,1
9058,91942,0
9059,128454,0
9060,123021,0
9061,64746,0
9062,157065,0
9063,25476,0
9064,321,0
9065,145279,0
9066,93908,0
9067,89241,0
9068,66071,0
9069,21490,1
9070,49632,0
9071,26548,0
9072,70865,0
9073,86934,0
9074,306,0
9075,105694,1
9076,79563,0
9077,45671,0
9078,144196,0
9079,5102,1
9080,24415,0
9081,147863,0
9082,37864,0
9083,47734,0
9084,28598,0
9085,38710,0
9086,17270,0
9087,8518,0
9088,62286,0
9089,109115,0
9090,33159,0
9091,138207,0
9092,88456,0
9093,163620,0
9094,89594,0
9095,128870,0
9096,83559,1
9097,20110,1
9098,5374,0
9099,18881,0
9100,119108,1
9101,154924,0
9102,163396,0
9103,111537,1
9104,58305,0
9105,111974,0
9106,56263,0
9107,87033,0
9108,109963,0
9109,111321,0
9110,71314,1
9111,25169,0
9112,125053,1
9113,129588,0
9114,102701,1
9115,125591,0
9116,42435,1
9117,77152,0
9118,58191,0
9119,23220,1
9120,4347,0
9121,102989,0
9122,91825,0
9123,20736,0
9124,45467,0
9125,60168,1
9126,3921,0
9127,38302,0
9128,44046,0
9129,124410,0
9130,73018,0
9131,81751,0
9132,168,0
9133,53566,1
9134,18691,0
9135,139797,0
9136,53906,0
9137,162242,0
9138,8497,0
9139,130248,1
9140,72042,0
9141,124621,0
9142,64754,0
9143,49899,0
9144,41821,0
9145,61204,0
9146,87482,0
9147,145857,0
9148,129268,0
9149,146073,0
9150,69054,0
9151,82602,0
9152,40972,1
9153,37919,0
9154,61559,0
9155,56684,1
9156,73874,0
9157,32160,0
9158,154862,0
9159,149642,0
9160,87063,1
9161,113909,0
9162,19892,0
9163,113353,0
9164,84301,0
9165,114181,0
9166,11442,0
9167,103975,0
9168,136442,0
9169,110371,1
9170,85133,0
9171,738,1
9172,33428,0
9173,93144,1
9174,127197,0
9175,19858,0
9176,88637,0
9177,146833,0
9178,160441,0
9179,33223,0
9180,157059,0
9181,74096,0
9182,22915,0
9183,38299,0
9184,43407,0
9185,47840,0
9186,81660,0
9187,89370,1
9188,94561,0
9189,81808,0
9190,69433,0
9191,62790,1
9192,61107,0
9193,130400,0
9194,146494,0
9195,128761,0
9196,54378,0
9197,11224,0
9198,155757,0
9199,49945,1
9200,93286,0
9201,104035,0
9202,119996,0
9203,154647,1
9204,132095,0
9205,3253,1
9206,77459,0
9207,155233,1
9208,18770,0
9209,116162,0
9210,2364,0
9211,6797,0
9212,38456,0
9213,22349,0
9214,103042,0
9215,7243,0
9216,24855,0
9217,588,0
9218,34927,0
9219,126769,0
9220,18829,0
9221,37263,0
9222,106727,0
9223,65359,0
9224,113140,0
9225,36958,0
9226,41971,0
9227,157474,0
9228,164579,0
9229,123322,1
9230,89326,0
9231,153394,0
9232,52594,0
9233,120271,0
9234,19780,1
9235,124786,0
9236,112330,1
9237,112281,0
9238,93081,0
9239,22364,0
9240,21717,0
9241,78289,0
9242,163680,0
9243,53093,0
9244,143738,0
9245,99000,0
9246,89978,0
9247,45825,0
9248,131426,0
9249,109170,1
9250,71959,0
9251,18875,0
9252,103868,0
9253,13964,0
9254,25767,0
9255,2669,1
9256,50106,1
9257,117789,0
9258,15446,1
9259,54426,0
9260,6626,0
9261,43092,0
9262,80519,0
9263,18219,0
9264,137157,1
9265,65061,1
9266,39898,0
9267,76183,1
9268,68156,0
9269,60427,0
9270,12143,0
9271,18080,1
9272,28102,0
9273,18782,0
9274,127982,0
9275,96719,0
9276,145416,0
9277,133872,0
9278,139968,1
9279,85525,0
9280,98119,0
9281,75876,0
9282,8323,0
9283,73694,0
9284,95296,0
9285,115204,0
9286,25502,1
9287,26799,0
9288,84591,0
9289,115019,1
9290,82861,1
9291,93508,0
9292,136419,0
9293,135248,0
9294,102449,0
9295,69598,0
9296,75767,1
9297,126434,1
9298,14713,0
9299,10358,0
9300,162943,0
9301,119076,0
9302,82600,0
9303,102391,0
9304,105229,1
9305,38217,0
9306,114278,1
9307,129081,0
9308,36827,0
9309,56579,0
9310,84873,0
9311,16839,0
9312,26855,0
9313,67689,0
9314,20193,0
9315,4127,0
9316,158272,1
9317,97642,0
9318,121795,0
9319,45491,0
9320,91790,0
9321,78863,1
9322,30931,0
9323,44655,0
9324,3017,1
9325,57330,0
9326,58261,0
9327,3653,1
9328,146289,0
9329,124865,0
9330,158199,0
9331,2148,0
9332,110462,1
9333,135925,1
9334,76583,0
9335,19185,0
9336,132058,1
9337,6155,0
9338,105569,0
9339,125000,0
9340,151812,0
9341,20581,0
9342,43162,0
9343,5220,0
9344,56923,0
9345,154244,0
9346,6886,0
9347,34533,1
9348,160972,0
9349,152214,0
9350,44918,0
9351,38613,0
9352,7263,0
9353,38879,0
9354,19314,0
9355,154164,0
9356,51711,0
9357,105673,0
9358,99636,0
9359,63815,0
9360,85150,0
9361,45280,0
9362,18818,0
9363,103070,0
9364,55415,0
9365,43923,0
9366,71295,0
9367,17908,0
9368,109162,0
9369,52786,0
9370,47491,1
9371,36459,0
9372,84345,0
9373,120316,1
9374,103106,1
9375,16758,0
9376,70578,0
9377,84336,0
9378,144739,0
9379,80680,0
9380,29655,0
9381,31008,0
9382,136386,0
9383,81446,0
9384,120995,0
9385,20579,0
9386,119021,0
9387,146703,1
9388,77722,1
9389,64470,0
9390,6204,1
9391,2245,1
9392,79012,0
9393,81104,0
9394,78604,0
9395,119796,0
9396,4862,0
9397,9862,0
9398,40173,1
9399,3652,0
9400,127512,0
9401,12330,0
9402,36349,0
9403,163536,1
9404,67687,0
9405,24935,1
9406,147571,0
9407,78505,0
9408,46829,0
9409,52497,0
9410,6226,1
9411,45406,0
9412,111346,0
9413,41921,0
9414,109435,0
9415,75346,0
9416,22847,0
9417,52442,0
9418,131546,0
9419,164343,0
9420,30515,0
9421,101665,0
9422,27678,0
9423,10308,0
9424,130419,0
9425,113703,0
9426,142086,1
9427,136079,0
9428,158131,0
9429,41056,0
9430,55703,0
9431,50391,0
9432,116838,0
9433,32910,0
9434,150832,1
9435,58923,0
9436,96966,0
9437,82870,1
9438,64955,1
9439,138029,0
9440,104772,0
9441,3071,0
9442,144781,0
9443,114805,0
9444,1063,1
9445,148045,0
9446,158128,0
9447,62010,0
9448,129591,0
9449,58209,0
9450,96119,0
9451,30793,0
9452,153549,0
9453,4620,0
9454,82697,1
9455,129944,0
9456,155369,0
9457,80471,0
9458,160570,0
9459,150207,0
9460,14498,0
9461,145010,0
9462,21169,0
9463,45323,0
9464,72855,0
9465,97647,0
9466,148548,1
9467,112575,0
9468,33931,0
9469,28558,0
9470,69573,0
9471,17120,1
9472,146884,0
9473,90813,0
9474,157114,0
9475,94867,0
9476,92596,0
9477,106142,0
9478,157166,0
9479,16196,1
9480,72199,0
9481,87366,0
9482,34547,0
9483,78785,1
9484,46046,0
9485,56465,0
9486,102336,0
9487,2836,0
9488,81015,0
9489,54769,0
9490,13204,0
9491,22725,0
9492,153285,1
9493,12871,0
9494,55753,1
9495,120429,1
9496,66131,1
9497,15485,0
9498,157346,0
9499,97849,1
9500,117241,0
9501,81989,0
9502,90932,0
9503,92937,1
9504,78838,0
9505,50202,0
9506,146384,1
9507,61499,0
9508,89320,0
9509,113341,0
9510,40756,0
9511,152947,0
9512,112782,0
9513,130241,0
9514,77870,0
9515,42357,1
9516,68346,0
9517,94176,0
9518,52988,0
9519,105254,0
9520,25016,0
9521,23562,0
9522,126751,0
9523,152456,1
9524,159302,0
9525,87080,0
9526,145005,0
9527,41396,0
9528,49438,0
9529,136089,1
9530,143070,0
9531,11893,0
9532,157697,0
9533,140631,0
9534,2665,0
9535,4534,0
9536,22773,0
9537,29398,0
9538,16397,1
9539,85720,0
9540,149178,0
9541,105850,0
9542,112409,0
9543,19640,0
9544,3191,1
9545,103172,0
9546,140349,0
9547,48307,0
9548,68062,0
9549,45635,0
9550,88213,0
9551,163349,0
9552,71099,0
9553,64647,0
9554,29519,0
9555,144141,0
9556,54508,0
9557,129767,0
9558,67038,0
9559,68492,0
9560,119487,0
9561,42292,0
9562,73186,0
9563,15310,0
9564,38435,0
9565,164266,0
9566,136794,1
9567,158663,0
9568,51387,0
9569,65351,0
9570,158960,1
9571,80483,0
9572,106629,0
9573,61762,0
9574,88328,0
9575,149299,0
9576,87338,0
9577,24878,1
9578,29147,0
9579,37136,0
9580,8519,0
9581,100864,0
9582,82603,0
9583,149238,0
9584,99217,0
9585,5107,0
9586,102982,0
9587,19168,0
9588,56884,0
9589,108164,0
9590,74989,0
9591,44372,0
9592,134662,0
9593,158380,0
9594,105227,1
9595,129736,0
9596,118107,0
9597,73608,0
9598,138792,0
9599,136722,0
9600,145858,0
9601,118166,0
9602,76562,0
9603,126050,0
9604,69610,0
9605,24902,1
9606,81719,1
9607,157069,0
9608,47630,0
9609,146484,0
9610,144289,0
9611,136205,0
9612,35469,0
9613,87000,0
9614,148142,0
9615,64399,0
9616,40777,1
9617,62308,1
9618,131096,0
9619,131078,0
9620,10493,0
9621,91198,0
9622,69492,1
9623,113668,0
9624,106960,0
9625,114270,0
9626,132459,0
9627,150868,0
9628,67431,0
9629,97839,0
9630,122372,1
9631,48109,1
9632,64042,0
9633,141899,0
9634,9769,0
9635,52099,0
9636,129712,0
9637,98256,0
9638,84801,0
9639,19656,1
9640,79338,0
9641,104958,0
9642,634,1
9643,155413,0
9644,28175,0
9645,34823,0
9646,152586,0
9647,24763,0
9648,108782,0
9649,22489,0
9650,84123,0
9651,145451,0
9652,141613,0
9653,86501,0
9654,39995,0
9655,103620,0
9656,95665,0
9657,142366,0
9658,8141,1
9659,122065,0
9660,65863,0
9661,9064,0
9662,27594,1
9663,69049,1
9664,133540,1
9665,55870,1
9666,64641,0
9667,58966,1
9668,107965,0
9669,16855,1
9670,19988,0
9671,54046,0
9672,129808,0
9673,111338,1
9674,133202,0
9675,150223,0
9676,51694,0
9677,154719,0
9678,111213,0
9679,162978,0
9680,8018,0
9681,102603,0
9682,31293,0
9683,86140,0
9684,21912,0
9685,53920,0
9686,99030,0
9687,145923,0
9688,126548,0
9689,113432,0
9690,114159,1
9691,143517,0
9692,77497,0
9693,21706,0
9694,145716,1
9695,149050,0
9696,146214,0
9697,74703,0
9698,126487,0
9699,50898,0
9700,137347,0
9701,70031,1
9702,61122,1
9703,154203,1
9704,90386,1
9705,121066,0
9706,113382,0
9707,36293,0
9708,123560,0
9709,22396,0
9710,15908,0
9711,51705,0
9712,62746,0
9713,131300,0
9714,125371,1
9715,153025,0
9716,25095,0
9717,75921,0
9718,155732,0
9719,77208,0
9720,113143,0
9721,2548,0
9722,25553,1
9723,129718,1
9724,151917,0
9725,112719,0
9726,160509,0
9727,140964,0
9728,135668,0
9729,99072,0
9730,6524,1
9731,106051,0
9732,44907,0
9733,55222,1
9734,69234,0
9735,84742,0
9736,119292,1
9737,27668,0
9738,161407,0
9739,132181,0
9740,97364,0
9741,62563,0
9742,164503,0
9743,115068,0
9744,112022,0
9745,132905,0
9746,100817,1
9747,122328,0
9748,98038,0
9749,957,0
9750,63701,0
9751,57665,0
9752,100503,1
9753,94972,0
9754,102612,0
9755,55394,0
9756,20630,0
9757,100964,0
9758,27072,0
9759,116151,1
9760,77841,0
9761,143940,0
9762,146283,0
9763,126946,0
9764,145543,1
9765,97740,0
9766,44770,0
9767,117768,0
9768,121002,0
9769,68339,0
9770,76238,1
9771,123624,0
9772,124287,0
9773,99510,0
9774,8582,0
9775,37326,0
9776,129957,0
9777,49181,1
9778,66352,0
9779,134305,0
9780,109163,0
9781,126395,0
9782,155861,0
9783,57444,0
9784,96991,1
9785,14159,0
9786,157169,0
9787,93293,0
9788,68975,1
9789,75374,0
9790,62640,1
9791,152661,0
9792,104053,0
9793,164537,0
9794,95081,0
9795,20702,0
9796,32984,0
9797,76219,1
9798,24852,1
9799,40250,0
9800,94225,0
9801,13720,1
9802,73428,0
9803,73962,1
9804,69174,0
9805,153001,0
9806,153999,1
9807,118713,1
9808,784,0
9809,95415,0
9810,74150,0
9811,57137,0
9812,155921,0
9813,130343,1
9814,26763,0
9815,108580,0
9816,34589,0
9817,79175,1
9818,138894,1
9819,154544,0
9820,47728,0
9821,121125,0
9822,85919,0
9823,63073,0
9824,133397,0
9825,81944,0
9826,93956,0
9827,70094,0
9828,85049,1
9829,123623,0
9830,67453,0
9831,36653,0
9832,72859,0
9833,85753,0
9834,91393,0
9835,6769,0
9836,47170,0
9837,101624,0
9838,66584,1
9839,10248,0
9840,20280,0
9841,42522,0
9842,134310,0
9843,135773,1
9844,128242,0
9845,61710,0
9846,163088,0
9847,100100,0
9848,128103,1
9849,2924,0
9850,71825,0
9851,4900,0
9852,78329,1
9853,16294,0
9854,101692,0
9855,56955,0
9856,72867,0
9857,164324,0
9858,160503,1
9859,76046,0
9860,126819,0
9861,46480,1
9862,125948,0
9863,12190,0
9864,48713,1
9865,108706,1
9866,135791,0
9867,13764,0
9868,116045,1
9869,51719,0
9870,62907,0
9871,26403,0
9872,42705,0
9873,134872,0
9874,90534,0
9875,68228,0
9876,57343,0
9877,135929,1
9878,10332,1
9879,127394,0
9880,23321,1
9881,158340,0
9882,18159,0
9883,153676,0
9884,98121,0
9885,115931,0
9886,90785,1
9887,139955,0
9888,24574,0
9889,50375,0
9890,59272,0
9891,59924,0
9892,20558,0
9893,149214,1
9894,58578,0
9895,30055,0
9896,49924,0
9897,99403,0
9898,127495,0
9899,63836,0
9900,21617,0
9901,80348,0
9902,94069,0
9903,101789,0
9904,118932,0
9905,26128,0
9906,61548,0
9907,92128,0
9908,120228,0
9909,9956,1
9910,5095,0
9911,152630,0
9912,51181,0
9913,119290,1
9914,63613,0
9915,120986,0
9916,7494,0
9917,101122,1
9918,93320,1
9919,55799,0
9920,8100,0
9921,98431,1
9922,42636,0
9923,116441,0
9924,106227,0
9925,49176,1
9926,147202,0
9927,17724,1
9928,143948,1
9929,18380,0
9930,147287,1
9931,75412,0
9932,28342,0
9933,8355,0
9934,21391,1
9935,122136,0
9936,48347,0
9937,977,0
9938,50068,0
9939,52344,0
9940,45156,0
9941,17454,0
9942,137401,0
9943,121672,0
9944,16218,0
9945,24744,0
9946,40749,0
9947,28009,0
9948,34251,0
9949,162676,0
9950,127840,0
9951,4250,0
9952,75494,0
9953,36369,0
9954,127839,0
9955,27657,0
9956,140764,0
9957,83034,0
9958,109012,0
9959,10506,0
9960,91098,0
9961,130929,0
9962,133574,0
9963,138752,1
9964,122561,0
9965,80052,0
9966,20738,0
9967,157282,0
9968,71887,0
9969,11429,0
9970,108570,0
9971,150895,0
9972,162554,0
9973,124648,1
9974,134357,0
9975,163300,0
9976,98539,0
9977,134844,0
9978,59430,0
9979,140562,0
9980,127176,0
9981,71423,0
9982,28150,0
9983,6782,0
9984,130879,1
9985,16764,0
9986,109357,0
9987,64422,0
9988,133577,0
9989,4876,0
9990,154503,0
9991,108048,1
9992,40066,0
9993,150428,0
9994,40477,0
9995,152650,0
9996,17964,0
9997,123282,0
9998,145555,0
9999,142430,0
10000,16444,1
10001,165,0
10002,150783,0
10003,147833,0
10004,112392,1
10005,56153,0
10006,113825,0
10007,102161,1
10008,34101,0
10009,48516,0
10010,152375,0
10011,161052,0
10012,143758,1
10013,42416,0
10014,124565,0
10015,27995,0
10016,99845,0
10017,101025,1
10018,120723,0
10019,108738,0
10020,119169,0
10021,75869,1
10022,159655,0
10023,117304,0
10024,124383,0
10025,12340,0
10026,14929,0
10027,2302,1
10028,145410,0
10029,80277,0
10030,84260,0
10031,156608,1
10032,28793,0
10033,61642,0
10034,35575,0
10035,9860,0
10036,107370,1
10037,150105,0
10038,132742,0
10039,13175,1
10040,93604,0
10041,147702,0
10042,5032,0
10043,65283,0
10044,62510,0
10045,12704,0
10046,32233,0
10047,116251,0
10048,128742,1
10049,116861,0
10050,49527,0
10051,51511,0
10052,160541,0
10053,56693,1
10054,84522,1
10055,74927,0
10056,55020,1
10057,97930,1
10058,60270,1
10059,145283,0
10060,122120,0
10061,160492,1
10062,113845,0
10063,90920,0
10064,45383,1
10065,93516,0
10066,28473,0
10067,32712,0
10068,90613,0
10069,120574,0
10070,7699,0
10071,138017,0
10072,105105,0
10073,24374,0
10074,116036,0
10075,93527,0
10076,30384,1
10077,150192,0
10078,142179,0
10079,21451,0
10080,157622,0
10081,61231,0
10082,42515,0
10083,56231,0
10084,126321,0
10085,155657,0
10086,5641,0
10087,11358,0
10088,77406,0
10089,4541,0
10090,156918,0
10091,54826,1
10092,130715,0
10093,147424,0
10094,44934,1
10095,140531,0
10096,106098,1
10097,164693,1
10098,102401,0
10099,133553,0
10100,88688,0
10101,1177,0
10102,68215,0
10103,164322,0
10104,58329,0
10105,58461,0
10106,53456,0
10107,82087,0
10108,82289,1
10109,84792,1
10110,121541,0
10111,150418,0
10112,50488,0
10113,20628,0
10114,112620,1
10115,43978,1
10116,137940,0
10117,67557,0
10118,88408,0
10119,157937,0
10120,85009,0
10121,4954,1
10122,83748,1
10123,27077,0
10124,75849,1
10125,151161,0
10126,120461,1
10127,84787,0
10128,153571,0
10129,63519,1
10130,153166,0
10131,47225,0
10132,135757,0
10133,36387,0
10134,145633,0
10135,84068,0
10136,116744,1
10137,133430,0
10138,48607,0
10139,99029,0
10140,125627,0
10141,86839,0
10142,33056,0
10143,164649,0
10144,131379,0
10145,129931,0
10146,99779,0
10147,102264,0
10148,107437,0
10149,5787,0
10150,100173,0
10151,113364,0
10152,87585,0
10153,124737,0
10154,33272,0
10155,164144,1
10156,50292,0
10157,88795,0
10158,49967,0
10159,136214,0
10160,85815,0
10161,11578,0
10162,144025,0
10163,114272,0
10164,6895,0
10165,137748,0
10166,62614,0
10167,103679,0
10168,32370,0
10169,154444,0
10170,58897,1
10171,134456,0
10172,74809,0
10173,152407,1
10174,89749,0
10175,106021,0
10176,140802,1
10177,77752,0
10178,82364,0
10179,104799,1
10180,106222,0
10181,96738,0
10182,78081,1
10183,120358,1
10184,50715,0
10185,55135,0
10186,20821,0
10187,157367,0
10188,141086,0
10189,135723,0
10190,54306,0
10191,482,0
10192,8103,1
10193,71169,0
10194,101926,0
10195,35563,0
10196,141213,0
10197,78459,0
10198,153433,0
10199,113218,0
10200,134101,0
10201,161242,0
10202,32983,0
10203,125667,0
10204,40064,0
10205,73795,0
10206,145294,0
10207,40936,0
10208,83678,0
10209,144845,0
10210,86693,0
10211,36177,0
10212,63368,0
10213,134578,0
10214,104936,0
10215,57499,0
10216,100601,1
10217,27251,0
10218,160813,0
10219,135154,0
10220,145717,0
10221,73690,0
10222,47405,0
10223,23923,0
10224,31214,0
10225,109780,0
10226,129470,0
10227,9099,0
10228,123265,0
10229,67186,0
10230,25911,0
10231,151699,0
10232,16960,0
10233,164228,0
10234,150208,1
10235,86157,1
10236,125130,0
10237,18508,0
10238,101302,0
10239,161651,1
10240,82796,0
10241,140537,0
10242,9760,1
10243,159447,0
10244,136105,0
10245,96917,0
10246,28606,0
10247,68705,1
10248,49455,0
10249,115306,0
10250,98803,0
10251,112057,0
10252,123495,0
10253,46072,0
10254,37972,0
10255,132545,0
10256,56599,0
10257,123525,0
10258,52661,0
10259,126767,0
10260,66152,0
10261,19244,0
10262,14025,0
10263,109107,0
10264,103551,0
10265,49658,0
10266,88168,0
10267,160758,0
10268,80803,0
10269,137870,0
10270,134504,0
10271,53026,1
10272,8410,0
10273,1705,0
10274,106260,1
10275,46677,0
10276,130863,1
10277,9658,1
10278,161649,0
10279,68149,0
10280,111804,0
10281,40876,0
10282,128918,0
10283,105580,0
10284,119891,0
10285,150489,0
10286,154355,0
10287,111270,1
10288,130771,0
10289,49867,0
10290,68184,0
10291,16793,0
10292,164371,1
10293,109425,0
10294,69772,0
10295,147902,0
10296,42003,0
10297,150622,0
10298,158565,0
10299,20380,0
10300,136936,0
10301,5726,0
10302,15261,0
10303,163826,0
10304,123937,0
10305,153268,0
10306,141287,0
10307,10691,0
10308,139386,0
10309,103186,0
10310,43142,0
10311,140319,0
10312,154452,0
10313,70524,0
10314,65785,0
10315,41454,1
10316,126990,0
10317,148031,0
10318,97058,1
10319,158473,0
10320,24342,0
10321,37200,0
10322,107953,0
10323,105746,0
10324,85320,0
10325,64523,0
10326,126239,0
10327,2190,0
10328,163550,0
10329,106792,0
10330,146346,0
10331,35462,0
10332,114902,0
10333,151169,0
10334,37637,1
10335,48305,0
10336,71139,1
10337,48016,0
10338,120268,0
10339,64698,0
10340,15809,0
10341,58016,1
10342,68918,0
10343,90037,0
10344,21813,0
10345,112527,0
10346,39900,0
10347,40256,0
10348,45853,0
10349,122449,0
10350,95070,0
10351,5950,0
10352,18694,0
10353,31657,1
10354,130810,1
10355,23769,0
10356,94568,0
10357,6128,1
10358,78034,0
10359,142541,0
10360,103907,0
10361,99867,0
10362,66765,0
10363,124595,0
10364,83679,1
10365,135798,0
10366,133071,0
10367,130907,0
10368,150971,0
10369,130218,1
10370,43118,0
10371,117840,0
10372,125684,1
10373,116558,0
10374,117379,0
10375,74694,0
10376,15265,0
10377,99090,0
10378,43480,0
10379,102441,0
10380,104791,0
10381,89529,0
10382,93211,0
10383,83783,0
10384,102640,0
10385,17862,0
10386,152705,0
10387,131282,1
10388,12653,1
10389,124923,0
10390,102984,1
10391,115908,0
10392,23536,0
10393,2558,0
10394,162187,1
10395,112515,1
10396,34500,0
10397,55732,0
10398,80530,1
10399,155545,0
10400,151608,0
10401,3589,0
10402,113406,0
10403,117714,0
10404,97659,0
10405,94492,0
10406,39235,0
10407,77216,0
10408,102483,0
10409,25684,0
10410,119851,0
10411,164279,0
10412,12758,1
10413,144003,1
10414,89610,0
10415,19768,0
10416,57617,0
10417,106163,1
10418,69026,0
10419,66327,0
10420,143636,0
10421,15712,1
10422,126796,1
10423,20430,0
10424,128196,0
10425,8763,0
10426,146730,1
10427,95661,0
10428,32374,0
10429,161117,1
10430,116623,0
10431,81580,0
10432,109206,0
10433,40809,1
10434,123356,0
10435,91688,1
10436,101883,0
10437,11421,0
10438,55780,0
10439,24416,1
10440,51782,0
10441,90416,0
10442,40545,0
10443,19877,0
10444,19947,0
10445,12606,0
10446,147367,0
10447,50506,0
10448,130773,0
10449,142088,0
10450,153758,0
10451,158299,0
10452,101079,0
10453,13119,0
10454,159164,0
10455,25299,0
10456,79759,0
10457,30411,0
10458,17370,0
10459,161643,0
10460,55616,0
10461,117653,1
10462,149674,0
10463,138205,0
10464,5208,1
10465,125677,1
10466,85732,0
10467,36149,0
10468,160653,0
10469,104341,0
10470,116475,0
10471,131994,0
10472,76736,0
10473,19633,0
10474,147216,0
10475,104891,0
10476,40822,0
10477,9144,1
10478,25211,0
10479,110607,0
10480,45247,0
10481,76427,0
10482,52855,0
10483,11663,0
10484,11296,0
10485,162963,0
10486,161463,0
10487,62264,0
10488,128748,0
10489,59110,0
10490,137734,0
10491,128571,0
10492,24582,0
10493,31164,0
10494,78615,0
10495,37058,0
10496,142817,0
10497,10525,0
10498,144186,0
10499,50195,0
10500,66030,0
10501,143806,0
10502,81338,0
10503,81200,0
10504,44188,0
10505,17939,0
10506,41978,1
10507,4708,0
10508,83371,0
10509,38553,0
10510,29565,0
10511,60312,0
10512,34613,0
10513,2304,0
10514,112593,0
10515,107274,1
10516,103625,0
10517,117454,0
10518,72438,0
10519,30789,1
10520,31158,0
10521,96661,0
10522,84452,0
10523,56356,0
10524,143452,0
10525,27386,0
10526,103766,1
10527,51471,0
10528,146082,0
10529,39354,0
10530,40849,0
10531,122454,0
10532,4736,0
10533,99246,0
10534,34031,0
10535,3597,0
10536,84815,0
10537,83500,0
10538,66135,0
10539,164342,0
10540,20654,0
10541,22563,0
10542,151710,0
10543,56346,0
10544,153434,0
10545,16905,0
10546,42601,0
10547,83995,0
10548,56879,0
10549,66619,1
10550,118095,1
10551,85602,1
10552,127677,0
10553,63473,0
10554,27159,0
10555,126061,1
10556,59875,0
10557,109488,0
10558,42609,0
10559,82252,0
10560,37566,0
10561,49388,0
10562,14563,0
10563,91868,0
10564,5575,0
10565,12260,0
10566,58441,0
10567,13716,1
10568,131913,0
10569,115001,0
10570,98605,0
10571,5984,0
10572,34987,0
10573,131518,0
10574,48835,0
10575,62000,0
10576,107051,0
10577,69304,0
10578,34123,0
10579,51474,0
10580,60214,0
10581,62393,0
10582,164941,0
10583,104623,0
10584,158456,0
10585,139292,0
10586,60348,0
10587,57905,0
10588,13482,0
10589,89420,0
10590,22580,0
10591,112024,0
10592,140285,0
10593,11104,1
10594,20999,0
10595,143379,0
10596,72976,0
10597,61904,0
10598,126594,1
10599,88902,0
10600,21974,1
10601,96655,0
10602,32061,0
10603,26766,0
10604,21342,0
10605,158318,0
10606,31856,0
10607,143807,0
10608,137904,0
10609,20930,0
10610,21934,0
10611,34876,0
10612,59753,0
10613,17548,0
10614,86436,0
10615,91714,0
10616,28480,0
10617,120226,0
10618,58682,0
10619,84854,0
10620,73221,0
10621,82933,0
10622,3715,1
10623,116473,1
10624,136084,0
10625,161034,1
10626,116660,1
10627,157683,0
10628,9025,1
10629,50017,1
10630,154789,0
10631,154529,0
10632,26122,1
10633,81939,0
10634,151500,0
10635,161287,0
10636,9026,1
10637,35448,0
10638,81870,0
10639,127865,0
10640,90767,0
10641,146577,1
10642,136261,0
10643,89585,0
10644,118504,0
10645,30337,0
10646,115816,1
10647,105095,1
10648,48509,1
10649,112285,0
10650,2009,0
10651,127875,0
10652,120251,0
10653,107651,1
10654,110279,0
10655,107135,1
10656,55401,0
10657,133,0
10658,118142,0
10659,133131,0
10660,125851,0
10661,100137,0
10662,134132,0
10663,30855,0
10664,104920,1
10665,8495,1
10666,36061,0
10667,90782,0
10668,164630,0
10669,59387,0
10670,143890,1
10671,80892,0
10672,17689,0
10673,39950,0
10674,156194,0
10675,117514,1
10676,135897,0
10677,131764,0
10678,152649,1
10679,73942,0
10680,10258,0
10681,125712,0
10682,99037,0
10683,122133,0
10684,51392,0
10685,7330,0
10686,140746,0
10687,27675,0
10688,51798,0
10689,4192,0
10690,162496,0
10691,110864,0
10692,142285,0
10693,31189,0
10694,78445,1
10695,78485,0
10696,24739,0
10697,126644,0
10698,55351,0
10699,58206,1
10700,123618,0
10701,138643,0
10702,135177,1
10703,29965,0
10704,162210,0
10705,92225,1
10706,17461,0
10707,47669,0
10708,96159,0
10709,163926,0
10710,82429,1
10711,137649,0
10712,120407,0
10713,135755,0
10714,38934,0
10715,88459,0
10716,73432,1
10717,162431,0
10718,68007,0
10719,143345,1
10720,119506,0
10721,77861,0
10722,122163,0
10723,92986,0
10724,103202,1
10725,94263,0
10726,90896,0
10727,97154,0
10728,111662,0
10729,96507,0
10730,75660,1
10731,156244,0
10732,126238,0
10733,70146,0
10734,63592,0
10735,34940,0
10736,14708,0
10737,95760,0
10738,132572,0
10739,34476,0
10740,141059,0
10741,149402,0
10742,27282,1
10743,91094,0
10744,29025,0
10745,156303,0
10746,15965,0
10747,123065,1
10748,100072,0
10749,84620,0
10750,24491,0
10751,86205,0
10752,64601,0
10753,51577,0
10754,84258,0
10755,99781,0
10756,31825,0
10757,82281,0
10758,19469,0
10759,90737,0
10760,54192,1
10761,132129,1
10762,35923,0
10763,122327,0
10764,87372,1
10765,140976,0
10766,137694,0
10767,161911,1
10768,133205,0
10769,67884,0
10770,132913,0
10771,86909,0
10772,50493,0
10773,66202,0
10774,95350,0
10775,32405,1
10776,73365,0
10777,12295,0
10778,88761,0
10779,124507,0
10780,129924,0
10781,157123,0
10782,44662,0
10783,87025,1
10784,122928,1
10785,47953,0
10786,163561,0
10787,68917,0
10788,47845,1
10789,20845,0
10790,62593,0
10791,139399,0
10792,71221,0
10793,1301,1
10794,96554,1
10795,159592,0
10796,75521,0
10797,60507,0
10798,73197,0
10799,142977,0
10800,62506,0
10801,14061,0
10802,44544,0
10803,105824,0
10804,81880,0
10805,79484,0
10806,145993,0
10807,136135,0
10808,32426,0
10809,108213,1
10810,142979,0
10811,155703,0
10812,48217,1
10813,24540,0
10814,66217,0
10815,112775,0
10816,57428,0
10817,121286,0
10818,158173,0
10819,153154,1
10820,126410,0
10821,38819,1
10822,106089,0
10823,25740,1
10824,161797,0
10825,58168,0
10826,148048,0
10827,13233,0
10828,128500,0
10829,144285,0
10830,140484,0
10831,164102,0
10832,115152,0
10833,124556,0
10834,149071,1
10835,104937,0
10836,108014,0
10837,46703,0
10838,97463,0
10839,17762,0
10840,80294,0
10841,81811,0
10842,33207,0
10843,47640,0
10844,51237,0
10845,157860,0
10846,28787,0
10847,158051,0
10848,152150,0
10849,143603,0
10850,81484,1
10851,125632,1
10852,16868,0
10853,135487,0
10854,19271,0
10855,27142,0
10856,114402,0
10857,5280,0
10858,76719,0
10859,74793,0
10860,99985,0
10861,72700,1
10862,48969,1
10863,114009,0
10864,144957,1
10865,3098,0
10866,6819,0
10867,119543,0
10868,56535,0
10869,19778,0
10870,109216,0
10871,135428,0
10872,2385,0
10873,147046,1
10874,9368,0
10875,101950,1
10876,766,0
10877,39222,0
10878,54226,0
10879,95121,0
10880,94249,0
10881,13575,0
10882,114611,0
10883,14832,0
10884,13371,0
10885,10620,0
10886,11725,0
10887,153038,0
10888,4176,0
10889,65994,0
10890,99624,0
10891,82704,0
10892,111303,0
10893,28368,0
10894,155994,0
10895,129613,0
10896,125714,1
10897,142076,1
10898,35353,0
10899,141141,0
10900,67750,0
10901,118572,0
10902,33142,0
10903,26829,0
10904,97944,0
10905,160699,1
10906,125960,0
10907,64010,1
10908,141727,0
10909,95799,0
10910,101037,0
10911,17705,0
10912,153779,0
10913,13699,0
10914,128091,0
10915,149888,0
10916,165013,0
10917,54524,0
10918,149592,0
10919,129535,1
10920,22117,0
10921,89878,0
10922,21341,0
10923,99154,0
10924,85353,1
10925,132574,0
10926,104714,0
10927,70689,1
10928,82478,0
10929,130176,0
10930,127478,0
10931,78114,0
10932,94989,0
10933,118708,0
10934,92121,0
10935,5340,0
10936,12339,0
10937,19638,0
10938,109759,0
10939,100059,0
10940,132373,0
10941,159882,0
10942,53157,0
10943,155699,0
10944,150625,0
10945,67456,1
10946,15861,0
10947,145999,0
10948,154701,0
10949,140259,0
10950,110351,0
10951,62197,0
10952,18797,0
10953,91117,0
10954,103537,0
10955,143027,0
10956,123972,0
10957,34990,1
10958,137445,0
10959,134773,0
10960,24223,0
10961,9435,0
10962,67303,0
10963,12161,0
10964,91832,0
10965,57475,0
10966,117900,1
10967,63674,0
10968,2839,1
10969,116560,0
10970,80123,0
10971,47007,0
10972,129914,0
10973,141528,0
10974,29550,0
10975,156471,1
10976,156785,0
10977,7460,1
10978,60704,0
10979,118523,1
10980,159441,0
10981,67916,0
10982,68884,0
10983,82239,0
10984,44346,0
10985,133185,0
10986,72994,0
10987,93532,0
10988,7796,0
10989,145136,0
10990,101023,0
10991,7638,0
10992,73439,0
10993,100947,0
10994,79354,1
10995,119256,1
10996,99048,0
10997,97474,0
10998,31065,0
10999,164003,1
11000,89194,0
11001,78173,0
11002,119138,1
11003,116514,0
11004,114523,0
11005,9436,0
11006,14899,0
11007,164129,0
11008,20418,0
11009,12598,0
11010,26628,0
11011,806,0
11012,138390,0
11013,43006,0
11014,66170,0
11015,18095,0
11016,33788,0
11017,118954,0
11018,140390,0
11019,132840,0
11020,107114,0
11021,52874,0
11022,7473,0
11023,110077,0
11024,81451,0
11025,128183,0
11026,119864,0
11027,22412,0
11028,119094,0
11029,133617,0
11030,82955,0
11031,17965,1
11032,19006,0
11033,150440,0
11034,20791,0
11035,28140,0
11036,128791,0
11037,72997,1
11038,134622,0
11039,73709,0
11040,122345,0
11041,74737,0
11042,53941,0
11043,19498,0
11044,159210,0
11045,65331,0
11046,99954,0
11047,150983,0
11048,112320,1
11049,40418,0
11050,36106,0
11051,12857,0
11052,164001,0
11053,105287,0
11054,69955,0
11055,66412,1
11056,131254,0
11057,89085,0
11058,150102,0
11059,81802,0
11060,114603,0
11061,148840,0
11062,43122,0
11063,111475,0
11064,83863,1
11065,78537,0
11066,33574,1
11067,145189,0
11068,20080,0
11069,76627,1
11070,147686,0
11071,111713,0
11072,77703,0
11073,127458,0
11074,58250,0
11075,53590,0
11076,160269,1
11077,77789,0
11078,60852,0
11079,162562,0
11080,19854,0
11081,55027,0
11082,161650,0
11083,150302,0
11084,7159,0
11085,109512,0
11086,51367,0
11087,106597,0
11088,120546,0
11089,67573,0
11090,72796,0
11091,157695,1
11092,102854,1
11093,109305,0
11094,103045,0
11095,82518,0
11096,16069,1
11097,58126,0
11098,101146,0
11099,145911,0
11100,144833,0
11101,125060,0
11102,39269,0
11103,63773,0
11104,91431,0
11105,132112,1
11106,164206,0
11107,152442,0
11108,149799,0
11109,97762,0
11110,67569,0
11111,117617,0
11112,16235,0
11113,74022,1
11114,63874,1
11115,158603,0
11116,12471,0
11117,65784,0
11118,66264,0
11119,68560,0
11120,145590,1
11121,93801,0
11122,18736,0
11123,88758,0
11124,135014,0
11125,111694,0
11126,24782,0
11127,148017,0
11128,65239,0
11129,109364,0
11130,139326,0
11131,113946,1
11132,25064,0
11133,23420,0
11134,4700,0
11135,35866,0
11136,48034,0
11137,45713,0
11138,98010,1
11139,123917,0
11140,5215,0
11141,63540,0
11142,62163,0
11143,42200,0
11144,148547,0
11145,17033,1
11146,39629,1
11147,106395,1
11148,77190,1
11149,131726,0
11150,44896,0
11151,25599,0
11152,154842,1
11153,52679,0
11154,88794,0
11155,83639,0
11156,146317,1
11157,1630,0
11158,91345,1
11159,159552,0
11160,97311,0
11161,26682,0
11162,50587,0
11163,62832,0
11164,81514,1
11165,95202,0
11166,62106,1
11167,95011,0
11168,116104,1
11169,116665,1
11170,83756,0
11171,125823,0
11172,133342,0
11173,149834,0
11174,98310,0
11175,66649,0
11176,114829,0
11177,43226,0
11178,41033,0
11179,137256,0
11180,34736,0
11181,82089,0
11182,130940,1
11183,6166,0
11184,36519,0
11185,144197,0
11186,119216,0
11187,113917,0
11188,133395,0
11189,5762,0
11190,89668,1
11191,88313,1
11192,75214,0
11193,30157,1
11194,65074,0
11195,53777,0
11196,99475,0
11197,67195,0
11198,121402,0
11199,25588,0
11200,144809,0
11201,52625,1
11202,26811,0
11203,146068,0
11204,15573,0
11205,19250,0
11206,159315,0
11207,68623,0
11208,31558,0
11209,128362,0
11210,133143,0
11211,112558,0
11212,20119,1
11213,70971,0
11214,160030,0
11215,153222,0
11216,67616,0
11217,135588,0
11218,64121,0
11219,33978,0
11220,22175,0
11221,113585,0
11222,34119,0
11223,22002,0
11224,57204,0
11225,144403,0
11226,51586,0
11227,29428,1
11228,160799,0
11229,79714,0
11230,133293,0
11231,50921,0
11232,36572,0
11233,58728,0
11234,56331,0
11235,161322,0
11236,102417,1
11237,42442,0
11238,103814,0
11239,64943,0
11240,156072,0
11241,38518,0
11242,151634,0
11243,83427,0
11244,109565,0
11245,34218,0
11246,20988,0
11247,89077,0
11248,76928,0
11249,152868,0
11250,150067,0
11251,149668,0
11252,137396,0
11253,146324,0
11254,87149,1
11255,96676,0
11256,120286,0
11257,164721,0
11258,46209,0
11259,158098,0
11260,82821,0
11261,102227,0
11262,104510,1
11263,53827,0
11264,100540,0
11265,14688,0
11266,86040,0
11267,59218,0
11268,134666,0
11269,131045,0
11270,155638,0
11271,42048,0
11272,147236,0
11273,35245,0
11274,57771,1
11275,111436,0
11276,92046,0
11277,115301,0
11278,85147,0
11279,141410,0
11280,84236,0
11281,113902,1
11282,77582,0
11283,114990,0
11284,93057,0
11285,150442,0
11286,181,0
11287,7631,1
11288,127401,0
11289,40942,0
11290,144155,0
11291,13572,0
11292,162740,0
11293,27296,0
11294,1493,1
11295,161675,0
11296,122594,0
11297,21775,0
11298,146028,0
11299,58533,0
11300,114983,0
11301,7864,0
11302,34247,0
11303,112810,0
11304,67860,0
11305,15704,0
11306,14965,0
11307,80846,0
11308,98498,0
11309,69910,0
11310,2880,1
11311,36256,0
11312,53660,1
11313,94915,0
11314,54797,0
11315,148773,0
11316,99356,0
11317,94564,0
11318,67152,1
11319,157665,0
11320,107788,0
11321,78004,1
11322,118986,0
11323,77757,0
11324,131173,0
11325,28891,0
11326,75404,0
11327,25791,0
11328,53289,0
11329,78064,0
11330,111509,0
11331,133222,0
11332,162832,0
11333,73913,0
11334,130138,0
11335,86066,0
11336,132712,0
11337,21045,0
11338,125585,1
11339,139995,0
11340,149151,0
11341,115156,0
11342,133902,0
11343,143171,0
11344,132454,0
11345,65282,0
11346,163567,0
11347,40242,0
11348,89900,0
11349,38559,0
11350,157261,0
11351,1489,0
11352,106148,0
11353,156647,0
11354,1033,0
11355,50887,0
11356,65099,0
11357,42361,0
11358,24279,0
11359,59560,0
11360,163692,0
11361,103762,0
11362,157875,0
11363,23199,0
11364,35783,0
11365,67241,0
11366,107470,0
11367,6359,0
11368,43077,1
11369,145688,0
11370,24108,0
11371,52954,1
11372,92683,0
11373,142071,0
11374,111600,0
11375,18852,0
11376,148021,0
11377,10624,0
11378,3508,0
11379,146959,0
11380,113055,0
11381,30788,0
11382,7164,0
11383,45017,0
11384,11484,0
11385,95588,0
11386,67619,0
11387,121187,0
11388,124739,1
11389,124294,0
11390,50653,0
11391,48932,0
11392,74493,0
11393,134483,1
11394,89496,0
11395,10887,0
11396,107044,0
11397,113233,0
11398,135064,0
11399,119764,1
11400,85057,0
11401,35056,0
11402,12718,0
11403,86647,1
11404,88881,0
11405,29504,1
11406,130025,0
11407,17809,0
11408,31218,0
11409,108946,1
11410,5449,0
11411,45390,1
11412,100244,0
11413,42188,0
11414,131463,0
11415,30017,0
11416,117707,0
11417,17674,0
11418,62615,0
11419,59436,0
11420,81463,0
11421,129393,0
11422,51406,1
11423,130357,1
11424,38208,0
11425,54115,0
11426,11382,0
11427,126369,0
11428,9461,0
11429,80968,0
11430,19872,0
11431,30845,0
11432,18717,0
11433,34194,1
11434,126111,0
11435,152259,0
11436,22681,0
11437,123490,0
11438,162894,0
11439,110195,0
11440,25258,0
11441,154316,0
11442,148359,0
11443,17596,0
11444,159553,0
11445,44940,0
11446,71961,0
11447,66423,0
11448,57424,1
11449,27252,0
11450,24899,0
11451,112125,0
11452,28397,0
11453,119582,0
11454,85625,0
11455,52916,0
11456,152616,0
11457,34312,0
11458,115833,0
11459,54166,0
11460,151891,1
11461,98445,1
11462,130881,0
11463,141153,0
11464,112615,0
11465,93973,0
11466,42067,0
11467,39009,0
11468,56446,0
11469,100737,0
11470,4485,0
11471,2594,1
11472,70017,0
11473,28743,0
11474,108057,0
11475,90399,0
11476,55508,0
11477,53738,1
11478,59067,0
11479,88151,1
11480,141258,1
11481,29463,0
11482,48170,0
11483,159235,0
11484,118569,1
11485,13687,0
11486,27528,0
11487,3835,0
11488,6101,0
11489,137887,0
11490,61929,0
11491,146633,1
11492,71470,0
11493,131624,0
11494,123931,0
11495,100375,0
11496,109337,0
11497,134003,0
11498,32645,0
11499,58315,0
11500,82339,0
11501,133059,0
11502,87621,1
11503,100080,0
11504,93613,0
11505,132063,0
11506,101252,0
11507,93843,0
11508,140450,0
11509,90051,0
11510,127044,0
11511,83660,0
11512,73515,1
11513,163432,0
11514,33684,0
11515,78763,0
11516,40239,0
11517,94406,0
11518,138335,0
11519,63600,0
11520,32918,1
11521,35112,0
11522,91073,0
11523,109518,0
11524,17827,0
11525,34025,0
11526,144167,0
11527,157696,0
11528,5429,0
11529,80997,0
11530,145721,0
11531,99976,0
11532,109870,0
11533,99453,0
11534,39000,0
11535,126180,0
11536,62508,0
11537,46062,0
11538,43818,0
11539,30109,0
11540,81147,0
11541,58700,1
11542,134052,0
11543,15339,1
11544,26005,0
11545,81362,0
11546,47918,0
11547,43353,0
11548,8308,0
11549,159983,0
11550,66114,0
11551,25215,0
11552,120534,0
11553,30547,0
11554,34056,0
11555,51665,0
11556,119593,0
11557,46009,0
11558,86411,1
11559,50745,0
11560,90224,0
11561,121922,0
11562,33022,0
11563,88649,0
11564,69167,0
11565,142130,0
11566,147418,0
11567,72004,0
11568,122914,0
11569,93341,0
11570,37309,0
11571,109226,1
11572,19193,0
11573,164147,0
11574,66229,0
11575,135466,0
11576,22390,0
11577,51186,0
11578,71127,0
11579,42720,0
11580,62956,1
11581,51172,0
11582,51777,1
11583,63061,0
11584,22715,0
11585,49140,0
11586,127638,1
11587,111668,0
11588,56699,0
11589,47246,0
11590,129084,1
11591,126697,0
11592,84238,0
11593,104473,1
11594,498,0
11595,94879,1
11596,33413,0
11597,151877,1
11598,117079,0
11599,41613,0
11600,150993,0
11601,25433,1
11602,33388,0
11603,23812,0
11604,65796,1
11605,79858,0
11606,13895,0
11607,105984,0
11608,9242,1
11609,134090,0
11610,7934,0
11611,94264,0
11612,22292,0
11613,116507,0
11614,31714,0
11615,121241,0
11616,96468,0
11617,135134,1
11618,73148,0
11619,55674,0
11620,115662,0
11621,137200,1
11622,57348,0
11623,140741,0
11624,159002,0
11625,152558,0
11626,47235,1
11627,153658,0
11628,149965,0
11629,23181,0
11630,94012,0
11631,55587,1
11632,34394,0
11633,107354,0
11634,140222,1
11635,75078,0
11636,117,0
11637,52268,0
11638,139816,0
11639,19578,1
11640,3051,0
11641,146428,0
11642,51820,0
11643,140939,0
11644,25528,0
11645,122340,0
11646,75796,0
11647,58601,1
11648,148891,0
11649,143304,0
11650,141414,0
11651,31513,0
11652,88288,0
11653,109263,1
11654,52496,0
11655,37057,0
11656,127369,0
11657,129666,0
11658,77742,0
11659,115554,0
11660,94462,0
11661,64860,0
11662,149647,0
11663,163757,1
11664,107994,1
11665,134182,1
11666,156511,0
11667,162065,0
11668,163783,0
11669,120621,0
11670,54943,0
11671,51206,0
11672,2798,1
11673,127869,0
11674,156793,0
11675,39776,0
11676,72850,0
11677,46673,1
11678,97167,0
11679,35588,0
11680,106307,1
11681,21997,0
11682,114235,0
11683,32208,0
11684,8463,0
11685,140844,0
11686,88511,0
11687,64286,0
11688,4684,0
11689,77529,0
11690,58054,0
11691,64976,0
11692,40339,1
11693,24922,1
11694,32339,0
11695,76421,0
11696,7218,0
11697,143613,1
11698,34359,0
11699,98828,0
11700,130142,0
11701,67219,0
11702,13470,0
11703,85333,0
11704,132989,0
11705,84430,1
11706,98809,0
11707,19453,1
11708,150121,0
11709,73967,0
11710,151565,0
11711,48442,1
11712,144054,1
11713,161851,0
11714,135608,0
11715,14439,0
11716,114276,1
11717,142805,1
11718,117090,0
11719,48351,1
11720,102535,0
11721,163861,0
11722,42605,0
11723,120572,0
11724,138570,1
11725,109042,0
11726,32913,1
11727,15241,0
11728,96443,0
11729,106590,0
11730,50812,0
11731,24867,0
11732,102618,0
11733,30802,0
11734,115760,0
11735,104767,0
11736,99519,1
11737,165016,0
11738,93687,0
11739,81987,0
11740,68,0
11741,5900,0
11742,61349,0
11743,32428,0
11744,20013,0
11745,118393,0
11746,160522,0
11747,111892,0
11748,25876,0
11749,153885,1
11750,152638,0
11751,26041,0
11752,137972,0
11753,112097,0
11754,103298,1
11755,49629,0
11756,88298,0
11757,159935,0
11758,164008,1
11759,43074,0
11760,138215,1
11761,73363,0
11762,144386,0
11763,160924,0
11764,101936,0
11765,43024,0
11766,58453,0
11767,157653,0
11768,37117,0
11769,6898,0
11770,21015,0
11771,10290,0
11772,47000,0
11773,41910,0
11774,70571,1
11775,126666,1
11776,53169,0
11777,119192,1
11778,14473,1
11779,104748,0
11780,18635,0
11781,124978,0
11782,80549,0
11783,99645,0
11784,113956,0
11785,100115,0
11786,129001,0
11787,57047,0
11788,151762,0
11789,95813,0
11790,120033,0
11791,128983,0
11792,17002,0
11793,127771,0
11794,55886,0
11795,127579,0
11796,72208,1
11797,2217,0
11798,104239,0
11799,57601,0
11800,57526,0
11801,16175,0
11802,98398,0
11803,146657,0
11804,30546,0
11805,135537,1
11806,86149,0
11807,57793,1
11808,119146,0
11809,127263,0
11810,31602,0
11811,51456,0
11812,3721,0
11813,69431,0
11814,107415,0
11815,53702,0
11816,63347,0
11817,70745,0
11818,27126,0
11819,96105,0
11820,97333,0
11821,60205,0
11822,14318,0
11823,14846,1
11824,63575,1
11825,13007,1
11826,81664,0
11827,50721,0
11828,103505,0
11829,112643,0
11830,134149,0
11831,18543,0
11832,41189,1
11833,142438,0
11834,100630,1
11835,44685,0
11836,139320,0
11837,132907,0
11838,35838,0
11839,156841,0
11840,103892,0
11841,141385,0
11842,40685,1
11843,145951,0
11844,4210,0
11845,36612,0
11846,38148,0
11847,147062,0
11848,1210,0
11849,45987,0
11850,121582,0
11851,113436,0
11852,53261,0
11853,80312,0
11854,126847,0
11855,131349,0
11856,104905,0
11857,127650,0
11858,11512,0
11859,135460,0
11860,76620,0
11861,17459,1
11862,2158,0
11863,35321,0
11864,57135,0
11865,27871,0
11866,154116,0
11867,138867,0
11868,123975,0
11869,58604,0
11870,15544,0
11871,147619,0
11872,62518,0
11873,139551,0
11874,161081,0
11875,144344,1
11876,60144,0
11877,74375,0
11878,8250,0
11879,76900,0
11880,137860,0
11881,98642,0
11882,136585,0
11883,130159,0
11884,150516,0
11885,127444,0
11886,128437,0
11887,83475,0
11888,47844,0
11889,45819,0
11890,88117,0
11891,116790,0
11892,68628,0
11893,87146,0
11894,70393,0
11895,40861,0
11896,97842,0
11897,22876,0
11898,21445,0
11899,145490,0
11900,136406,0
11901,50041,0
11902,135493,0
11903,69233,0
11904,90588,0
11905,26177,0
11906,26867,0
11907,91844,0
11908,61529,0
11909,83825,0
11910,164093,0
11911,112553,0
11912,44925,0
11913,58025,0
11914,88256,0
11915,133181,0
11916,53997,0
11917,120663,0
11918,93850,0
11919,61274,0
11920,76643,0
11921,71122,0
11922,154212,0
11923,138056,0
11924,156503,0
11925,143681,1
11926,91709,0
11927,31474,0
11928,118913,0
11929,99625,0
11930,18531,0
11931,17929,0
11932,1950,0
11933,94936,0
11934,79895,0
11935,81146,1
11936,77945,0
11937,54980,0
11938,79575,0
11939,42254,0
11940,65233,0
11941,67380,0
11942,162864,0
11943,98486,0
11944,95214,0
11945,17607,0
11946,116524,0
11947,49100,0
11948,18760,0
11949,112093,0
11950,152185,0
11951,83796,1
11952,161950,0
11953,93787,0
11954,117855,0
11955,156075,0
11956,59959,0
11957,119995,0
11958,143073,0
11959,131359,0
11960,132842,0
11961,15004,0
11962,146921,1
11963,67992,0
11964,124928,0
11965,59379,0
11966,65675,1
11967,53672,1
11968,16366,0
11969,23316,0
11970,64611,1
11971,155850,0
11972,150925,1
11973,135583,0
11974,56828,0
11975,37014,0
11976,157946,0
11977,138314,0
11978,84733,0
11979,123924,0
11980,65289,0
11981,49174,0
11982,123513,0
11983,64630,0
11984,83062,1
11985,74858,0
11986,157108,0
11987,80108,0
11988,121518,0
11989,85824,0
11990,100830,0
11991,18374,0
11992,104549,0
11993,78725,0
11994,29307,0
11995,138153,0
11996,36046,0
11997,101010,0
11998,76743,0
11999,58955,0
12000,6687,0
12001,106197,0
12002,106484,1
12003,161271,0
12004,139200,0
12005,4931,0
12006,11823,0
12007,140538,0
12008,154755,0
12009,39945,0
12010,112514,1
12011,36446,1
12012,73232,1
12013,117815,0
12014,106769,0
12015,55528,0
12016,161051,0
12017,91430,1
12018,31573,0
12019,81863,0
12020,77771,0
12021,35567,0
12022,143653,1
12023,157727,0
12024,2418,0
12025,103895,0
12026,159456,0
12027,63105,0
12028,113265,1
12029,90506,1
12030,49776,1
12031,15001,0
12032,54367,0
12033,34032,0
12034,7855,0
12035,15448,0
12036,71473,0
12037,20587,1
12038,153864,0
12039,4449,1
12040,22621,0
12041,120689,1
12042,117211,0
12043,91779,1
12044,69738,1
12045,62301,0
12046,57411,0
12047,90658,0
12048,117402,0
12049,62998,0
12050,62670,0
12051,115897,0
12052,127331,1
12053,114106,0
12054,3567,0
12055,42884,0
12056,26009,0
12057,115766,0
12058,164542,0
12059,159362,1
12060,27557,0
12061,67859,0
12062,81737,0
12063,45352,0
12064,159508,0
12065,46294,0
12066,47428,0
12067,34244,1
12068,101929,0
12069,141253,0
12070,97605,0
12071,162568,0
12072,162975,0
12073,127933,0
12074,73380,0
12075,51858,0
12076,115543,0
12077,150994,1
12078,145612,1
12079,30697,1
12080,86685,1
12081,10615,0
12082,8922,0
12083,104945,0
12084,73638,0
12085,27830,0
12086,114063,0
12087,69198,0
12088,61693,0
12089,27523,1
12090,123445,1
12091,20924,0
12092,45295,1
12093,114672,0
12094,137921,0
12095,145677,0
12096,2661,0
12097,117915,0
12098,131032,0
12099,100624,0
12100,145324,0
12101,73989,0
12102,130425,0
12103,50480,0
12104,29879,0
12105,65469,0
12106,128267,0
12107,134514,0
12108,138276,0
12109,47310,0
12110,100768,1
12111,84904,0
12112,157869,0
12113,71628,1
12114,157769,0
12115,45082,0
12116,60317,0
12117,57488,0
12118,120907,0
12119,19430,0
12120,20009,1
12121,130085,0
12122,134410,0
12123,118574,0
12124,128991,0
12125,62486,0
12126,2698,1
12127,2256,0
12128,133048,0
12129,156520,0
12130,3032,0
12131,78742,0
12132,154568,0
12133,60849,0
12134,140823,0
12135,115593,0
12136,159304,0
12137,2077,0
12138,138957,0
12139,142888,0
12140,41398,0
12141,31046,1
12142,67294,0
12143,122095,0
12144,32422,0
12145,69047,0
12146,4898,0
12147,146765,0
12148,123367,0
12149,109336,0
12150,45946,0
12151,127487,0
12152,132353,0
12153,143179,0
12154,17642,0
12155,40730,0
12156,29427,0
12157,21826,0
12158,116270,0
12159,47884,0
12160,25341,0
12161,15985,0
12162,123848,0
12163,64862,0
12164,132761,1
12165,15386,0
12166,138465,0
12167,84859,1
12168,42001,0
12169,64674,0
12170,102063,0
12171,158088,0
12172,103597,0
12173,116446,0
12174,67774,0
12175,21998,0
12176,40725,0
12177,161213,0
12178,103410,0
12179,114584,0
12180,69766,0
12181,60407,0
12182,158619,0
12183,41177,0
12184,75018,0
12185,109489,0
12186,21482,0
12187,131171,0
12188,68359,1
12189,74146,0
12190,156097,0
12191,62093,0
12192,110595,1
12193,27058,0
12194,70442,0
12195,85280,0
12196,118193,0
12197,111862,0
12198,132673,0
12199,12642,0
12200,50427,1
12201,100882,0
12202,119867,0
12203,120513,0
12204,106811,1
12205,109389,0
12206,135301,0
12207,27743,0
12208,44094,0
12209,67469,0
12210,65304,1
12211,20265,0
12212,52438,0
12213,37344,0
12214,160767,0
12215,38360,0
12216,68636,0
12217,146903,0
12218,74423,0
12219,162701,0
12220,95752,0
12221,160273,0
12222,13416,0
12223,64298,0
12224,59125,0
12225,61228,0
12226,22589,0
12227,31946,0
12228,88660,0
12229,120100,0
12230,435,0
12231,148651,0
12232,5527,0
12233,60302,0
12234,137513,1
12235,16897,0
12236,100466,0
12237,78080,0
12238,135057,1
12239,25070,0
12240,13665,0
12241,41176,0
12242,91088,0
12243,46813,0
12244,48805,0
12245,39491,0
12246,107031,0
12247,43326,0
12248,126283,1
12249,46359,1
12250,103617,0
12251,637,0
12252,151728,0
12253,153484,0
12254,91551,1
12255,40912,0
12256,124138,0
12257,59257,0
12258,17914,0
12259,77024,0
12260,146827,0
12261,75240,0
12262,140991,1
12263,49282,0
12264,158353,0
12265,140772,1
12266,74862,0
12267,30572,1
12268,135404,1
12269,40313,0
12270,119817,0
12271,104142,0
12272,13080,0
12273,118514,0
12274,154140,0
12275,34913,0
12276,3251,1
12277,9839,0
12278,104631,0
12279,26605,0
12280,2059,0
12281,32302,0
12282,55505,0
12283,89199,1
12284,26279,0
12285,75706,0
12286,160238,1
12287,130441,1
12288,119691,0
12289,39720,0
12290,5503,0
12291,140712,0
12292,57231,1
12293,120297,0
12294,5553,0
12295,73659,0
12296,116128,0
12297,159125,0
12298,88012,1
12299,103722,0
12300,116021,0
12301,17631,0
12302,114413,0
12303,56233,0
12304,21524,0
12305,34375,0
12306,34187,0
12307,73907,0
12308,127951,0
12309,72713,0
12310,149282,0
12311,106091,0
12312,89014,0
12313,39099,0
12314,122697,0
12315,89217,0
12316,79383,0
12317,68029,0
12318,77472,1
12319,40815,0
12320,160911,0
12321,75194,0
12322,117443,1
12323,116836,0
12324,61177,0
12325,97053,0
12326,40826,0
12327,115025,1
12328,99431,0
12329,54003,1
12330,160703,0
12331,70326,0
12332,5904,0
12333,142392,0
12334,12495,0
12335,134126,0
12336,93019,0
12337,160260,0
12338,46526,0
12339,129962,0
12340,48151,0
12341,23547,0
12342,104207,0
12343,27566,0
12344,70900,0
12345,137455,0
12346,133708,0
12347,89157,0
12348,64962,0
12349,22634,1
12350,5048,0
12351,2086,1
12352,141992,0
12353,19111,1
12354,55215,0
12355,157150,0
12356,69187,0
12357,62830,0
12358,143403,0
12359,164524,0
12360,76011,1
12361,57931,0
12362,78682,0
12363,71091,0
12364,127505,1
12365,37384,0
12366,124437,1
12367,57416,0
12368,57754,1
12369,14676,0
12370,17130,0
12371,17860,0
12372,22034,0
12373,40161,0
12374,17734,0
12375,355,0
12376,8287,0
12377,153937,0
12378,115943,0
12379,49788,0
12380,12155,0
12381,61721,0
12382,6593,0
12383,122479,0
12384,16559,0
12385,65240,0
12386,72483,0
12387,34112,0
12388,25996,0
12389,158000,0
12390,162111,1
12391,79054,0
12392,101443,1
12393,7794,0
12394,19512,0
12395,133024,1
12396,67325,0
12397,163028,0
12398,83647,0
12399,50452,0
12400,30417,0
12401,126526,0
12402,33649,0
12403,36610,1
12404,127328,0
12405,34156,0
12406,150638,0
12407,51931,0
12408,93443,0
12409,96691,0
12410,159834,0
12411,133704,0
12412,58220,0
12413,114349,0
12414,36026,0
12415,17167,0
12416,23336,0
12417,152413,1
12418,138940,0
12419,164821,1
12420,147016,0
12421,39006,0
12422,161632,0
12423,63145,0
12424,42271,1
12425,43756,0
12426,101242,0
12427,133151,1
12428,106036,0
12429,138532,0
12430,50142,0
12431,141900,0
12432,91068,0
12433,16094,0
12434,31462,0
12435,29541,0
12436,90764,1
12437,61575,0
12438,85429,0
12439,67885,0
12440,90113,1
12441,41094,0
12442,125097,0
12443,128947,0
12444,34209,0
12445,50439,0
12446,95699,0
12447,72275,1
12448,158461,0
12449,82445,0
12450,88017,0
12451,53177,0
12452,41612,0
12453,54861,0
12454,43737,0
12455,118380,0
12456,104774,0
12457,148374,0
12458,66129,0
12459,150421,0
12460,123746,1
12461,125145,0
12462,159236,0
12463,121234,0
12464,89815,0
12465,71462,0
12466,29266,0
12467,54452,0
12468,95270,0
12469,103570,0
12470,29464,1
12471,83909,0
12472,25298,0
12473,86539,0
12474,60638,0
12475,80268,0
12476,154674,0
12477,77250,0
12478,4875,0
12479,63721,0
12480,34378,0
12481,67678,0
12482,160816,0
12483,16037,1
12484,115727,0
12485,59613,0
12486,144909,0
12487,86136,1
12488,158724,0
12489,68011,0
12490,15687,0
12491,898,0
12492,83345,0
12493,92149,0
12494,146151,0
12495,98406,0
12496,50155,0
12497,102587,0
12498,57833,0
12499,20521,1
12500,65613,0
12501,112677,0
12502,71194,0
12503,118056,0
12504,86955,0
12505,99422,0
12506,125187,1
12507,133438,0
12508,159174,1
12509,18879,0
12510,5507,0
12511,38278,0
12512,103481,0
12513,114851,0
12514,108125,0
12515,63302,1
12516,141626,0
12517,150134,1
12518,151215,0
12519,153257,0
12520,164460,0
12521,110811,0
12522,36737,1
12523,20802,0
12524,45928,0
12525,109169,0
12526,110105,0
12527,140464,0
12528,91069,0
12529,117199,0
12530,154076,0
12531,78566,0
12532,44835,0
12533,14520,0
12534,112554,0
12535,88543,0
12536,110212,0
12537,19485,0
12538,70954,0
12539,76588,0
12540,144931,0
12541,26702,1
12542,61736,0
12543,49979,0
12544,149461,1
12545,141208,0
12546,126924,0
12547,1981,0
12548,164888,0
12549,151329,1
12550,9551,1
12551,47542,0
12552,88163,0
12553,89020,0
12554,50962,1
12555,114975,0
12556,141482,0
12557,95678,0
12558,16899,0
12559,162304,0
12560,123143,0
12561,133429,0
12562,157183,0
12563,25270,0
12564,136556,0
12565,33983,0
12566,49799,0
12567,63072,0
12568,8477,1
12569,133860,0
12570,33121,0
12571,66864,0
12572,87105,0
12573,105210,0
12574,45968,0
12575,56200,0
12576,83346,0
12577,101580,0
12578,113115,0
12579,26695,0
12580,106356,0
12581,102419,1
12582,141062,0
12583,44116,0
12584,87981,0
12585,14888,1
12586,65526,0
12587,57033,0
12588,53723,0
12589,24992,0
12590,119994,1
12591,17374,0
12592,10567,0
12593,160119,0
12594,160468,0
12595,40123,1
12596,149015,0
12597,67944,1
12598,87133,0
12599,75107,0
12600,91554,0
12601,125294,0
12602,85410,0
12603,20169,1
12604,89023,0
12605,1616,0
12606,108071,0
12607,57015,0
12608,17071,0
12609,58820,0
12610,121013,0
12611,152428,0
12612,43233,0
12613,70020,0
12614,110298,0
12615,33619,0
12616,154120,0
12617,16991,0
12618,59688,0
12619,36245,0
12620,30570,0
12621,87251,0
12622,24325,0
12623,118570,0
12624,19384,0
12625,136198,0
12626,1763,0
12627,80417,0
12628,76826,0
12629,21970,0
12630,69800,0
12631,82519,0
12632,153694,0
12633,135681,0
12634,47535,0
12635,53357,0
12636,139590,0
12637,25415,0
12638,122034,1
12639,107749,1
12640,86853,0
12641,99888,0
12642,161840,0
12643,122856,1
12644,70886,0
12645,87993,1
12646,21208,0
12647,137629,0
12648,125003,0
12649,32527,1
12650,128491,0
12651,13428,0
12652,100205,0
12653,74466,1
12654,69412,0
12655,50213,0
12656,104333,1
12657,150468,0
12658,4089,0
12659,116461,0
12660,91297,0
12661,121462,0
12662,29242,1
12663,24095,0
12664,18429,0
12665,26618,0
12666,82312,0
12667,103557,0
12668,21789,0
12669,108988,0
12670,161158,0
12671,141910,0
12672,121622,0
12673,6371,0
12674,31212,1
12675,4780,0
12676,141181,0
12677,2854,0
12678,148566,0
12679,57024,1
12680,28130,0
12681,21410,0
12682,30318,0
12683,159963,0
12684,18788,1
12685,138890,0
12686,51093,1
12687,128801,0
12688,115170,1
12689,38223,0
12690,50571,0
12691,12897,0
12692,55783,0
12693,45285,0
12694,43190,0
12695,43451,0
12696,41824,0
12697,102228,0
12698,130696,0
12699,33676,0
12700,35243,0
12701,152212,0
12702,96937,1
12703,31660,0
12704,96187,1
12705,7286,0
12706,4228,0
12707,119981,0
12708,136487,1
12709,25974,0
12710,103837,0
12711,5055,0
12712,130358,0
12713,53224,0
12714,156554,0
12715,30509,0
12716,164421,0
12717,15027,0
12718,63685,0
12719,69423,0
12720,83740,0
12721,72689,1
12722,97042,0
12723,138025,0
12724,131805,1
12725,81905,0
12726,137547,0
12727,141342,0
12728,36111,0
12729,129371,1
12730,91815,1
12731,130530,0
12732,117547,0
12733,156297,1
12734,122866,1
12735,98953,1
12736,65145,0
12737,9934,0
12738,105645,0
12739,101529,0
12740,94052,0
12741,37441,0
12742,37896,0
12743,104340,0
12744,41735,0
12745,11216,1
12746,84531,0
12747,72553,1
12748,64452,0
12749,72149,0
12750,115663,0
12751,88750,0
12752,38033,0
12753,157120,0
12754,69441,0
12755,55030,0
12756,7424,0
12757,148175,0
12758,112992,0
12759,31267,0
12760,29021,1
12761,123811,0
12762,49922,0
12763,16677,1
12764,19894,0
12765,62242,0
12766,102068,0
12767,96584,0
12768,151714,0
12769,14283,0
12770,161433,1
12771,24839,0
12772,1333,0
12773,99909,0
12774,33276,0
12775,160293,0
12776,65841,0
12777,117806,0
12778,150185,0
12779,103470,0
12780,37607,0
12781,136879,1
12782,370,1
12783,108283,0
12784,19914,0
12785,144206,0
12786,20559,0
12787,107631,0
12788,115803,1
12789,12627,0
12790,30476,1
12791,44236,1
12792,85991,0
12793,71890,0
12794,146883,1
12795,155478,0
12796,71822,0
12797,83378,0
12798,75791,1
12799,80012,0
12800,42104,0
12801,12395,0
12802,117404,0
12803,27135,1
12804,149350,0
12805,127945,0
12806,99573,0
12807,87531,0
12808,146719,1
12809,97323,0
12810,41744,0
12811,143702,0
12812,70358,0
12813,160309,0
12814,90765,0
12815,94854,0
12816,145533,0
12817,114329,0
12818,42470,1
12819,54038,0
12820,10157,0
12821,8817,0
12822,46135,0
12823,3410,0
12824,66521,1
12825,153389,0
12826,68052,0
12827,145766,0
12828,71192,1
12829,142381,0
12830,73494,0
12831,67127,1
12832,61021,0
12833,130094,0
12834,159782,0
12835,112135,0
12836,150041,0
12837,80668,0
12838,102930,0
12839,34555,0
12840,116334,1
12841,153521,0
12842,145123,0
12843,162769,1
12844,67002,0
12845,95673,0
12846,44622,0
12847,68197,0
12848,156390,0
12849,75172,0
12850,91001,0
12851,93935,1
12852,62809,0
12853,29085,0
12854,98970,0
12855,108447,0
12856,34098,0
12857,81586,0
12858,113696,0
12859,99210,0
12860,19940,0
12861,13761,0
12862,52822,0
12863,12052,1
12864,63589,0
12865,82956,0
12866,145971,0
12867,77414,0
12868,13682,0
12869,56756,0
12870,127459,0
12871,124823,0
12872,57061,0
12873,79192,0
12874,130397,0
12875,25392,1
12876,57586,0
12877,118726,0
12878,130480,0
12879,4661,0
12880,29745,1
12881,74876,0
12882,151952,0
12883,7739,0
12884,21055,0
12885,137601,1
12886,55977,0
12887,86954,0
12888,63402,0
12889,89758,0
12890,137242,0
12891,162929,0
12892,164676,0
12893,59329,0
12894,113221,0
12895,19433,0
12896,92850,0
12897,152192,0
12898,77044,0
12899,24317,0
12900,146635,0
12901,69902,0
12902,58118,0
12903,125243,0
12904,100651,0
12905,101362,1
12906,164202,1
12907,74645,0
12908,23976,0
12909,123036,0
12910,70468,0
12911,76792,1
12912,58196,0
12913,51052,0
12914,61873,0
12915,39833,1
12916,97332,0
12917,117692,0
12918,134963,1
12919,107566,0
12920,68230,0
12921,148250,0
12922,5862,0
12923,152414,0
12924,72301,0
12925,98989,1
12926,9225,0
12927,164728,0
12928,24538,1
12929,164020,0
12930,45699,0
12931,149891,0
12932,68844,0
12933,107753,0
12934,82477,0
12935,163048,0
12936,42250,0
12937,94924,0
12938,156381,0
12939,100835,1
12940,83100,1
12941,101603,0
12942,99424,1
12943,60192,0
12944,94531,0
12945,110676,0
12946,28815,0
12947,21140,0
12948,120392,1
12949,28916,0
12950,74385,0
12951,5944,1
12952,66331,0
12953,15379,0
12954,146501,0
12955,137223,0
12956,36417,0
12957,60260,1
12958,67507,0
12959,86095,0
12960,87819,0
12961,55785,1
12962,35164,0
12963,129915,1
12964,52915,0
12965,36400,0
12966,111606,0
12967,81877,0
12968,16276,1
12969,109899,0
12970,87694,0
12971,27172,0
12972,11925,0
12973,77997,0
12974,45037,0
12975,112522,1
12976,69177,0
12977,35104,0
12978,20533,1
12979,53836,0
12980,43319,0
12981,137544,0
12982,118040,1
12983,47434,0
12984,122379,1
12985,57405,0
12986,158207,0
12987,148372,0
12988,45575,0
12989,6635,0
12990,33058,0
12991,55211,0
12992,143761,0
12993,128238,0
12994,158648,0
12995,119570,0
12996,116640,0
12997,16349,0
12998,54002,1
12999,29189,1
13000,63928,0
13001,156660,0
13002,44377,0
13003,131134,0
13004,74007,1
13005,54873,0
13006,98376,0
13007,65414,0
13008,130182,0
13009,152614,0
13010,128802,0
13011,119327,0
13012,71877,0
13013,83137,0
13014,80756,0
13015,163264,0
13016,59384,0
13017,62446,0
13018,125362,0
13019,79249,0
13020,7727,0
13021,100960,1
13022,91505,0
13023,45814,0
13024,4099,0
13025,9334,0
13026,107158,0
13027,160389,0
13028,31104,0
13029,35771,0
13030,17878,0
13031,52985,0
13032,526,0
13033,64466,0
13034,41243,0
13035,48971,0
13036,142484,0
13037,43161,0
13038,55615,0
13039,116996,0
13040,90623,0
13041,52214,0
13042,68784,0
13043,18494,0
13044,12479,0
13045,61890,0
13046,117813,0
13047,104674,0
13048,21097,0
13049,83393,1
13050,128290,0
13051,119366,0
13052,72669,1
13053,96835,0
13054,148916,0
13055,70405,0
13056,167,0
13057,147565,0
13058,42103,0
13059,65409,0
13060,98558,1
13061,20163,0
13062,79727,0
13063,27191,0
13064,94643,0
13065,57066,0
13066,103008,1
13067,155883,0
13068,33727,0
13069,76972,0
13070,47678,0
13071,74865,0
13072,51780,0
13073,117827,1
13074,96856,1
13075,76090,0
13076,62399,0
13077,67913,0
13078,42350,0
13079,93173,0
13080,108633,0
13081,18924,0
13082,83644,0
13083,8609,0
13084,142428,0
13085,39678,1
13086,3374,0
13087,7895,0
13088,163276,1
13089,120956,0
13090,33994,0
13091,73062,0
13092,155293,0
13093,76518,1
13094,52027,1
13095,4738,0
13096,122297,0
13097,68958,0
13098,13685,1
13099,112279,1
13100,80094,0
13101,106327,0
13102,93401,0
13103,144628,0
13104,154895,0
13105,25543,0
13106,119838,0
13107,156176,0
13108,158511,1
13109,139682,0
13110,56689,0
13111,47221,0
13112,46355,0
13113,157118,0
13114,150179,0
13115,122757,1
13116,23546,0
13117,116738,0
13118,55545,0
13119,97302,0
13120,34920,0
13121,103285,1
13122,102315,0
13123,60176,0
13124,147389,0
13125,112533,0
13126,108350,0
13127,101163,0
13128,25862,0
13129,79585,0
13130,61830,0
13131,79725,0
13132,106210,0
13133,57213,0
13134,116652,1
13135,128900,0
13136,69924,0
13137,103998,1
13138,68583,1
13139,103912,0
13140,22360,0
13141,136060,0
13142,27663,0
13143,142645,0
13144,6196,0
13145,120397,0
13146,103287,1
13147,12075,0
13148,53693,0
13149,45653,0
13150,159214,0
13151,65328,0
13152,35384,0
13153,152895,0
13154,136353,0
13155,161530,1
13156,33852,1
13157,72864,0
13158,39795,1
13159,112723,0
13160,31896,0
13161,41038,0
13162,113015,0
13163,25922,0
13164,116294,0
13165,49353,0
13166,27123,0
13167,94243,0
13168,87024,0
13169,160840,1
13170,33851,0
13171,12485,0
13172,80798,0
13173,86237,0
13174,17174,0
13175,21887,0
13176,13102,0
13177,33653,0
13178,1921,0
13179,155195,0
13180,121346,0
13181,27681,0
13182,154243,0
13183,146704,0
13184,84038,0
13185,32613,0
13186,60814,0
13187,101541,0
13188,55029,0
13189,51949,0
13190,124965,0
13191,93106,0
13192,150252,1
13193,111044,0
13194,118347,0
13195,88245,1
13196,208,0
13197,112482,0
13198,73850,0
13199,57902,0
13200,82115,0
13201,85272,1
13202,17590,0
13203,70959,0
13204,82776,1
13205,100665,0
13206,155655,1
13207,51935,0
13208,63149,0
13209,6488,0
13210,161954,0
13211,124046,0
13212,29128,0
13213,6472,0
13214,61844,0
13215,137596,0
13216,97821,0
13217,17650,1
13218,5732,0
13219,135631,0
13220,98123,0
13221,138560,1
13222,30371,1
13223,121442,0
13224,151196,0
13225,145185,0
13226,155393,0
13227,124213,1
13228,67921,0
13229,85096,0
13230,11748,0
13231,146583,0
13232,20203,0
13233,75906,0
13234,107873,0
13235,102026,0
13236,112130,0
13237,61026,0
13238,72324,1
13239,66795,0
13240,135264,0
13241,78301,0
13242,100479,0
13243,95379,0
13244,84220,0
13245,115299,0
13246,97579,1
13247,115741,0
13248,149102,0
13249,150576,1
13250,2803,0
13251,145492,0
13252,54535,0
13253,115721,0
13254,94882,0
13255,153677,0
13256,36770,1
13257,105458,1
13258,37925,0
13259,11681,0
13260,112744,0
13261,42489,0
13262,150959,0
13263,117712,0
13264,116983,1
13265,3335,0
13266,120710,0
13267,295,0
13268,19863,1
13269,126004,0
13270,128554,0
13271,50342,0
13272,41563,0
13273,3160,0
13274,9068,0
13275,4298,0
13276,87911,0
13277,105021,0
13278,127090,0
13279,24624,0
13280,74649,0
13281,23355,1
13282,66712,0
13283,110712,0
13284,37878,1
13285,29722,0
13286,50900,0
13287,31344,1
13288,82403,0
13289,150863,0
13290,58478,0
13291,54332,0
13292,163137,0
13293,37982,0
13294,64794,0
13295,26446,0
13296,8126,0
13297,2395,0
13298,103582,0
13299,15515,0
13300,92559,0
13301,110987,0
13302,24212,0
13303,12174,0
13304,10919,0
13305,11816,0
13306,25824,0
13307,69679,0
13308,54770,0
13309,157819,0
13310,164229,1
13311,154559,0
13312,100691,0
13313,92519,1
13314,141456,1
13315,34402,0
13316,39631,0
13317,42817,1
13318,99277,1
13319,66058,0
13320,85453,0
13321,139242,1
13322,139307,0
13323,70646,0
13324,94349,0
13325,94790,0
13326,93219,0
13327,52338,0
13328,144467,0
13329,27545,0
13330,38344,0
13331,163025,0
13332,83068,0
13333,6992,0
13334,17264,0
13335,75499,0
13336,69861,0
13337,89821,0
13338,131323,0
13339,72871,0
13340,119474,1
13341,156751,0
13342,95891,0
13343,38698,0
13344,34408,1
13345,19524,0
13346,67803,0
13347,77040,0
13348,104462,0
13349,36344,0
13350,108945,0
13351,135354,0
13352,70631,0
13353,97083,0
13354,125351,0
13355,50778,0
13356,13394,0
13357,107333,1
13358,125193,0
13359,150039,0
13360,86203,0
13361,68061,1
13362,128921,0
13363,71432,0
13364,98520,1
13365,96794,0
13366,80450,0
13367,107459,0
13368,97518,1
13369,130015,1
13370,103385,0
13371,88969,0
13372,127144,0
13373,140938,0
13374,46806,0
13375,145299,0
13376,61288,1
13377,73668,1
13378,25044,0
13379,134540,0
13380,77221,0
13381,108613,0
13382,157723,0
13383,17131,0
13384,91448,0
13385,12177,0
13386,148585,0
13387,24343,0
13388,127688,0
13389,118790,0
13390,8206,0
13391,140421,0
13392,101630,0
13393,4553,0
13394,125764,0
13395,119629,0
13396,10319,0
13397,63999,0
13398,110603,0
13399,57379,0
13400,50173,0
13401,12756,0
13402,117944,0
13403,24338,0
13404,164126,0
13405,153098,1
13406,39608,1
13407,140203,0
13408,113269,0
13409,122257,1
13410,110546,1
13411,31728,0
13412,79618,0
13413,136938,0
13414,49422,0
13415,24844,0
13416,107572,0
13417,102392,0
13418,131901,0
13419,73933,0
13420,138555,0
13421,107964,0
13422,16790,0
13423,99704,1
13424,89951,0
13425,69418,0
13426,104348,0
13427,26376,0
13428,69946,0
13429,95480,0
13430,69019,0
13431,49052,0
13432,94677,0
13433,145445,0
13434,142022,1
13435,108939,1
13436,103719,0
13437,121038,0
13438,161719,0
13439,19950,1
13440,110320,0
13441,11884,0
13442,5685,0
13443,69144,1
13444,48860,0
13445,146315,0
13446,53954,0
13447,48828,1
13448,101666,0
13449,90121,0
13450,77598,0
13451,125449,1
13452,107210,0
13453,92283,0
13454,129392,0
13455,153432,1
13456,66529,0
13457,74121,0
13458,36934,0
13459,45477,0
13460,61544,0
13461,153531,0
13462,41793,0
13463,126894,0
13464,109507,1
13465,95609,0
13466,100288,0
13467,160219,0
13468,77710,0
13469,1237,0
13470,77426,0
13471,22917,0
13472,64267,0
13473,22334,0
13474,109754,0
13475,19162,0
13476,25185,0
13477,65501,0
13478,45880,0
13479,41122,0
13480,61973,1
13481,35805,0
13482,127524,0
13483,44672,0
13484,133363,0
13485,19331,0
13486,163331,0
13487,1419,0
13488,49233,0
13489,106185,1
13490,120056,0
13491,18130,0
13492,77948,0
13493,56783,1
13494,153408,0
13495,82300,0
13496,139863,1
13497,14004,0
13498,32449,0
13499,62629,0
13500,137121,0
13501,61557,0
13502,82769,1
13503,157735,0
13504,153581,0
13505,129261,0
13506,119347,0
13507,132704,0
13508,73696,0
13509,136397,0
13510,129148,0
13511,27920,0
13512,86797,1
13513,114728,0
13514,10485,0
13515,93821,0
13516,119112,0
13517,153049,0
13518,135778,0
13519,34708,0
13520,155058,0
13521,89386,0
13522,146794,0
13523,28675,1
13524,150408,0
13525,43561,0
13526,9504,0
13527,140799,1
13528,23442,0
13529,90710,0
13530,5595,0
13531,61360,0
13532,159068,0
13533,22269,0
13534,132516,0
13535,57797,0
13536,8167,0
13537,99935,0
13538,61957,0
13539,85373,0
13540,141633,1
13541,45021,0
13542,62753,0
13543,59712,0
13544,27305,0
13545,146881,0
13546,13247,1
13547,117604,0
13548,13028,0
13549,129235,0
13550,71907,0
13551,74354,1
13552,11166,0
13553,54550,0
13554,67304,0
13555,74971,0
13556,52567,0
13557,112776,0
13558,141115,1
13559,131535,1
13560,38156,0
13561,73864,0
13562,83526,0
13563,58617,1
13564,126745,0
13565,134367,0
13566,52067,0
13567,69999,1
13568,46910,0
13569,77120,0
13570,108530,0
13571,88078,1
13572,52436,0
13573,1581,0
13574,160690,0
13575,57764,0
13576,78338,0
13577,110097,0
13578,64716,1
13579,26809,0
13580,34188,0
13581,93944,0
13582,137909,0
13583,30520,1
13584,144134,0
13585,24710,1
13586,163150,0
13587,48453,1
13588,118827,0
13589,110997,0
13590,125876,0
13591,55142,0
13592,159610,0
13593,135556,0
13594,12414,0
13595,96968,0
13596,89984,0
13597,107395,0
13598,63691,0
13599,56410,0
13600,27422,1
13601,162560,0
13602,77319,0
13603,10794,0
13604,149805,0
13605,36071,0
13606,3520,0
13607,106501,0
13608,32887,0
13609,66743,0
13610,29196,0
13611,64054,0
13612,104292,0
13613,74081,0
13614,69925,0
13615,50994,0
13616,49508,0
13617,1327,0
13618,27899,0
13619,161853,1
13620,101411,0
13621,6588,1
13622,146737,0
13623,109712,0
13624,93026,0
13625,56264,0
13626,24695,0
13627,14292,0
13628,64872,0
13629,116012,1
13630,102329,1
13631,58190,0
13632,143207,0
13633,79300,0
13634,93126,0
13635,70983,1
13636,51363,0
13637,73998,1
13638,58445,0
13639,2002,0
13640,142033,0
13641,30469,0
13642,88331,1
13643,112152,0
13644,156188,0
13645,96553,0
13646,111146,0
13647,87281,0
13648,151356,0
13649,95602,0
13650,143236,0
13651,163250,1
13652,72378,0
13653,56508,1
13654,108198,0
13655,127171,0
13656,284,0
13657,106246,0
13658,49565,0
13659,26341,1
13660,72965,1
13661,155397,0
13662,22738,1
13663,6783,0
13664,28742,0
13665,54082,0
13666,11092,0
13667,94799,0
13668,122810,0
13669,17372,0
13670,130638,0
13671,136043,0
13672,78097,0
13673,10056,0
13674,101170,0
13675,142317,0
13676,70902,0
13677,23024,0
13678,122956,1
13679,162383,0
13680,105331,0
13681,10940,0
13682,9861,0
13683,157134,0
13684,30287,0
13685,71994,0
13686,117960,0
13687,34435,0
13688,89493,0
13689,162907,1
13690,45910,0
13691,49543,1
13692,31106,0
13693,160017,0
13694,107629,0
13695,34041,0
13696,92017,0
13697,11783,0
13698,25098,0
13699,124193,0
13700,111589,1
13701,55493,0
13702,43692,1
13703,64326,1
13704,75109,0
13705,47167,0
13706,80894,0
13707,98968,0
13708,140085,0
13709,72594,0
13710,86769,1
13711,97547,1
13712,3867,0
13713,90528,0
13714,92689,0
13715,29571,0
13716,81838,0
13717,108743,1
13718,49998,0
13719,70816,0
13720,89053,0
13721,116341,0
13722,65687,0
13723,105712,0
13724,138755,0
13725,139821,0
13726,64686,0
13727,37526,0
13728,78284,0
13729,38018,0
13730,96955,0
13731,43460,0
13732,19065,0
13733,79854,0
13734,95683,0
13735,136201,0
13736,145644,0
13737,68928,1
13738,18534,0
13739,30346,0
13740,19735,0
13741,125164,1
13742,473,0
13743,119454,0
13744,88756,0
13745,86423,0
13746,23284,0
13747,50297,0
13748,46683,1
13749,131506,0
13750,52886,0
13751,111518,0
13752,55342,1
13753,26590,0
13754,67953,0
13755,160824,0
13756,37829,0
13757,92437,0
13758,157340,0
13759,160467,0
13760,153317,0
13761,114367,0
13762,67242,0
13763,35646,0
13764,1183,0
13765,97558,0
13766,94326,0
13767,57941,1
13768,61348,0
13769,30212,0
13770,83257,1
13771,8428,0
13772,126308,1
13773,12105,0
13774,40141,0
13775,46113,0
13776,88444,0
13777,109652,0
13778,161746,0
13779,76066,0
13780,1854,0
13781,145548,0
13782,137392,0
13783,5379,0
13784,59645,0
13785,3422,0
13786,159264,0
13787,6055,0
13788,76132,0
13789,20878,1
13790,96224,0
13791,142013,1
13792,924,0
13793,146333,0
13794,101184,1
13795,43184,0
13796,114504,0
13797,147693,0
13798,82484,0
13799,25267,0
13800,117926,0
13801,137007,0
13802,5609,0
13803,138080,1
13804,41766,0
13805,74770,0
13806,21130,0
13807,56634,0
13808,164216,0
13809,98696,0
13810,64227,0
13811,18524,0
13812,18929,0
13813,106895,0
13814,81601,0
13815,17931,0
13816,53076,0
13817,66739,0
13818,106361,0
13819,125350,0
13820,28278,0
13821,6074,0
13822,11969,0
13823,99370,0
13824,141215,0
13825,32304,0
13826,154057,0
13827,99929,0
13828,90126,0
13829,83363,0
13830,52730,1
13831,160254,0
13832,149540,0
13833,91981,0
13834,45798,0
13835,1876,0
13836,41383,1
13837,673,0
13838,7715,0
13839,138064,0
13840,67366,0
13841,143405,1
13842,124746,0
13843,114200,0
13844,114242,0
13845,160001,0
13846,43614,0
13847,79771,0
13848,122624,0
13849,8613,1
13850,69197,0
13851,41679,0
13852,69061,0
13853,35284,0
13854,133775,0
13855,18729,0
13856,118743,0
13857,115930,0
13858,143426,0
13859,148267,0
13860,47215,0
13861,119263,1
13862,115830,0
13863,142109,0
13864,116755,0
13865,5554,1
13866,97388,0
13867,72062,0
13868,71540,1
13869,87430,0
13870,27564,0
13871,79988,0
13872,144462,0
13873,130128,0
13874,161535,0
13875,110686,0
13876,108727,0
13877,68403,0
13878,25128,0
13879,10655,0
13880,125541,0
13881,98218,0
13882,41050,0
13883,32545,0
13884,37149,0
13885,141775,0
13886,100627,0
13887,82136,0
13888,7040,0
13889,48658,0
13890,103097,0
13891,85486,0
13892,140705,0
13893,101544,1
13894,159756,0
13895,42677,1
13896,159407,0
13897,116567,0
13898,109354,0
13899,105090,0
13900,64019,0
13901,23639,0
13902,25878,1
13903,159638,0
13904,36843,0
13905,84485,0
13906,60910,1
13907,59929,0
13908,125355,0
13909,12482,0
13910,43868,0
13911,100108,0
13912,7349,0
13913,58322,0
13914,148573,0
13915,53334,1
13916,159667,1
13917,157095,0
13918,130673,0
13919,154992,0
13920,47905,0
13921,90496,0
13922,119518,0
13923,102627,0
13924,14074,0
13925,142488,1
13926,72699,0
13927,4432,0
13928,119907,0
13929,153327,0
13930,35315,0
13931,16859,1
13932,137289,1
13933,121461,0
13934,89231,0
13935,91417,1
13936,52427,0
13937,122512,0
13938,13644,0
13939,125435,0
13940,31927,0
13941,126223,0
13942,17491,0
13943,113760,0
13944,83886,0
13945,99011,0
13946,82038,0
13947,39943,0
13948,88237,0
13949,154848,1
13950,6462,0
13951,46890,0
13952,39069,1
13953,83225,1
13954,25303,0
13955,100832,0
13956,58338,1
13957,134899,1
13958,101687,0
13959,134044,0
13960,121750,0
13961,100307,0
13962,159792,0
13963,150582,0
13964,114538,0
13965,80834,0
13966,17520,0
13967,35485,0
13968,35519,0
13969,116262,0
13970,78263,0
13971,112740,0
13972,16981,0
13973,139868,0
13974,8699,0
13975,55563,0
13976,76580,0
13977,161796,0
13978,163727,0
13979,159297,0
13980,69884,0
13981,98186,0
13982,160397,0
13983,76578,1
13984,158860,1
13985,11655,0
13986,52341,0
13987,66119,0
13988,59401,0
13989,136054,0
13990,99561,0
13991,34936,0
13992,32700,0
13993,31124,0
13994,63790,0
13995,135144,0
13996,78971,0
13997,148461,0
13998,67095,1
13999,67367,0
14000,33110,0
14001,131225,0
14002,68725,0
14003,24544,0
14004,48719,0
14005,164112,0
14006,8185,0
14007,23352,0
14008,9127,0
14009,136433,0
14010,11146,0
14011,109129,0
14012,16775,1
14013,111037,0
14014,114319,0
14015,17250,1
14016,132984,1
14017,12412,1
14018,48198,0
14019,100799,1
14020,47082,0
14021,78721,0
14022,30629,0
14023,2357,0
14024,138768,0
14025,89054,1
14026,8080,0
14027,30940,0
14028,13055,0
14029,3314,1
14030,92214,0
14031,120653,1
14032,136993,0
14033,138261,0
14034,158236,0
14035,11002,0
14036,59979,0
14037,114878,1
14038,59697,1
14039,151530,0
14040,163652,0
14041,76950,0
14042,159320,0
14043,6888,1
14044,128340,0
14045,130346,1
14046,136357,0
14047,56965,0
14048,69501,0
14049,22647,0
14050,148980,0
14051,153687,0
14052,112608,0
14053,45695,0
14054,61641,0
14055,20103,0
14056,49173,0
14057,113132,0
14058,32296,0
14059,6713,0
14060,11557,0
14061,154131,0
14062,72362,0
14063,122050,0
14064,156223,0
14065,20023,0
14066,72501,0
14067,56386,1
14068,87039,0
14069,134971,0
14070,3356,0
14071,114365,0
14072,134822,1
14073,67946,0
14074,111363,0
14075,70545,0
14076,29132,0
14077,74491,0
14078,100293,1
14079,36614,0
14080,10509,0
14081,59323,0
14082,50485,0
14083,67253,0
14084,16814,0
14085,149446,0
14086,32446,1
14087,68436,1
14088,73191,0
14089,57987,0
14090,160076,0
14091,90540,0
14092,6747,0
14093,57635,0
14094,135043,0
14095,150124,0
14096,63950,0
14097,102960,0
14098,55074,0
14099,51686,0
14100,32927,0
14101,133992,0
14102,108977,0
14103,80672,0
14104,81156,0
14105,163866,0
14106,124142,0
14107,41736,0
14108,31791,0
14109,144830,0
14110,14578,0
14111,22834,1
14112,39919,0
14113,161238,0
14114,16662,0
14115,44792,0
14116,43555,0
14117,127461,0
14118,154855,1
14119,55682,0
14120,158945,0
14121,129510,0
14122,84693,0
14123,71969,1
14124,121842,0
14125,90741,0
14126,25418,0
14127,13368,0
14128,113740,0
14129,12480,0
14130,122588,0
14131,46820,1
14132,141096,0
14133,121201,0
14134,98797,1
14135,161099,0
14136,153149,0
14137,5286,0
14138,35518,0
14139,162087,0
14140,75369,0
14141,78575,0
14142,131741,1
14143,143884,0
14144,105298,0
14145,89785,1
14146,2200,1
14147,152587,1
14148,95001,0
14149,22755,0
14150,121333,0
14151,145852,0
14152,141555,0
14153,32181,0
14154,119189,0
14155,111777,0
14156,153617,1
14157,97274,0
14158,125850,0
14159,85445,0
14160,111673,1
14161,26319,1
14162,15839,0
14163,36859,0
14164,3966,0
14165,160993,0
14166,89088,1
14167,122980,0
14168,77527,0
14169,152658,1
14170,32720,0
14171,65,1
14172,89954,0
14173,124774,0
14174,102748,0
14175,144279,0
14176,32641,0
14177,105190,0
14178,320,0
14179,138578,0
14180,152289,0
14181,14815,1
14182,83557,0
14183,74106,1
14184,3599,0
14185,77967,0
14186,6329,0
14187,36228,0
14188,81276,0
14189,148776,0
14190,16846,0
14191,46875,0
14192,162289,0
14193,26135,0
14194,96177,0
14195,99878,1
14196,162810,0
14197,110137,0
14198,17320,0
14199,74082,0
14200,111840,1
14201,104901,0
14202,77067,1
14203,90828,1
14204,39008,0
14205,46016,1
14206,82000,1
14207,32283,0
14208,13822,1
14209,54951,0
14210,17847,0
14211,14686,0
14212,132973,0
14213,109024,0
14214,93282,0
14215,135536,0
14216,151120,0
14217,125378,0
14218,100147,0
14219,13551,1
14220,71503,1
14221,156573,0
14222,107875,0
14223,62408,0
14224,153099,0
14225,88083,0
14226,114524,0
14227,162721,1
14228,135286,0
14229,147482,0
14230,108105,0
14231,56067,0
14232,49720,0
14233,66877,0
14234,103396,0
14235,59706,0
14236,71655,1
14237,20384,1
14238,60757,1
14239,100377,0
14240,69380,0
14241,6619,0
14242,10933,0
14243,16636,0
14244,141769,1
14245,56662,0
14246,122386,1
14247,64958,0
14248,72648,0
14249,94441,0
14250,55763,0
14251,147889,0
14252,114521,0
14253,65125,0
14254,123781,0
14255,92540,0
14256,39786,1
14257,107606,0
14258,35228,1
14259,91653,0
14260,103807,1
14261,150310,0
14262,113785,0
14263,93779,0
14264,36574,1
14265,149166,0
14266,113734,0
14267,62478,0
14268,75341,0
14269,14932,0
14270,83948,1
14271,47047,1
14272,1675,0
14273,22843,0
14274,87217,0
14275,1035,0
14276,95212,0
14277,120852,0
14278,142953,0
14279,27773,0
14280,110237,0
14281,95963,0
14282,114295,0
14283,89323,0
14284,109438,0
14285,50278,1
14286,152222,0
14287,20701,0
14288,58776,0
14289,121006,0
14290,40204,1
14291,144399,0
14292,3951,1
14293,155560,1
14294,22873,0
14295,71271,0
14296,104271,0
14297,58586,0
14298,110495,0
14299,120695,0
14300,92153,1
14301,157073,0
14302,38154,0
14303,103253,1
14304,73475,0
14305,160419,0
14306,84640,0
14307,106465,0
14308,8164,0
14309,74713,0
14310,109495,0
14311,84076,0
14312,111468,0
14313,16568,0
14314,133323,0
14315,89242,0
14316,5497,0
14317,132465,0
14318,136916,0
14319,17127,1
14320,68608,0
14321,4884,0
14322,38795,0
14323,126274,0
14324,50924,0
14325,88375,1
14326,107781,0
14327,113116,1
14328,78770,0
14329,15752,0
14330,130619,0
14331,52852,0
14332,1383,0
14333,54281,1
14334,94456,0
14335,119786,0
14336,107558,0
14337,36800,0
14338,114041,0
14339,79684,0
14340,45813,1
14341,56262,0
14342,22538,0
14343,138413,0
14344,87253,0
14345,159566,0
14346,33439,0
14347,105765,1
14348,86851,1
14349,110432,0
14350,2311,0
14351,64577,0
14352,146932,0
14353,136763,0
14354,93800,0
14355,109156,0
14356,159288,0
14357,33948,0
14358,2647,0
14359,78317,0
14360,7106,0
14361,85561,0
14362,40652,1
14363,117628,0
14364,142882,0
14365,48546,1
14366,120152,0
14367,87620,0
14368,74974,1
14369,6461,0
14370,101054,0
14371,6548,0
14372,91661,0
14373,145355,0
14374,54457,0
14375,73698,1
14376,8209,0
14377,27928,0
14378,43942,0
14379,136113,0
14380,9121,0
14381,8611,0
14382,19397,0
14383,75895,0
14384,25942,0
14385,3511,0
14386,160563,0
14387,141609,0
14388,130046,0
14389,28448,1
14390,87277,0
14391,121473,1
14392,158842,1
14393,39980,0
14394,88959,0
14395,60982,0
14396,155214,0
14397,85222,0
14398,17648,0
14399,72040,0
14400,86230,0
14401,128138,0
14402,62984,0
14403,35609,0
14404,18068,1
14405,102171,0
14406,61489,0
14407,163651,1
14408,52372,0
14409,29511,0
14410,32885,0
14411,126890,0
14412,91586,0
14413,129271,0
14414,29736,0
14415,51288,0
14416,3391,0
14417,3090,0
14418,54909,0
14419,19147,0
14420,60689,1
14421,156377,0
14422,90324,0
14423,100687,0
14424,131157,0
14425,147706,0
14426,161045,0
14427,97515,0
14428,81758,0
14429,101119,0
14430,140115,0
14431,152492,0
14432,79398,0
14433,101253,0
14434,161834,0
14435,134071,0
14436,89888,0
14437,34701,0
14438,33289,0
14439,103528,0
14440,74093,0
14441,152568,0
14442,111376,1
14443,32964,0
14444,25399,0
14445,9994,0
14446,80816,0
14447,132624,0
14448,147534,0
14449,144367,1
14450,103974,0
14451,105564,0
14452,31732,0
14453,14521,0
14454,126758,0
14455,19529,1
14456,117725,0
14457,78854,0
14458,64068,0
14459,35182,0
14460,45451,0
14461,6113,0
14462,96593,0
14463,101516,0
14464,89245,1
14465,72925,0
14466,125160,0
14467,118874,0
14468,100608,0
14469,6986,0
14470,80758,0
14471,41667,1
14472,79849,0
14473,41975,0
14474,35370,0
14475,112007,0
14476,45056,0
14477,32450,1
14478,156783,1
14479,97036,0
14480,8389,0
14481,22220,0
14482,72402,0
14483,16971,0
14484,122682,0
14485,38446,0
14486,69390,0
14487,94260,0
14488,19153,0
14489,144084,1
14490,38547,0
14491,54324,0
14492,17558,0
14493,94470,0
14494,32912,0
14495,129000,0
14496,15575,0
14497,15118,0
14498,158153,0
14499,150729,0
14500,121856,0
14501,98075,0
14502,105903,0
14503,22219,1
14504,116,0
14505,88164,0
14506,90086,0
14507,135589,0
14508,20660,0
14509,123588,0
14510,103918,0
14511,7962,0
14512,139926,0
14513,77429,0
14514,89846,0
14515,63741,0
14516,77755,0
14517,27116,0
14518,160544,1
14519,82040,0
14520,14410,0
14521,114321,1
14522,90517,0
14523,49454,1
14524,81915,0
14525,49191,0
14526,109039,0
14527,7776,1
14528,49791,0
14529,27785,0
14530,41049,0
14531,147179,0
14532,128207,1
14533,133020,1
14534,103421,0
14535,63128,0
14536,112505,0
14537,154268,1
14538,111620,0
14539,117023,0
14540,144100,1
14541,157387,0
14542,61503,0
14543,56476,0
14544,47049,0
14545,98747,0
14546,85181,0
14547,56181,0
14548,94018,0
14549,160852,0
14550,155792,0
14551,136725,0
14552,68812,0
14553,63163,0
14554,56223,1
14555,103458,0
14556,48613,0
14557,11691,0
14558,16026,0
14559,21441,1
14560,45385,0
14561,36838,0
14562,15969,1
14563,136359,0
14564,61425,0
14565,38703,0
14566,24256,0
14567,22669,0
14568,90849,0
14569,15822,0
14570,128479,0
14571,77516,0
14572,140615,0
14573,99579,0
14574,131212,0
14575,80275,0
14576,10189,0
14577,3324,0
14578,57729,0
14579,29654,0
14580,139065,0
14581,22903,0
14582,15226,0
14583,132295,0
14584,136704,0
14585,1073,0
14586,152290,0
14587,56282,0
14588,36216,0
14589,36510,0
14590,11767,0
14591,114047,0
14592,124622,0
14593,63761,0
14594,75220,1
14595,96038,0
14596,96735,0
14597,54603,0
14598,139110,1
14599,60257,0
14600,138252,0
14601,135414,0
14602,83093,0
14603,103275,0
14604,54440,1
14605,15762,1
14606,44927,0
14607,109729,0
14608,30342,0
14609,39727,0
14610,66722,0
14611,154741,0
14612,149292,1
14613,60068,0
14614,71932,0
14615,48794,1
14616,7086,1
14617,135550,0
14618,135940,0
14619,142709,0
14620,29207,0
14621,156451,0
14622,64583,1
14623,78157,1
14624,14347,0
14625,88501,0
14626,79187,0
14627,112571,0
14628,40855,0
14629,163348,0
14630,116576,0
14631,91212,0
14632,100865,0
14633,128190,0
14634,76694,0
14635,52768,0
14636,147115,0
14637,81405,0
14638,122800,0
14639,78781,0
14640,69231,0
14641,72499,0
14642,31345,0
14643,64624,0
14644,105565,1
14645,114953,0
14646,156180,0
14647,80341,0
14648,49713,0
14649,25080,0
14650,116705,0
14651,38494,0
14652,115184,0
14653,3986,0
14654,34889,0
14655,70016,1
14656,90756,0
14657,116164,0
14658,124820,0
14659,110727,0
14660,5348,1
14661,34976,1
14662,25180,0
14663,31673,0
14664,46543,0
14665,41726,0
14666,35178,0
14667,82994,0
14668,87948,0
14669,145921,0
14670,43918,0
14671,134978,0
14672,34774,0
14673,7879,0
14674,113517,0
14675,112869,0
14676,91483,0
14677,118180,0
14678,136901,0
14679,101476,0
14680,53481,0
14681,4380,0
14682,158644,0
14683,54084,0
14684,103733,0
14685,131455,0
14686,84983,1
14687,106514,0
14688,107386,0
14689,159207,1
14690,91665,0
14691,125984,0
14692,120376,0
14693,21203,1
14694,70973,0
14695,72547,1
14696,135031,0
14697,126339,0
14698,17790,0
14699,138150,0
14700,155241,0
14701,44337,0
14702,54343,0
14703,105828,0
14704,73374,0
14705,150417,1
14706,105609,0
14707,95906,0
14708,91746,0
14709,142236,0
14710,89613,0
14711,127198,0
14712,82378,0
14713,23356,0
14714,78328,0
14715,53813,0
14716,19563,0
14717,27991,0
14718,157334,0
14719,105953,1
14720,90213,1
14721,48215,0
14722,21954,0
14723,159574,0
14724,100192,1
14725,110185,0
14726,5925,0
14727,114685,0
14728,103105,1
14729,71413,0
14730,46122,0
14731,142783,0
14732,24191,1
14733,122123,0
14734,153586,1
14735,1069,0
14736,20212,0
14737,15538,0
14738,76711,0
14739,30678,0
14740,135146,0
14741,7153,0
14742,26522,0
14743,107020,1
14744,131327,0
14745,90725,0
14746,4356,0
14747,12553,0
14748,25821,1
14749,37913,1
14750,65143,0
14751,127900,1
14752,112426,0
14753,73519,0
14754,55861,0
14755,160118,0
14756,41394,0
14757,6091,0
14758,81914,0
14759,22447,0
14760,108439,1
14761,136740,0
14762,81626,0
14763,23862,0
14764,4667,0
14765,68951,0
14766,3197,1
14767,10031,0
14768,43002,0
14769,151023,0
14770,101465,0
14771,120990,0
14772,149311,0
14773,70613,0
14774,22967,0
14775,116531,0
14776,87486,0
14777,162281,0
14778,161971,0
14779,151797,0
14780,48698,1
14781,150363,0
14782,109980,0
14783,36516,0
14784,83126,0
14785,45736,0
14786,144348,0
14787,117191,1
14788,62218,0
14789,57577,0
14790,98501,1
14791,97722,0
14792,64621,0
14793,21555,1
14794,115914,0
14795,163415,0
14796,104680,0
14797,86393,0
14798,25424,0
14799,44352,0
14800,105899,0
14801,87411,0
14802,126625,0
14803,51976,1
14804,49333,0
14805,155013,0
14806,61138,0
14807,159709,0
14808,38882,0
14809,29484,0
14810,113200,0
14811,14403,1
14812,46723,0
14813,135756,0
14814,157929,0
14815,66175,1
14816,104313,0
14817,72801,1
14818,39384,0
14819,18621,0
14820,139921,1
14821,152636,1
14822,139163,0
14823,115046,0
14824,86080,0
14825,147409,0
14826,42265,0
14827,45710,0
14828,4835,1
14829,96414,0
14830,107961,1
14831,149724,0
14832,14392,0
14833,90652,0
14834,131251,0
14835,86085,0
14836,67952,0
14837,103378,0
14838,44435,0
14839,156890,0
14840,32231,0
14841,78334,0
14842,109956,0
14843,10463,0
14844,8821,0
14845,70547,0
14846,8934,0
14847,115847,0
14848,26641,0
14849,108011,1
14850,76000,1
14851,17807,0
14852,135124,0
14853,121930,0
14854,113204,0
14855,107269,0
14856,163719,0
14857,109789,0
14858,156230,0
14859,8215,0
14860,97856,0
14861,91428,0
14862,130252,0
14863,84455,0
14864,67392,0
14865,69132,1
14866,36929,1
14867,138640,0
14868,107917,0
14869,78614,0
14870,139206,0
14871,131189,0
14872,110896,0
14873,34670,0
14874,85113,0
14875,105119,0
14876,113454,1
14877,4429,0
14878,139878,0
14879,8714,0
14880,125166,0
14881,119105,0
14882,48618,0
14883,70450,0
14884,39288,0
14885,137899,0
14886,101981,0
14887,116830,1
14888,36808,0
14889,159860,0
14890,151307,0
14891,95857,0
14892,139151,1
14893,31056,0
14894,39120,0
14895,29981,0
14896,157633,0
14897,115059,0
14898,137298,0
14899,95551,0
14900,127942,0
14901,113142,0
14902,129742,0
14903,122962,0
14904,23574,0
14905,150712,0
14906,19881,0
14907,104190,0
14908,44301,0
14909,91894,0
14910,136179,0
14911,112048,0
14912,18143,0
14913,124070,1
14914,33651,0
14915,128197,1
14916,133486,1
14917,145985,0
14918,61840,0
14919,145614,0
14920,161129,0
14921,42777,0
14922,24015,0
14923,104131,0
14924,135990,0
14925,135310,0
14926,100895,0
14927,32291,0
14928,156424,1
14929,91848,0
14930,109001,0
14931,39277,0
14932,29054,0
14933,100096,0
14934,152095,0
14935,78333,0
14936,28514,0
14937,5844,0
14938,157999,0
14939,25766,0
14940,53264,0
14941,68489,0
14942,37416,0
14943,745,0
14944,101738,1
14945,57312,0
14946,132664,0
14947,133375,0
14948,51693,0
14949,33626,0
14950,17785,0
14951,22551,0
14952,71674,0
14953,34905,0
14954,144635,0
14955,126954,0
14956,22601,0
14957,110126,0
14958,51188,0
14959,31140,0
14960,160568,0
14961,61170,0
14962,10536,0
14963,12096,1
14964,164231,1
14965,38238,0
14966,127952,0
14967,34113,0
14968,45282,0
14969,38264,1
14970,153336,0
14971,12242,0
14972,139219,0
14973,109143,0
14974,90364,1
14975,98872,0
14976,150996,0
14977,42362,0
14978,85946,0
14979,33932,0
14980,99272,0
14981,119062,0
14982,50028,0
14983,127239,0
14984,157668,0
14985,8173,0
14986,58021,0
14987,87727,0
14988,94504,0
14989,103198,0
14990,53746,0
14991,26080,0
14992,41663,0
14993,160496,0
14994,61504,1
14995,18432,0
14996,120715,1
14997,36041,0
14998,2034,1
14999,138429,0
15000,118063,0
15001,10916,0
15002,134037,0
15003,89263,0
15004,144039,0
15005,160578,1
15006,151015,0
15007,151572,0
15008,26780,0
15009,87106,0
15010,48477,0
15011,77614,0
15012,128860,0
15013,61998,0
15014,39781,0
15015,66029,0
15016,61524,0
15017,158328,0
15018,63060,0
15019,121319,0
15020,133063,0
15021,158900,0
15022,153211,0
15023,131591,0
15024,56999,0
15025,7371,0
15026,36736,0
15027,63179,0
15028,143554,0
15029,115689,0
15030,42983,0
15031,12955,0
15032,45996,1
15033,35490,0
15034,144463,0
15035,128257,1
15036,136911,1
15037,75916,0
15038,144257,0
15039,142192,1
15040,40570,1
15041,96494,0
15042,71138,0
15043,91938,0
15044,78442,0
15045,52629,0
15046,109610,0
15047,66052,0
15048,57593,0
15049,109006,0
15050,54606,1
15051,51628,0
15052,141694,0
15053,48154,0
15054,152891,0
15055,32319,0
15056,5580,1
15057,130100,0
15058,89392,0
15059,100068,0
15060,69727,1
15061,38132,0
15062,73944,0
15063,104479,0
15064,98180,1
15065,64503,1
15066,26815,0
15067,15219,0
15068,16034,0
15069,56482,0
15070,8070,0
15071,151147,0
15072,98935,1
15073,31439,0
15074,75965,0
15075,140384,0
15076,153321,0
15077,99009,0
15078,105834,0
15079,122498,0
15080,82833,0
15081,122641,0
15082,156666,0
15083,5424,0
15084,53847,0
15085,113247,1
15086,248,0
15087,7689,0
15088,51743,0
15089,113270,0
15090,150088,0
15091,84726,1
15092,107525,0
15093,83793,1
15094,147373,0
15095,48619,0
15096,97503,0
15097,148960,0
15098,133204,1
15099,149812,0
15100,145536,0
15101,147781,0
15102,128531,0
15103,82049,1
15104,5067,0
15105,105341,0
15106,153385,1
15107,107344,1
15108,114049,0
15109,53951,0
15110,37966,0
15111,143521,0
15112,149285,0
15113,155678,0
15114,13182,0
15115,148249,0
15116,85128,0
15117,95544,0
15118,97798,1
15119,149403,0
15120,22561,0
15121,87368,0
15122,153683,0
15123,62101,0
15124,158582,0
15125,117369,0
15126,117835,0
15127,145225,1
15128,9084,1
15129,97450,0
15130,18628,1
15131,48634,1
15132,107448,0
15133,40152,0
15134,56801,0
15135,20,0
15136,83215,0
15137,70274,0
15138,385,0
15139,129111,0
15140,29587,0
15141,90282,1
15142,43292,0
15143,158383,0
15144,17538,0
15145,96154,0
15146,87312,0
15147,65618,0
15148,141297,0
15149,129079,0
15150,111685,0
15151,48003,0
15152,16504,0
15153,162283,0
15154,93096,0
15155,17126,0
15156,18354,0
15157,49286,0
15158,847,1
15159,90388,1
15160,100961,1
15161,63634,0
15162,100206,0
15163,161713,0
15164,154114,0
15165,118920,1
15166,14235,0
15167,139393,0
15168,123420,0
15169,41927,1
15170,96434,0
15171,149751,1
15172,146830,0
15173,17946,0
15174,66117,1
15175,42895,0
15176,158852,1
15177,126104,0
15178,85323,0
15179,150686,0
15180,90065,0
15181,20922,0
15182,3274,0
15183,77147,1
15184,65945,0
15185,107334,1
15186,85306,0
15187,73044,0
15188,48042,0
15189,32255,0
15190,97714,0
15191,80482,0
15192,84714,1
15193,32205,0
15194,80156,0
15195,103502,0
15196,71828,0
15197,84449,1
15198,36305,0
15199,88009,1
15200,2392,0
15201,15652,0
15202,100159,0
15203,163740,0
15204,18330,0
15205,68502,0
15206,38165,0
15207,23849,0
15208,7885,0
15209,31088,0
15210,38286,0
15211,97235,0
15212,60076,0
15213,81630,0
15214,95122,0
15215,20769,0
15216,160631,1
15217,36876,1
15218,2408,1
15219,75315,0
15220,119621,0
15221,64857,1
15222,1577,0
15223,36384,0
15224,128976,0
15225,88933,0
15226,21647,0
15227,71025,0
15228,120622,0
15229,104329,0
15230,143977,0
15231,151644,0
15232,136842,0
15233,42974,0
15234,123427,0
15235,58420,0
15236,41082,0
15237,4330,0
15238,103203,1
15239,111226,0
15240,103942,0
15241,100572,1
15242,83576,0
15243,26737,0
15244,45956,0
15245,148464,0
15246,11476,0
15247,90674,0
15248,121194,0
15249,132550,0
15250,163541,0
15251,59474,0
15252,48429,1
15253,151756,0
15254,5450,0
15255,151427,0
15256,23863,1
15257,82878,0
15258,104059,0
15259,47314,0
15260,100049,0
15261,2074,0
15262,75752,0
15263,104857,0
15264,42119,0
15265,109437,0
15266,18453,0
15267,76785,0
15268,71095,0
15269,160266,1
15270,142062,0
15271,111201,0
15272,29202,0
15273,5087,0
15274,59076,0
15275,99851,0
15276,25945,0
15277,31574,0
15278,68629,0
15279,96289,0
15280,118196,1
15281,158287,0
15282,18245,0
15283,76640,0
15284,3775,0
15285,26812,0
15286,38245,1
15287,29677,0
15288,46661,0
15289,149702,0
15290,94635,0
15291,148327,0
15292,85959,0
15293,116493,0
15294,139930,0
15295,83702,0
15296,7716,0
15297,64479,1
15298,160759,0
15299,72150,0
15300,1940,0
15301,124182,0
15302,1711,0
15303,3821,0
15304,57895,0
15305,66694,0
15306,76750,0
15307,97193,0
15308,65058,0
15309,99427,0
15310,18568,0
15311,29660,0
15312,131968,0
15313,111712,0
15314,71334,0
15315,131151,0
15316,150111,0
15317,69645,0
15318,164526,0
15319,30522,0
15320,113875,1
15321,134159,0
15322,137443,0
15323,98020,0
15324,7683,0
15325,41832,0
15326,84610,0
15327,46466,0
15328,121307,0
15329,113535,1
15330,115567,0
15331,3384,1
15332,37369,0
15333,109991,0
15334,100399,0
15335,92073,0
15336,157135,0
15337,25181,1
15338,127614,0
15339,134350,0
15340,92123,0
15341,155639,0
15342,2690,0
15343,121782,0
15344,79446,0
15345,164172,0
15346,46366,0
15347,10432,0
15348,26250,0
15349,148799,0
15350,15842,0
15351,17514,0
15352,87753,0
15353,30559,0
15354,48765,0
15355,104894,0
15356,9093,0
15357,16106,0
15358,70489,0
15359,101716,0
15360,57320,0
15361,154640,0
15362,76875,0
15363,98601,0
15364,97442,0
15365,58760,0
15366,4224,0
15367,99931,0
15368,104140,1
15369,46374,0
15370,135656,0
15371,71346,1
15372,63490,1
15373,19810,0
15374,152753,0
15375,67488,0
15376,121999,0
15377,163622,0
15378,134627,0
15379,116598,1
15380,38707,1
15381,157311,0
15382,38600,0
15383,101747,0
15384,23564,1
15385,19318,0
15386,32932,0
15387,128446,0
15388,7967,0
15389,121692,0
15390,68192,0
15391,31002,0
15392,160613,1
15393,103182,1
15394,38127,0
15395,118624,0
15396,163258,0
15397,113729,0
15398,161964,0
15399,119211,0
15400,129592,0
15401,47565,0
15402,72470,0
15403,156175,0
15404,38261,0
15405,958,0
15406,134469,0
15407,153006,0
15408,125808,0
15409,67252,0
15410,31409,1
15411,124690,0
15412,163398,0
15413,45006,1
15414,103075,0
15415,124583,0
15416,10062,0
15417,103889,0
15418,127205,1
15419,32323,0
15420,46120,0
15421,131963,0
15422,70725,1
15423,10242,0
15424,41538,0
15425,127217,0
15426,145826,0
15427,28211,0
15428,40967,0
15429,131730,0
15430,155141,1
15431,13632,0
15432,121030,0
15433,63053,0
15434,164830,0
15435,23169,1
15436,40717,0
15437,5619,0
15438,77993,0
15439,102745,0
15440,109627,1
15441,132706,0
15442,125884,1
15443,92405,0
15444,60465,0
15445,111290,0
15446,79694,0
15447,73056,0
15448,111603,0
15449,101659,0
15450,33169,0
15451,164072,0
15452,15664,0
15453,149693,0
15454,35706,0
15455,26720,0
15456,122294,0
15457,109159,1
15458,86334,0
15459,125111,0
15460,136532,0
15461,95445,0
15462,13183,0
15463,50019,0
15464,61093,0
15465,130668,0
15466,142622,0
15467,130834,0
15468,53810,0
15469,72139,0
15470,42847,0
15471,110412,0
15472,84656,1
15473,134523,0
15474,56649,0
15475,85106,0
15476,139815,0
15477,115387,0
15478,62731,0
15479,110612,0
15480,97221,0
15481,89805,0
15482,74030,0
15483,25369,0
15484,29995,0
15485,52545,0
15486,107691,1
15487,119338,0
15488,1215,1
15489,157418,0
15490,67184,0
15491,147134,0
15492,142928,0
15493,138693,0
15494,161464,0
15495,70642,0
15496,22898,0
15497,111132,0
15498,70587,0
15499,3449,0
15500,63786,0
15501,47764,0
15502,118382,0
15503,44131,1
15504,46172,1
15505,95747,0
15506,91988,0
15507,21463,0
15508,45419,1
15509,116373,0
15510,15757,0
15511,162319,0
15512,8273,1
15513,41646,1
15514,49244,1
15515,31313,0
15516,148911,1
15517,90550,0
15518,26701,0
15519,89016,0
15520,21209,0
15521,6503,0
15522,23548,0
15523,81766,0
15524,86165,1
15525,112738,0
15526,135128,1
15527,80924,0
15528,83396,1
15529,91971,0
15530,103000,1
15531,59961,0
15532,143360,0
15533,2805,0
15534,125228,0
15535,87398,1
15536,98446,0
15537,39624,0
15538,60206,0
15539,98704,0
15540,141765,0
15541,150760,0
15542,92209,0
15543,83376,0
15544,5646,0
15545,38415,0
15546,105573,0
15547,52919,0
15548,94940,0
15549,125998,0
15550,54042,1
15551,55567,0
15552,90200,0
15553,145907,1
15554,48749,0
15555,101095,0
15556,89259,0
15557,114297,0
15558,21325,0
15559,76717,0
15560,140071,1
15561,161056,0
15562,2589,0
15563,144718,0
15564,124500,1
15565,27311,0
15566,105706,0
15567,93079,0
15568,23126,0
15569,117906,0
15570,18144,0
15571,47430,0
15572,82897,0
15573,136465,0
15574,9741,0
15575,6960,0
15576,140367,0
15577,31519,0
15578,101772,0
15579,57598,1
15580,71348,0
15581,74845,0
15582,88088,0
15583,70346,0
15584,31599,0
15585,44052,0
15586,104267,0
15587,98425,0
15588,99013,0
15589,138037,1
15590,122197,0
15591,33006,0
15592,43135,1
15593,156842,0
15594,124961,0
15595,108696,0
15596,22370,0
15597,99468,1
15598,29953,0
15599,60271,0
15600,95264,0
15601,119154,0
15602,156484,0
15603,116290,1
15604,29157,1
15605,94760,0
15606,61468,0
15607,71525,0
15608,72048,0
15609,100735,0
15610,55713,0
15611,112129,0
15612,116454,0
15613,84316,0
15614,31057,0
15615,43879,0
15616,103370,0
15617,35279,0
15618,9681,1
15619,32958,0
15620,97064,0
15621,152113,0
15622,9364,0
15623,118082,0
15624,76187,0
15625,112021,0
15626,60714,0
15627,151919,0
15628,122211,1
15629,39772,1
15630,3666,1
15631,103924,0
15632,17246,0
15633,138735,0
15634,110363,0
15635,33543,0
15636,102652,0
15637,15885,0
15638,125185,0
15639,143919,1
15640,78049,0
15641,155809,1
15642,20279,0
15643,20342,1
15644,149468,0
15645,57918,0
15646,71396,0
15647,66648,0
15648,35616,0
15649,120190,0
15650,10817,0
15651,155185,0
15652,26408,0
15653,57831,0
15654,1176,0
15655,69136,0
15656,144243,0
15657,80609,0
15658,88689,0
15659,121190,1
15660,79539,1
15661,53665,0
15662,16272,1
15663,44020,0
15664,162404,0
15665,123451,0
15666,56489,0
15667,149850,0
15668,107650,1
15669,89055,1
15670,19023,0
15671,5730,0
15672,100583,1
15673,11777,0
15674,23400,0
15675,146321,0
15676,75396,0
15677,139253,1
15678,101520,0
15679,23415,0
15680,73773,1
15681,11959,0
15682,53359,0
15683,28015,0
15684,19721,1
15685,117044,0
15686,128086,0
15687,105793,1
15688,156406,0
15689,114195,0
15690,7518,0
15691,61275,0
15692,34502,0
15693,148932,0
15694,89724,0
15695,110192,0
15696,22429,0
15697,139853,0
15698,48670,0
15699,19478,0
15700,574,0
15701,139066,0
15702,3364,0
15703,7274,0
15704,150571,0
15705,153080,0
15706,43259,0
15707,38276,0
15708,46812,0
15709,111902,0
15710,147050,0
15711,63247,0
15712,95162,0
15713,105124,0
15714,148159,0
15715,122296,0
15716,99015,0
15717,147054,0
15718,969,0
15719,43307,0
15720,56035,0
15721,97745,0
15722,30060,0
15723,49337,0
15724,139666,0
15725,109417,0
15726,133554,0
15727,84692,0
15728,30865,0
15729,33583,0
15730,155799,1
15731,89040,0
15732,48231,0
15733,139846,0
15734,67743,0
15735,52944,0
15736,99859,1
15737,97247,0
15738,47296,0
15739,16099,0
15740,139125,1
15741,118549,0
15742,78520,0
15743,146825,0
15744,35456,0
15745,35905,1
15746,78451,0
15747,73414,0
15748,89783,0
15749,39731,0
15750,16112,0
15751,48404,0
15752,64538,0
15753,134073,0
15754,27474,0
15755,119561,1
15756,50244,0
15757,10472,0
15758,120433,0
15759,93210,0
15760,84480,0
15761,154209,1
15762,25138,1
15763,140740,0
15764,28539,0
15765,47194,0
15766,54420,1
15767,69735,1
15768,28919,0
15769,73296,0
15770,81195,0
15771,107952,0
15772,23929,0
15773,44230,0
15774,32844,0
15775,77682,0
15776,137683,0
15777,59928,1
15778,88255,1
15779,53592,0
15780,1024,0
15781,117941,0
15782,119355,0
15783,67100,0
15784,804,0
15785,141376,0
15786,164556,0
15787,17286,0
15788,32400,0
15789,119255,0
15790,46099,1
15791,137714,0
15792,5517,0
15793,114277,0
15794,41833,0
15795,159825,0
15796,155444,0
15797,132057,1
15798,112073,0
15799,97187,0
15800,37023,1
15801,75759,0
15802,30848,0
15803,71578,0
15804,19742,0
15805,77038,0
15806,8924,0
15807,164123,0
15808,18984,1
15809,105705,0
15810,89517,0
15811,140621,0
15812,153532,1
15813,51988,0
15814,54721,0
15815,49694,0
15816,80230,0
15817,107765,1
15818,111495,0
15819,163599,0
15820,54543,0
15821,79580,1
15822,37912,0
15823,126011,0
15824,77079,0
15825,149466,0
15826,8257,0
15827,78163,0
15828,129182,0
15829,137674,0
15830,49412,0
15831,2995,0
15832,8467,1
15833,56686,0
15834,13965,1
15835,86319,0
15836,74303,0
15837,61246,0
15838,58476,0
15839,37404,1
15840,147970,0
15841,114183,0
15842,44297,0
15843,160844,0
15844,74170,0
15845,26360,1
15846,130793,1
15847,29756,0
15848,76710,0
15849,134311,0
15850,44207,0
15851,136940,0
15852,121717,0
15853,120335,0
15854,95871,1
15855,68340,1
15856,111544,0
15857,70693,0
15858,42510,0
15859,39112,0
15860,30486,0
15861,66239,0
15862,51712,0
15863,161370,0
15864,55848,0
15865,17423,1
15866,107508,1
15867,145995,0
15868,45432,0
15869,125749,1
15870,157,0
15871,83234,0
15872,155294,0
15873,49826,0
15874,138430,0
15875,111890,0
15876,137650,0
15877,67653,0
15878,58414,1
15879,133922,0
15880,86160,0
15881,17784,0
15882,126638,0
15883,133455,0
15884,151647,0
15885,13797,0
15886,74810,0
15887,158268,0
15888,93253,0
15889,439,0
15890,72968,0
15891,91614,0
15892,90077,0
15893,95842,0
15894,2464,0
15895,56536,1
15896,120563,1
15897,136748,0
15898,153963,0
15899,65905,0
15900,21696,0
15901,5662,1
15902,116711,0
15903,8096,0
15904,36366,0
15905,28499,0
15906,101114,0
15907,58292,0
15908,57294,0
15909,135563,0
15910,82427,0
15911,16262,1
15912,97559,0
15913,10705,0
15914,142681,0
15915,119993,0
15916,106524,0
15917,30653,1
15918,21624,0
15919,82709,0
15920,60725,1
15921,77309,0
15922,140554,0
15923,160453,0
15924,95208,0
15925,156767,0
15926,144518,0
15927,12321,1
15928,33576,0
15929,19686,0
15930,18618,0
15931,66038,0
15932,155633,0
15933,123900,0
15934,104702,0
15935,52634,0
15936,37937,0
15937,122168,0
15938,17394,0
15939,26808,0
15940,154405,0
15941,54190,0
15942,119431,1
15943,120442,0
15944,160910,0
15945,109465,0
15946,68450,0
15947,46055,0
15948,131270,1
15949,24532,0
15950,95232,1
15951,112851,0
15952,78132,0
15953,91549,0
15954,151379,1
15955,47860,0
15956,78423,0
15957,16907,1
15958,59965,1
15959,161908,0
15960,112452,0
15961,108335,0
15962,128867,0
15963,65103,0
15964,160967,0
15965,129610,0
15966,50811,0
15967,126584,0
15968,8862,0
15969,43709,0
15970,63641,0
15971,111045,0
15972,15164,0
15973,27653,0
15974,118251,0
15975,55373,0
15976,22391,0
15977,144115,0
15978,28023,0
15979,46449,0
15980,145480,0
15981,84981,0
15982,102578,0
15983,31849,0
15984,52098,0
15985,33018,1
15986,63948,0
15987,84262,0
15988,8715,1
15989,157327,0
15990,74255,0
15991,14409,0
15992,156635,0
15993,122114,0
15994,118916,0
15995,88081,1
15996,48071,1
15997,21794,0
15998,97122,1
15999,4662,0
16000,32145,0
16001,11890,1
16002,19616,0
16003,80784,0
16004,50993,0
16005,90887,0
16006,71727,0
16007,129754,0
16008,159188,0
16009,142886,0
16010,28359,0
16011,108060,0
16012,858,0
16013,110812,0
16014,33106,0
16015,79602,0
16016,121465,0
16017,115290,0
16018,115504,0
16019,104706,0
16020,18456,1
16021,106578,0
16022,125576,0
16023,102790,1
16024,67772,0
16025,122072,1
16026,95614,0
16027,153307,1
16028,26437,1
16029,52437,1
16030,128234,0
16031,163588,0
16032,161260,0
16033,70513,0
16034,100066,0
16035,22650,0
16036,65385,0
16037,80594,0
16038,129751,1
16039,13825,0
16040,115275,0
16041,77928,0
16042,48362,0
16043,76817,1
16044,116416,0
16045,16256,0
16046,63723,0
16047,19353,0
16048,117460,0
16049,17733,0
16050,106773,0
16051,46499,0
16052,22209,0
16053,9337,0
16054,12547,1
16055,114984,0
16056,170,0
16057,150713,0
16058,46020,0
16059,105020,0
16060,120011,1
16061,22674,0
16062,114950,0
16063,727,1
16064,69311,0
16065,103869,1
16066,100567,1
16067,110076,0
16068,137397,0
16069,116259,0
16070,8700,0
16071,126225,0
16072,148787,0
16073,146849,0
16074,49635,0
16075,57029,1
16076,44176,0
16077,50132,0
16078,100167,0
16079,92828,0
16080,137900,0
16081,72252,0
16082,16827,0
16083,84701,0
16084,141706,1
16085,79487,1
16086,28802,1
16087,69232,1
16088,96295,0
16089,141246,1
16090,151407,0
16091,97219,0
16092,128497,0
16093,109767,1
16094,97137,0
16095,13474,0
16096,86378,0
16097,95107,0
16098,22160,0
16099,143732,1
16100,34663,0
16101,142760,0
16102,75666,0
16103,133365,0
16104,3239,0
16105,39923,1
16106,19459,1
16107,91486,0
16108,75478,0
16109,164795,0
16110,5937,0
16111,90483,1
16112,47822,0
16113,99520,0
16114,127265,1
16115,103241,0
16116,21711,0
16117,31882,0
16118,156136,0
16119,49407,0
16120,105434,0
16121,113404,0
16122,88895,0
16123,63419,1
16124,41384,0
16125,62247,0
16126,54872,0
16127,150967,0
16128,56165,0
16129,71053,0
16130,121801,0
16131,128929,0
16132,94838,0
16133,140970,0
16134,109445,0
16135,143121,0
16136,104373,0
16137,142214,0
16138,106584,0
16139,104685,0
16140,82672,0
16141,113171,0
16142,73964,0
16143,36712,0
16144,78982,0
16145,45015,0
16146,10931,0
16147,22918,0
16148,16717,0
16149,124474,0
16150,163078,1
16151,100009,1
16152,7066,0
16153,160829,0
16154,105070,1
16155,106164,0
16156,69021,0
16157,82046,0
16158,52876,0
16159,115034,0
16160,136495,0
16161,53396,1
16162,120137,0
16163,13059,1
16164,157943,0
16165,120354,0
16166,75851,0
16167,81367,1
16168,35162,0
16169,62279,0
16170,110748,0
16171,82741,1
16172,140851,0
16173,162303,1
16174,91054,1
16175,104368,1
16176,114207,0
16177,154052,0
16178,34387,0
16179,56905,0
16180,85124,0
16181,20968,0
16182,27027,0
16183,36755,0
16184,68245,0
16185,81831,1
16186,35980,0
16187,44040,1
16188,27665,0
16189,150835,0
16190,6534,0
16191,21136,0
16192,122403,0
16193,91756,0
16194,62869,0
16195,99442,0
16196,119623,0
16197,119534,0
16198,41099,0
16199,57555,0
16200,96127,0
16201,69904,0
16202,154979,1
16203,71389,0
16204,4647,0
16205,85411,0
16206,141120,0
16207,45896,1
16208,77206,0
16209,85344,0
16210,55822,0
16211,129823,0
16212,69116,0
16213,52946,0
16214,116202,0
16215,22316,0
16216,143060,0
16217,74100,0
16218,121631,0
16219,82159,0
16220,44698,0
16221,9344,0
16222,125041,1
16223,64332,0
16224,71750,0
16225,158642,1
16226,61089,1
16227,146785,0
16228,107534,0
16229,34630,0
16230,133979,0
16231,135530,0
16232,40687,0
16233,66127,0
16234,76837,0
16235,33198,1
16236,145683,0
16237,29455,1
16238,13314,0
16239,51430,0
16240,21507,0
16241,107915,0
16242,108182,0
16243,157101,1
16244,20216,0
16245,59633,0
16246,46997,1
16247,129518,0
16248,18056,1
16249,3839,0
16250,126711,0
16251,44683,0
16252,98003,0
16253,127297,0
16254,114730,0
16255,158826,0
16256,11739,0
16257,80466,0
16258,87642,0
16259,29841,0
16260,66167,0
16261,90153,0
16262,93003,0
16263,122338,0
16264,78011,0
16265,138328,0
16266,31459,1
16267,147064,0
16268,26515,0
16269,153072,0
16270,68059,0
16271,36839,0
16272,155652,1
16273,17838,0
16274,18307,0
16275,98527,0
16276,113655,0
16277,65084,0
16278,41835,0
16279,15067,0
16280,125406,0
16281,93423,1
16282,3641,1
16283,47029,0
16284,138835,0
16285,116868,0
16286,127586,0
16287,89002,0
16288,132662,0
16289,930,0
16290,14051,0
16291,84042,1
16292,121102,1
16293,51619,1
16294,159353,0
16295,126578,1
16296,144298,0
16297,113409,0
16298,37578,0
16299,56906,0
16300,108304,0
16301,122793,0
16302,157565,0
16303,86453,0
16304,56651,1
16305,157842,0
16306,10426,1
16307,97239,0
16308,66196,0
16309,7327,0
16310,118049,0
16311,94565,0
16312,38719,0
16313,76234,0
16314,44220,0
16315,37284,1
16316,147952,0
16317,127146,0
16318,103808,0
16319,41161,0
16320,5236,0
16321,27615,0
16322,76222,0
16323,84032,0
16324,72141,1
16325,28860,0
16326,24307,0
16327,73442,0
16328,81624,0
16329,33060,0
16330,73939,0
16331,95807,0
16332,162129,0
16333,96641,0
16334,43086,0
16335,29561,0
16336,25525,0
16337,56173,0
16338,25312,0
16339,49539,0
16340,59362,0
16341,12474,0
16342,152775,0
16343,33633,0
16344,26540,0
16345,39966,0
16346,13054,0
16347,29392,0
16348,131229,0
16349,101231,0
16350,164447,0
16351,118621,0
16352,70319,0
16353,607,0
16354,111308,1
16355,84095,1
16356,92368,0
16357,60642,1
16358,42538,0
16359,115576,1
16360,146705,0
16361,93805,0
16362,108505,0
16363,154725,0
16364,8789,0
16365,9437,0
16366,83828,0
16367,146685,1
16368,127807,1
16369,124209,0
16370,141389,1
16371,101038,0
16372,157194,0
16373,26599,0
16374,112950,0
16375,16145,0
16376,114913,0
16377,4593,0
16378,143320,1
16379,101298,1
16380,50917,0
16381,34174,0
16382,32536,0
16383,77059,0
16384,143181,0
16385,78582,0
16386,143312,0
16387,102115,0
16388,33501,1
16389,16832,0
16390,120587,0
16391,148531,0
16392,157054,0
16393,137781,0
16394,64247,0
16395,70573,0
16396,83568,0
16397,147738,0
16398,46228,0
16399,66701,0
16400,56627,0
16401,145447,0
16402,20302,0
16403,89723,0
16404,66046,0
16405,106447,0
16406,105579,0
16407,75002,0
16408,12367,0
16409,144908,0
16410,64307,0
16411,94736,0
16412,98757,0
16413,141548,0
16414,113762,0
16415,101721,0
16416,69620,1
16417,148734,0
16418,69829,0
16419,55048,0
16420,47785,1
16421,145507,0
16422,7356,0
16423,12719,0
16424,51839,0
16425,156329,0
16426,52328,0
16427,162605,0
16428,150076,1
16429,18908,0
16430,10651,0
16431,138422,0
16432,80383,0
16433,55754,0
16434,153602,0
16435,10538,0
16436,101868,0
16437,12935,0
16438,136850,0
16439,26762,0
16440,17236,0
16441,152255,0
16442,125389,0
16443,45954,0
16444,144354,0
16445,103585,0
16446,57826,1
16447,132043,0
16448,134443,0
16449,164190,0
16450,128122,0
16451,128750,0
16452,102205,0
16453,13636,0
16454,90238,0
16455,71901,1
16456,109191,0
16457,152304,0
16458,130672,1
16459,99513,1
16460,126189,0
16461,4711,0
16462,5632,0
16463,86959,0
16464,60340,0
16465,111838,0
16466,104602,1
16467,63947,0
16468,20715,0
16469,101650,0
16470,76708,0
16471,153793,1
16472,65303,0
16473,66894,0
16474,106225,1
16475,23115,1
16476,139013,1
16477,153729,0
16478,115206,0
16479,30782,0
16480,42830,0
16481,91285,0
16482,136775,0
16483,117371,0
16484,86622,0
16485,19377,0
16486,117988,0
16487,122708,1
16488,40183,0
16489,90891,0
16490,97318,1
16491,45053,0
16492,62589,0
16493,134967,0
16494,150063,0
16495,133423,0
16496,95249,0
16497,100422,0
16498,123107,0
16499,24124,0
16500,102427,1
16501,143161,0
16502,5155,0
16503,144922,0
16504,85560,0
16505,91087,0
16506,118362,0
16507,98210,1
16508,64520,0
16509,147829,0
16510,99251,0
16511,113073,1
16512,78476,0
16513,71924,0
16514,116942,0
16515,143262,0
16516,154516,0
16517,144618,0
16518,69420,0
16519,126681,0
16520,112165,1
16521,80247,0
16522,106840,0
16523,37609,0
16524,6297,1
16525,96547,1
16526,53604,0
16527,151675,0
16528,17759,0
16529,108881,0
16530,29118,0
16531,71119,0
16532,142980,0
16533,149667,0
16534,20407,0
16535,59150,0
16536,127303,0
16537,94049,1
16538,67852,0
16539,29338,0
16540,30490,0
16541,156692,0
16542,31699,0
16543,151127,0
16544,127195,0
16545,111041,0
16546,139119,1
16547,49011,0
16548,131303,0
16549,131831,0
16550,134537,0
16551,69641,0
16552,98133,0
16553,58062,0
16554,161825,0
16555,145745,0
16556,163323,0
16557,87575,0
16558,133820,0
16559,26748,1
16560,157862,0
16561,122559,0
16562,148820,1
16563,110888,0
16564,74218,1
16565,24859,0
16566,65872,0
16567,111586,0
16568,81991,0
16569,95242,0
16570,144888,0
16571,35270,0
16572,100265,0
16573,216,0
16574,87542,0
16575,40991,0
16576,44361,0
16577,61253,1
16578,110828,0
16579,162518,0
16580,71812,0
16581,126580,0
16582,29493,0
16583,28136,0
16584,6757,0
16585,26639,1
16586,26647,0
16587,69659,0
16588,65741,0
16589,97688,1
16590,28769,0
16591,104850,0
16592,140675,0
16593,89148,0
16594,60034,1
16595,5105,0
16596,74291,0
16597,87898,0
16598,111717,0
16599,7807,0
16600,121472,0
16601,30761,1
16602,147716,0
16603,5224,0
16604,127079,0
16605,3137,0
16606,69451,0
16607,34605,1
16608,78916,0
16609,41929,0
16610,100488,0
16611,149321,0
16612,92244,1
16613,31529,0
16614,126381,0
16615,10849,1
16616,51096,0
16617,126129,0
16618,63941,1
16619,36016,0
16620,120755,0
16621,87734,0
16622,139302,1
16623,120459,0
16624,159518,0
16625,142960,0
16626,22388,0
16627,5873,0
16628,159920,0
16629,15215,0
16630,56433,0
16631,85050,0
16632,140028,0
16633,154606,1
16634,96011,0
16635,67009,0
16636,144349,0
16637,7191,0
16638,86944,0
16639,142194,0
16640,86981,0
16641,136978,0
16642,114564,0
16643,13655,0
16644,5431,1
16645,70321,1
16646,114245,1
16647,61589,0
16648,149011,1
16649,105636,0
16650,129211,0
16651,64650,0
16652,157510,0
16653,53837,0
16654,40356,1
16655,108947,0
16656,153810,0
16657,2508,1
16658,91811,0
16659,51524,0
16660,50883,1
16661,72728,0
16662,12496,0
16663,164442,0
16664,49654,0
16665,36326,1
16666,72978,0
16667,614,1
16668,153765,0
16669,136858,1
16670,146222,0
16671,161256,0
16672,74894,0
16673,117743,1
16674,140169,0
16675,4419,0
16676,14041,0
16677,142955,0
16678,160082,0
16679,19999,0
16680,80082,0
16681,4126,1
16682,56951,0
16683,95664,0
16684,42596,0
16685,25539,0
16686,68313,0
16687,70561,0
16688,143330,0
16689,32687,0
16690,20920,0
16691,108430,0
16692,113577,0
16693,29787,0
16694,19672,0
16695,125647,0
16696,76561,0
16697,44430,0
16698,17448,0
16699,106592,0
16700,20801,0
16701,14011,0
16702,141681,0
16703,56438,0
16704,43372,0
16705,70832,0
16706,98422,0
16707,50369,1
16708,113939,0
16709,58593,0
16710,106819,0
16711,83860,0
16712,81666,1
16713,103944,1
16714,102073,1
16715,21048,0
16716,27400,1
16717,99795,0
16718,130362,0
16719,119187,0
16720,88626,0
16721,151057,0
16722,112576,0
16723,133060,0
16724,152045,0
16725,130719,0
16726,56912,0
16727,20296,0
16728,133580,0
16729,81704,0
16730,106342,0
16731,7576,0
16732,41843,0
16733,32831,0
16734,29975,1
16735,135465,0
16736,129573,1
16737,18645,1
16738,21243,1
16739,64526,0
16740,78731,0
16741,129247,0
16742,35415,0
16743,113893,1
16744,157887,0
16745,30531,0
16746,138400,0
16747,153074,1
16748,4305,0
16749,158069,0
16750,109919,0
16751,75513,0
16752,111137,0
16753,108005,0
16754,106323,0
16755,91657,0
16756,70330,0
16757,70915,0
16758,4819,0
16759,21177,0
16760,149135,0
16761,54279,0
16762,22655,0
16763,161901,0
16764,160077,0
16765,150300,1
16766,132485,0
16767,59281,0
16768,155054,0
16769,97210,0
16770,43132,0
16771,125767,1
16772,101798,0
16773,27015,0
16774,79844,0
16775,70744,0
16776,154349,0
16777,32368,1
16778,46173,0
16779,154853,0
16780,121158,0
16781,44276,0
16782,44615,0
16783,60994,0
16784,164211,0
16785,144538,0
16786,50591,0
16787,160465,0
16788,58524,0
16789,144930,0
16790,134663,0
16791,101997,0
16792,123441,0
16793,94274,0
16794,139541,0
16795,143410,1
16796,126626,0
16797,82845,0
16798,12206,0
16799,11569,0
16800,18507,0
16801,107639,0
16802,68475,0
16803,17410,0
16804,44557,0
16805,4484,0
16806,93997,1
16807,77764,0
16808,106073,0
16809,159884,0
16810,76502,0
16811,37641,0
16812,33135,0
16813,11714,1
16814,22310,0
16815,45229,0
16816,14596,0
16817,139468,0
16818,93888,0
16819,22906,0
16820,61317,0
16821,123273,0
16822,29015,0
16823,57982,0
16824,93863,1
16825,46262,0
16826,37877,0
16827,54256,0
16828,3281,0
16829,139199,0
16830,41207,0
16831,103573,0
16832,135104,0
16833,10198,0
16834,110990,0
16835,6237,0
16836,67459,0
16837,101304,0
16838,117752,0
16839,108329,0
16840,118428,0
16841,57044,1
16842,5528,1
16843,74784,0
16844,69853,0
16845,33280,0
16846,114886,0
16847,23422,0
16848,162059,0
16849,22473,0
16850,105351,1
16851,158921,1
16852,156946,0
16853,135072,0
16854,110804,0
16855,141227,0
16856,41849,0
16857,24058,0
16858,158212,0
16859,55298,0
16860,147677,0
16861,114097,0
16862,121335,0
16863,15777,0
16864,96973,0
16865,101387,0
16866,90321,0
16867,81232,0
16868,69975,0
16869,81708,0
16870,48226,0
16871,5898,0
16872,132139,0
16873,136695,0
16874,2374,0
16875,126563,0
16876,59455,0
16877,19696,0
16878,67396,1
16879,14491,0
16880,48922,0
16881,125056,0
16882,128722,0
16883,123986,0
16884,20288,0
16885,114927,0
16886,9207,0
16887,109672,0
16888,63127,0
16889,60106,0
16890,2830,0
16891,129937,0
16892,138483,1
16893,46617,0
16894,156572,0
16895,97143,0
16896,22487,1
16897,77286,1
16898,126060,0
16899,122,0
16900,105191,1
16901,138473,0
16902,141947,1
16903,8691,0
16904,34514,1
16905,79682,0
16906,70540,0
16907,118978,0
16908,138363,0
16909,76334,0
16910,97871,0
16911,43173,0
16912,147558,0
16913,43221,0
16914,88991,0
16915,144843,0
16916,90811,0
16917,70913,0
16918,102942,0
16919,76426,1
16920,114091,1
16921,20468,0
16922,52439,0
16923,72684,0
16924,64358,0
16925,12678,0
16926,33982,1
16927,125360,0
16928,35136,0
16929,79992,0
16930,44922,1
16931,108015,0
16932,140903,1
16933,128394,0
16934,97256,0
16935,161648,0
16936,131915,0
16937,84736,0
16938,4054,0
16939,37406,0
16940,38268,0
16941,125161,1
16942,155285,0
16943,112379,0
16944,50617,0
16945,163422,0
16946,39025,0
16947,74643,0
16948,15009,0
16949,79663,1
16950,53776,0
16951,133765,0
16952,114699,0
16953,35061,1
16954,33047,0
16955,134638,0
16956,67364,1
16957,156413,1
16958,86620,0
16959,31495,0
16960,97840,0
16961,54650,0
16962,122640,0
16963,133973,0
16964,10162,0
16965,149211,0
16966,151938,0
16967,48795,0
16968,15668,1
16969,9428,0
16970,100037,1
16971,76954,0
16972,120630,0
16973,118833,0
16974,28030,0
16975,116424,0
16976,135949,0
16977,118339,0
16978,60164,0
16979,156087,0
16980,9453,0
16981,61805,0
16982,114532,0
16983,43831,0
16984,106712,0
16985,79565,1
16986,2049,0
16987,11049,0
16988,147168,0
16989,46318,0
16990,72063,1
16991,10962,0
16992,124936,0
16993,31756,1
16994,143437,0
16995,49291,0
16996,3611,1
16997,123757,0
16998,130090,1
16999,4061,0
17000,20293,0
17001,34037,0
17002,117227,0
17003,158063,0
17004,14426,0
17005,76366,0
17006,83921,0
17007,69185,0
17008,24442,0
17009,54435,0
17010,19385,0
17011,147219,1
17012,78293,0
17013,82558,0
17014,141462,0
17015,11459,0
17016,110430,0
17017,123505,0
17018,90152,0
17019,114714,0
17020,32097,0
17021,32707,0
17022,33471,0
17023,71149,0
17024,118285,0
17025,114246,1
17026,56475,1
17027,3167,0
17028,162964,0
17029,40953,0
17030,119395,0
17031,69836,0
17032,90735,0
17033,4283,0
17034,65206,0
17035,26916,0
17036,155504,0
17037,68494,0
17038,109098,0
17039,19336,0
17040,18962,0
17041,82397,0
17042,39763,0
17043,82876,0
17044,27261,0
17045,48316,0
17046,56532,0
17047,145332,0
17048,60238,1
17049,80223,0
17050,78968,0
17051,20508,0
17052,1244,0
17053,85277,0
17054,24720,0
17055,16273,0
17056,1410,0
17057,139674,0
17058,160232,1
17059,44057,0
17060,146269,0
17061,64168,0
17062,93623,0
17063,60277,0
17064,125366,1
17065,42449,0
17066,106670,0
17067,108355,0
17068,69974,0
17069,119360,1
17070,136385,1
17071,93977,0
17072,145661,0
17073,77071,0
17074,99925,0
17075,154550,0
17076,49104,0
17077,159030,0
17078,33378,0
17079,58234,1
17080,53052,0
17081,485,1
17082,150082,0
17083,124461,0
17084,30400,1
17085,141573,1
17086,131889,0
17087,41463,0
17088,152610,0
17089,53046,0
17090,145830,0
17091,157319,0
17092,115145,0
17093,141229,0
17094,60170,0
17095,56121,0
17096,39083,1
17097,122383,0
17098,111349,0
17099,153002,0
17100,15858,0
17101,133673,0
17102,116850,0
17103,18965,0
17104,12214,0
17105,82285,0
17106,30970,0
17107,23719,0
17108,112366,0
17109,138887,0
17110,140908,0
17111,19537,0
17112,30292,0
17113,131630,1
17114,112993,0
17115,25868,1
17116,136290,0
17117,13609,0
17118,32262,0
17119,149816,0
17120,59493,0
17121,109804,0
17122,53789,0
17123,144655,0
17124,142959,0
17125,126717,0
17126,116639,0
17127,52467,0
17128,3021,1
17129,134326,0
17130,8165,0
17131,5334,0
17132,136411,0
17133,92796,0
17134,40806,0
17135,156634,0
17136,70922,0
17137,91935,0
17138,33129,0
17139,20175,1
17140,20385,0
17141,91677,1
17142,91485,1
17143,8906,0
17144,143080,0
17145,133778,1
17146,96450,0
17147,153334,0
17148,77244,0
17149,135145,0
17150,149910,0
17151,158243,0
17152,75405,0
17153,137814,0
17154,109996,0
17155,143793,1
17156,146039,0
17157,78738,0
17158,26324,1
17159,151971,1
17160,156617,0
17161,53876,0
17162,17179,0
17163,156960,0
17164,2131,0
17165,27462,0
17166,49132,0
17167,141785,0
17168,110037,0
17169,132961,0
17170,100802,1
17171,13112,0
17172,128311,0
17173,128424,0
17174,84790,0
17175,159635,0
17176,111155,1
17177,60010,0
17178,16526,0
17179,113232,0
17180,80150,0
17181,58096,0
17182,81191,0
17183,36529,0
17184,120500,0
17185,721,1
17186,57829,0
17187,107317,0
17188,157209,0
17189,56074,0
17190,16894,0
17191,28177,0
17192,136453,0
17193,44017,0
17194,105781,0
17195,144526,1
17196,12654,0
17197,128201,0
17198,84407,0
17199,93467,0
17200,27120,1
17201,53007,0
17202,17450,0
17203,43346,0
17204,120983,0
17205,68176,0
17206,58575,1
17207,143264,0
17208,91674,0
17209,60433,0
17210,118041,0
17211,32010,1
17212,6766,0
17213,133694,0
17214,159766,1
17215,97306,0
17216,59396,0
17217,103639,0
17218,46254,0
17219,39778,0
17220,70200,0
17221,100710,0
17222,154763,0
17223,111443,0
17224,18970,0
17225,56663,0
17226,97991,0
17227,28701,0
17228,50835,0
17229,43228,0
17230,103046,0
17231,98870,0
17232,69265,0
17233,121809,0
17234,111422,0
17235,119110,0
17236,149235,0
17237,118955,0
17238,100008,0
17239,119144,0
17240,105471,0
17241,85905,0
17242,149817,0
17243,95243,0
17244,50580,0
17245,43484,0
17246,127761,0
17247,56453,0
17248,129546,0
17249,158227,0
17250,85767,0
17251,111440,0
17252,7147,0
17253,42261,0
17254,152188,0
17255,149864,0
17256,34069,0
17257,2749,1
17258,50649,0
17259,162424,0
17260,130533,0
17261,5481,0
17262,155795,0
17263,12585,0
17264,109615,0
17265,118442,0
17266,62376,0
17267,115890,0
17268,8878,0
17269,141933,0
17270,46456,0
17271,36246,0
17272,140301,0
17273,41501,0
17274,35036,0
17275,103575,1
17276,21368,0
17277,21328,0
17278,163877,0
17279,41771,0
17280,130821,0
17281,123106,0
17282,126881,0
17283,116533,0
17284,97705,0
17285,111359,1
17286,60785,0
17287,53999,0
17288,143864,0
17289,109307,0
17290,35302,0
17291,32965,0
17292,37009,0
17293,129696,0
17294,11682,0
17295,145812,0
17296,141169,1
17297,132785,0
17298,155343,0
17299,32846,0
17300,85377,0
17301,146632,0
17302,1559,0
17303,99794,0
17304,83389,0
17305,160556,0
17306,62392,0
17307,42532,0
17308,89335,0
17309,156963,0
17310,145192,0
17311,19268,0
17312,47904,0
17313,118517,0
17314,31348,0
17315,2703,0
17316,6279,0
17317,131266,1
17318,87825,0
17319,160059,0
17320,60033,0
17321,160724,0
17322,40990,1
17323,35777,0
17324,130322,0
17325,69961,0
17326,95652,0
17327,36602,0
17328,4857,0
17329,160927,0
17330,21473,0
17331,77833,0
17332,104578,0
17333,85751,0
17334,38968,0
17335,112090,0
17336,53868,0
17337,142100,0
17338,139833,0
17339,104071,0
17340,164057,0
17341,152645,0
17342,99465,0
17343,86235,0
17344,56320,0
17345,8707,0
17346,48786,0
17347,122542,1
17348,17092,1
17349,154345,0
17350,41305,1
17351,72276,0
17352,93616,0
17353,60166,0
17354,39241,0
17355,129976,0
17356,27378,0
17357,96860,0
17358,31788,1
17359,83885,0
17360,72241,0
17361,59098,1
17362,159420,0
17363,6529,0
17364,48446,0
17365,149074,0
17366,154038,0
17367,117441,0
17368,114551,0
17369,76764,0
17370,49904,0
17371,79905,0
17372,155361,0
17373,35781,0
17374,39274,1
17375,3734,0
17376,105139,0
17377,128863,0
17378,9619,0
17379,23848,0
17380,130439,0
17381,105520,0
17382,369,0
17383,30283,1
17384,4021,0
17385,123846,0
17386,56348,0
17387,99690,0
17388,124671,0
17389,138452,0
17390,20507,1
17391,68983,0
17392,70311,0
17393,62014,0
17394,43394,0
17395,94149,0
17396,49200,0
17397,121183,0
17398,119640,0
17399,107120,0
17400,37150,0
17401,15623,0
17402,49051,1
17403,75566,0
17404,30180,0
17405,160584,0
17406,66124,0
17407,97735,0
17408,43817,1
17409,150311,0
17410,162641,0
17411,122180,0
17412,141730,0
17413,142133,0
17414,44885,0
17415,88621,0
17416,96777,0
17417,83026,0
17418,47995,0
17419,65209,1
17420,163860,0
17421,100279,1
17422,139412,0
17423,3760,0
17424,93357,0
17425,140454,0
17426,8182,1
17427,125289,0
17428,5058,0
17429,96764,0
17430,132542,1
17431,26316,0
17432,152385,0
17433,121022,0
17434,72576,1
17435,139009,0
17436,119457,0
17437,111766,0
17438,52190,0
17439,28091,0
17440,21822,0
17441,89146,0
17442,43852,0
17443,2487,0
17444,157700,0
17445,104582,1
17446,33885,0
17447,76516,0
17448,134566,0
17449,35714,0
17450,138131,0
17451,101572,1
17452,62549,0
17453,163292,0
17454,103343,0
17455,39841,0
17456,130382,0
17457,62851,0
17458,132006,0
17459,147727,0
17460,53170,0
17461,99809,0
17462,128233,0
17463,85419,0
17464,6807,0
17465,27361,0
17466,120293,0
17467,127245,1
17468,5317,0
17469,123395,1
17470,76639,0
17471,81797,0
17472,66142,0
17473,135307,0
17474,83486,0
17475,144263,0
17476,31790,0
17477,155681,1
17478,62051,1
17479,85652,0
17480,68570,0
17481,75344,0
17482,55139,1
17483,100446,0
17484,152797,0
17485,63957,0
17486,26991,0
17487,77719,1
17488,54169,1
17489,139429,0
17490,38175,0
17491,106830,1
17492,8130,0
17493,45337,1
17494,128215,1
17495,85427,0
17496,49208,0
17497,17915,0
17498,34902,0
17499,73084,0
17500,142652,0
17501,60017,1
17502,55170,0
17503,91883,0
17504,131262,0
17505,62147,0
17506,123774,0
17507,133759,1
17508,161905,0
17509,96744,1
17510,35664,0
17511,132176,1
17512,134118,1
17513,86064,0
17514,160340,0
17515,126006,0
17516,28714,0
17517,18994,0
17518,51233,1
17519,17675,0
17520,146231,1
17521,109021,1
17522,80470,0
17523,27255,0
17524,33843,0
17525,15522,0
17526,49034,0
17527,59348,0
17528,81508,0
17529,135423,0
17530,151158,0
17531,155666,0
17532,125394,0
17533,135657,0
17534,137628,1
17535,154824,0
17536,10735,0
17537,37874,0
17538,93684,0
17539,36019,0
17540,138908,0
17541,61519,0
17542,154844,0
17543,113953,0
17544,124769,0
17545,73300,0
17546,130081,0
17547,14476,0
17548,142495,0
17549,73552,0
17550,110652,0
17551,146770,0
17552,59237,0
17553,83522,1
17554,1683,0
17555,132877,1
17556,150240,0
17557,6543,0
17558,14663,0
17559,164645,0
17560,161619,1
17561,149867,0
17562,20097,0
17563,83791,0
17564,17221,0
17565,29692,0
17566,29620,0
17567,119122,0
17568,17954,0
17569,24213,1
17570,142441,0
17571,12378,0
17572,31122,0
17573,101309,0
17574,100725,0
17575,93207,0
17576,24652,0
17577,106802,0
17578,143692,0
17579,112001,0
17580,150770,0
17581,142202,0
17582,157825,0
17583,120526,0
17584,74376,0
17585,95629,0
17586,71146,0
17587,126693,1
17588,155954,0
17589,38369,0
17590,18319,0
17591,136454,0
17592,157216,1
17593,14632,0
17594,27705,0
17595,54704,0
17596,32172,0
17597,89232,0
17598,138544,0
17599,136598,1
17600,26243,0
17601,14760,0
17602,38288,0
17603,16911,0
17604,44596,1
17605,20566,0
17606,33067,0
17607,96163,0
17608,18714,0
17609,145935,0
17610,78650,1
17611,114780,0
17612,105418,0
17613,52451,0
17614,54729,0
17615,29618,0
17616,108384,1
17617,88438,1
17618,163312,0
17619,141985,0
17620,162569,0
17621,41829,0
17622,65199,0
17623,155794,0
17624,96742,1
17625,35238,1
17626,32762,0
17627,14323,0
17628,158416,0
17629,95979,0
17630,139530,0
17631,6053,0
17632,33625,0
17633,132427,0
17634,109196,1
17635,135483,0
17636,96122,0
17637,37004,0
17638,6287,1
17639,45753,0
17640,16056,0
17641,129099,0
17642,139701,0
17643,135175,0
17644,92165,0
17645,109658,0
17646,128037,0
17647,6614,0
17648,95291,0
17649,34742,0
17650,45233,0
17651,48012,0
17652,137381,1
17653,52315,0
17654,35535,0
17655,51844,0
17656,101244,0
17657,103791,0
17658,31384,0
17659,124941,0
17660,25380,0
17661,26787,0
17662,120955,1
17663,137009,0
17664,156883,0
17665,162859,1
17666,2644,0
17667,12284,0
17668,138749,0
17669,20270,0
17670,63758,0
17671,63143,0
17672,153636,0
17673,148756,0
17674,116019,0
17675,78739,0
17676,138438,0
17677,41877,0
17678,24568,0
17679,149492,0
17680,40359,1
17681,101259,0
17682,148363,0
17683,140230,0
17684,82424,0
17685,118557,0
17686,148770,0
17687,69086,0
17688,142434,0
17689,113159,0
17690,79796,0
17691,30458,0
17692,21610,0
17693,157771,1
17694,4956,1
17695,17175,0
17696,123044,0
17697,52666,0
17698,73391,1
17699,86705,1
17700,133319,0
17701,57718,0
17702,44938,0
17703,28372,0
17704,89784,0
17705,23883,0
17706,162661,0
17707,73516,0
17708,6487,0
17709,145102,0
17710,89823,0
17711,128079,0
17712,127255,0
17713,74304,0
17714,43325,0
17715,7068,0
17716,15340,0
17717,104010,0
17718,116376,0
17719,114582,1
17720,155079,0
17721,122832,0
17722,1065,0
17723,101558,0
17724,54875,0
17725,134565,0
17726,131711,0
17727,4973,0
17728,144341,0
17729,8748,0
17730,117824,0
17731,34397,0
17732,70085,0
17733,129369,0
17734,68746,0
17735,155494,0
17736,102887,0
17737,84257,0
17738,13297,0
17739,125278,0
17740,65629,0
17741,6668,1
17742,86635,1
17743,158422,0
17744,121421,0
17745,39743,0
17746,132435,0
17747,101248,0
17748,116184,0
17749,124108,0
17750,154043,0
17751,29524,0
17752,144013,0
17753,144334,0
17754,148765,0
17755,116518,0
17756,40770,0
17757,115448,0
17758,40081,0
17759,50944,0
17760,103169,0
17761,23283,0
17762,68080,0
17763,117675,0
17764,96831,0
17765,41093,0
17766,122724,0
17767,73083,0
17768,101828,0
17769,64513,0
17770,134858,0
17771,25191,0
17772,76948,0
17773,122359,0
17774,125785,0
17775,64393,0
17776,84622,0
17777,114592,0
17778,89305,1
17779,56639,0
17780,46662,0
17781,56504,0
17782,64467,0
17783,121078,1
17784,2637,0
17785,85482,0
17786,89654,0
17787,159127,0
17788,81469,1
17789,62652,0
17790,12352,0
17791,36419,0
17792,96854,0
17793,34984,0
17794,83443,0
17795,164264,0
17796,17449,0
17797,139978,1
17798,88427,0
17799,103795,0
17800,120831,0
17801,5041,0
17802,30814,0
17803,145269,0
17804,141527,0
17805,123030,0
17806,156553,0
17807,91057,0
17808,69912,0
17809,78139,1
17810,71719,0
17811,32914,0
17812,41204,0
17813,39703,0
17814,45944,0
17815,152292,1
17816,44104,1
17817,58609,1
17818,85593,0
17819,105534,0
17820,133738,0
17821,116950,0
17822,61583,0
17823,24516,0
17824,15209,0
17825,106166,0
17826,60515,0
17827,96707,0
17828,91798,0
17829,24857,0
17830,85716,1
17831,124476,0
17832,17749,0
17833,39423,0
17834,111651,0
17835,81995,0
17836,1199,0
17837,132847,0
17838,87658,0
17839,88935,0
17840,151636,1
17841,82280,0
17842,104159,1
17843,126065,0
17844,50705,0
17845,117466,0
17846,92322,0
17847,106902,1
17848,58200,1
17849,150864,0
17850,34392,0
17851,158584,0
17852,107967,1
17853,33275,0
17854,125566,0
17855,159115,0
17856,113560,0
17857,151882,1
17858,86863,0
17859,23861,0
17860,14741,1
17861,33895,0
17862,164472,0
17863,123432,0
17864,64153,0
17865,90017,1
17866,138587,1
17867,52181,0
17868,136674,0
17869,97372,0
17870,75511,0
17871,122891,0
17872,24238,0
17873,137542,0
17874,15354,0
17875,159637,0
17876,157072,0
17877,32704,0
17878,104647,1
17879,4030,0
17880,107934,0
17881,3111,0
17882,45176,1
17883,72971,0
17884,31012,0
17885,87564,0
17886,12828,0
17887,92805,0
17888,133532,0
17889,152051,0
17890,150548,0
17891,69299,0
17892,86111,0
17893,90418,0
17894,82219,0
17895,38991,0
17896,50690,0
17897,29223,0
17898,132692,0
17899,120400,0
17900,12191,0
17901,162965,1
17902,103171,1
17903,86108,0
17904,103801,0
17905,88472,0
17906,112110,0
17907,70909,1
17908,154144,0
17909,27964,1
17910,51590,0
17911,82492,0
17912,162060,1
17913,27236,0
17914,159058,0
17915,49953,1
17916,69333,1
17917,160598,0
17918,34145,0
17919,96441,0
17920,162290,0
17921,154069,0
17922,62833,0
17923,122368,0
17924,133163,0
17925,103454,0
17926,69570,0
17927,55172,0
17928,163208,0
17929,130778,0
17930,10555,1
17931,5850,1
17932,49211,0
17933,158326,0
17934,163015,0
17935,34604,0
17936,56920,0
17937,105843,0
17938,43435,0
17939,8342,1
17940,155911,0
17941,141737,1
17942,27209,1
17943,146479,1
17944,9940,0
17945,131981,0
17946,139087,0
17947,88802,0
17948,148348,0
17949,12737,0
17950,60627,1
17951,5976,0
17952,51212,1
17953,108178,0
17954,35914,0
17955,38107,0
17956,149948,0
17957,38972,1
17958,108192,0
17959,145135,0
17960,53721,1
17961,82139,1
17962,113901,0
17963,71509,0
17964,68110,0
17965,8493,0
17966,117493,0
17967,61437,0
17968,65528,0
17969,30880,0
17970,98670,0
17971,133054,1
17972,107273,0
17973,80986,0
17974,127569,0
17975,90634,0
17976,26538,0
17977,8102,0
17978,63096,1
17979,14201,0
17980,38930,0
17981,150908,0
17982,38794,1
17983,159713,0
17984,119495,1
17985,120926,0
17986,35059,0
17987,124049,0
17988,5364,1
17989,164746,0
17990,99111,1
17991,41,0
17992,68244,0
17993,107009,1
17994,126270,1
17995,81971,1
17996,158774,0
17997,145456,0
17998,24255,0
17999,74837,0
18000,75106,0
18001,33466,0
18002,59181,0
18003,66293,0
18004,56152,1
18005,164635,0
18006,7099,0
18007,9328,0
18008,1665,0
18009,103441,0
18010,148803,0
18011,100893,0
18012,21878,0
18013,131720,0
18014,33179,1
18015,82923,0
18016,93948,0
18017,75978,1
18018,160528,1
18019,153184,0
18020,158903,0
18021,80344,0
18022,138494,1
18023,27553,0
18024,79509,0
18025,40614,0
18026,30138,0
18027,163170,0
18028,11664,0
18029,93952,0
18030,79313,1
18031,121315,1
18032,122486,1
18033,15404,0
18034,51549,0
18035,31507,0
18036,74898,0
18037,100514,0
18038,93034,1
18039,36914,0
18040,42026,0
18041,8692,0
18042,64391,0
18043,82018,1
18044,142635,1
18045,137085,0
18046,13145,0
18047,46955,1
18048,138821,0
18049,92936,0
18050,15021,0
18051,145233,0
18052,22560,0
18053,79184,0
18054,155151,0
18055,148767,0
18056,130816,0
18057,61289,0
18058,14973,0
18059,5654,0
18060,160701,1
18061,5515,0
18062,121691,1
18063,161420,0
18064,29916,1
18065,103025,0
18066,20474,0
18067,107360,0
18068,18315,0
18069,127029,0
18070,18128,0
18071,100969,0
18072,35215,0
18073,95396,0
18074,126157,0
18075,50394,0
18076,60882,0
18077,74487,0
18078,119804,0
18079,91785,0
18080,126818,1
18081,32879,0
18082,6486,0
18083,142713,0
18084,113721,0
18085,106785,0
18086,98044,0
18087,46635,0
18088,96138,0
18089,100020,0
18090,145886,1
18091,91491,1
18092,93922,0
18093,74153,0
18094,20397,0
18095,78219,0
18096,106492,1
18097,103405,0
18098,155080,0
18099,149949,0
18100,59906,0
18101,32618,1
18102,19906,1
18103,103457,1
18104,62748,0
18105,44067,0
18106,28528,0
18107,130993,0
18108,17096,0
18109,21438,0
18110,36533,0
18111,101273,0
18112,93415,0
18113,105680,0
18114,36936,0
18115,51815,0
18116,26635,0
18117,150769,0
18118,61523,1
18119,68006,0
18120,35237,0
18121,159845,1
18122,138382,0
18123,15163,0
18124,89195,0
18125,51159,0
18126,97382,0
18127,23568,0
18128,98307,0
18129,73569,0
18130,114600,0
18131,68508,0
18132,136291,0
18133,135674,1
18134,118664,1
18135,142642,0
18136,4017,0
18137,1132,0
18138,122212,0
18139,48147,0
18140,88558,0
18141,149342,0
18142,71219,0
18143,99613,0
18144,133795,0
18145,106772,1
18146,71499,1
18147,89151,0
18148,69239,0
18149,132599,0
18150,158189,1
18151,31639,0
18152,86280,0
18153,356,1
18154,88763,0
18155,22699,0
18156,118230,0
18157,122518,0
18158,46315,0
18159,153096,1
18160,8755,0
18161,73230,0
18162,116497,0
18163,152278,0
18164,19759,0
18165,105270,0
18166,4645,0
18167,134756,0
18168,132250,0
18169,141680,0
18170,142671,1
18171,24392,0
18172,70650,0
18173,163700,0
18174,163993,0
18175,119191,0
18176,155555,0
18177,20459,0
18178,117178,1
18179,129505,0
18180,12980,1
18181,50740,0
18182,137670,1
18183,16182,0
18184,42081,0
18185,55541,0
18186,34571,0
18187,44187,0
18188,83169,1
18189,38734,0
18190,69028,0
18191,90509,0
18192,29162,0
18193,75117,1
18194,2278,0
18195,57104,0
18196,40610,1
18197,139330,0
18198,27795,0
18199,31981,0
18200,97636,0
18201,140331,0
18202,62650,0
18203,9170,1
18204,97889,0
18205,12753,0
18206,88310,0
18207,13468,0
18208,28090,0
18209,83637,0
18210,80386,0
18211,159892,0
18212,18980,0
18213,56370,0
18214,104686,0
18215,45815,1
18216,51881,0
18217,39939,0
18218,26356,1
18219,146166,0
18220,90026,0
18221,56102,0
18222,153863,0
18223,154717,0
18224,80887,0
18225,104806,0
18226,71454,0
18227,139625,0
18228,5326,0
18229,11192,0
18230,121630,0
18231,129952,0
18232,137151,0
18233,144669,0
18234,100821,0
18235,65244,0
18236,48614,0
18237,105248,0
18238,111153,0
18239,153943,1
18240,52348,0
18241,38627,0
18242,119359,0
18243,98387,0
18244,120740,0
18245,47976,1
18246,42612,1
18247,129860,0
18248,63410,0
18249,162278,0
18250,25063,0
18251,64772,0
18252,147680,0
18253,156645,0
18254,37313,0
18255,97668,0
18256,44777,0
18257,102341,1
18258,119848,0
18259,21365,0
18260,65639,0
18261,17274,0
18262,41458,0
18263,135427,0
18264,48748,0
18265,73658,0
18266,6300,1
18267,73125,0
18268,72568,0
18269,55368,0
18270,136677,0
18271,60896,0
18272,142722,1
18273,156217,0
18274,99606,0
18275,129072,0
18276,46012,0
18277,161792,0
18278,123277,0
18279,94351,0
18280,156653,0
18281,158289,0
18282,16537,0
18283,63730,0
18284,46143,0
18285,96568,0
18286,4416,0
18287,5202,0
18288,82392,0
18289,40636,1
18290,97910,0
18291,31365,0
18292,87340,0
18293,56178,0
18294,15276,0
18295,67420,0
18296,18042,1
18297,117192,0
18298,72773,0
18299,78327,0
18300,117706,0
18301,154157,0
18302,6837,0
18303,158962,0
18304,50718,1
18305,60956,0
18306,29319,0
18307,63269,0
18308,87029,0
18309,13583,0
18310,39719,0
18311,144388,0
18312,113514,0
18313,164226,1
18314,81489,0
18315,134480,0
18316,110947,0
18317,97419,0
18318,158815,0
18319,99939,0
18320,44800,0
18321,49787,0
18322,55123,0
18323,80369,0
18324,154250,1
18325,34900,0
18326,108689,0
18327,3438,0
18328,30213,1
18329,8049,0
18330,162630,0
18331,65452,0
18332,32588,0
18333,77259,0
18334,102325,0
18335,133815,1
18336,27602,0
18337,65648,0
18338,120556,0
18339,60978,0
18340,64537,0
18341,41596,0
18342,86266,0
18343,70517,1
18344,162878,1
18345,102420,0
18346,153262,0
18347,61989,0
18348,11979,0
18349,153877,0
18350,85692,1
18351,36762,0
18352,24535,0
18353,86844,0
18354,675,0
18355,41717,0
18356,150075,0
18357,18974,0
18358,84270,0
18359,5270,0
18360,136516,0
18361,88315,0
18362,79813,0
18363,148181,1
18364,67715,1
18365,138689,1
18366,150333,0
18367,7048,0
18368,141464,1
18369,153721,0
18370,64536,0
18371,15598,0
18372,118983,0
18373,154051,0
18374,118212,0
18375,82584,0
18376,154818,0
18377,132166,0
18378,30394,0
18379,15913,0
18380,11151,0
18381,85566,0
18382,151740,0
18383,19237,0
18384,132422,0
18385,148026,0
18386,101171,1
18387,24809,0
18388,49733,0
18389,54593,0
18390,21271,0
18391,6563,1
18392,60848,0
18393,112669,0
18394,150605,0
18395,141526,0
18396,7777,0
18397,104475,0
18398,28952,0
18399,156587,0
18400,67010,0
18401,57495,1
18402,85829,0
18403,4840,0
18404,72306,0
18405,22899,0
18406,14826,0
18407,8633,1
18408,89800,1
18409,155912,0
18410,88190,0
18411,158194,0
18412,85729,0
18413,129949,0
18414,152768,0
18415,36907,0
18416,145401,1
18417,152423,0
18418,42400,0
18419,95540,0
18420,60634,0
18421,99085,0
18422,72420,0
18423,89408,0
18424,2860,0
18425,125245,0
18426,41200,0
18427,153818,1
18428,19031,0
18429,28252,0
18430,105120,0
18431,103123,0
18432,70844,0
18433,163050,0
18434,154626,0
18435,114360,0
18436,75920,0
18437,4279,0
18438,44512,0
18439,70049,0
18440,137613,0
18441,10896,0
18442,109675,0
18443,14865,0
18444,44333,0
18445,787,0
18446,139288,0
18447,25434,0
18448,13035,0
18449,150731,0
18450,74924,0
18451,99619,0
18452,105037,0
18453,35446,1
18454,47212,0
18455,47211,0
18456,2911,0
18457,20954,0
18458,84359,1
18459,122823,1
18460,152771,0
18461,108010,0
18462,64651,0
18463,105923,0
18464,3116,0
18465,86720,0
18466,9125,0
18467,31518,1
18468,65850,0
18469,120436,0
18470,90249,0
18471,46137,0
18472,95196,0
18473,19642,0
18474,65973,0
18475,152228,0
18476,157445,0
18477,23947,0
18478,41448,0
18479,121477,0
18480,112794,0
18481,99084,0
18482,52122,0
18483,125737,0
18484,122996,0
18485,10561,0
18486,147273,0
18487,12841,0
18488,154543,0
18489,109807,0
18490,62176,0
18491,142784,0
18492,156614,0
18493,101266,0
18494,3103,0
18495,80819,0
18496,100506,1
18497,8328,1
18498,112222,0
18499,132436,0
18500,36257,0
18501,10421,0
18502,68900,0
18503,6699,0
18504,86067,0
18505,150338,0
18506,46555,0
18507,95618,0
18508,132790,0
18509,64672,0
18510,28811,0
18511,17297,0
18512,158094,0
18513,155136,0
18514,52825,0
18515,86427,1
18516,2716,1
18517,75723,1
18518,152606,0
18519,98941,0
18520,47530,0
18521,31545,1
18522,18698,0
18523,158937,0
18524,158046,0
18525,2581,0
18526,94815,0
18527,72039,0
18528,45420,0
18529,215,1
18530,138001,0
18531,142991,0
18532,26361,0
18533,139285,0
18534,63777,0
18535,114563,1
18536,74499,0
18537,6236,0
18538,40342,0
18539,45588,0
18540,136802,0
18541,16240,0
18542,57967,0
18543,47797,0
18544,132013,0
18545,147541,0
18546,56893,0
18547,71466,0
18548,152247,0
18549,126156,1
18550,97817,0
18551,139802,0
18552,154563,1
18553,157604,1
18554,39020,1
18555,140656,0
18556,2340,0
18557,55529,0
18558,53825,1
18559,97132,0
18560,43044,0
18561,7193,0
18562,77609,0
18563,129255,0
18564,54270,0
18565,74689,0
18566,71517,0
18567,23646,0
18568,48887,0
18569,107040,0
18570,106589,0
18571,115461,0
18572,146983,0
18573,42512,0
18574,149271,0
18575,88413,0
18576,68926,0
18577,29494,0
18578,21227,0
18579,92707,0
18580,136664,1
18581,49249,0
18582,66154,0
18583,76795,0
18584,67353,0
18585,92272,0
18586,37653,0
18587,36354,0
18588,61657,0
18589,52258,0
18590,48258,0
18591,33695,0
18592,84941,0
18593,93059,0
18594,153821,0
18595,155759,0
18596,39446,0
18597,92308,0
18598,66112,1
18599,22909,0
18600,96448,0
18601,137090,0
18602,84689,1
18603,37698,0
18604,52807,0
18605,136377,0
18606,154223,0
18607,23079,0
18608,74641,0
18609,63209,0
18610,11817,0
18611,110170,1
18612,11333,1
18613,54106,1
18614,135388,0
18615,108978,1
18616,35780,0
18617,31645,0
18618,128800,0
18619,115198,0
18620,123552,0
18621,148337,0
18622,13211,0
18623,150842,0
18624,141350,0
18625,76564,0
18626,96863,0
18627,140172,0
18628,122679,0
18629,162742,1
18630,136023,0
18631,16436,1
18632,11156,0
18633,78278,0
18634,78085,0
18635,502,0
18636,144351,0
18637,106412,0
18638,63690,1
18639,148113,0
18640,49913,0
18641,110047,1
18642,1696,0
18643,131298,0
18644,63142,0
18645,157243,0
18646,49971,0
18647,62828,0
18648,127457,1
18649,25980,0
18650,19631,0
18651,153836,0
18652,56963,0
18653,24668,0
18654,91920,0
18655,131763,1
18656,121722,1
18657,35271,0
18658,75191,0
18659,87228,0
18660,106544,0
18661,116041,0
18662,134473,0
18663,60254,0
18664,134931,0
18665,107573,0
18666,33962,0
18667,138271,0
18668,99514,0
18669,31066,0
18670,106215,0
18671,157364,0
18672,99396,1
18673,144951,0
18674,46041,0
18675,160206,0
18676,149005,0
18677,65275,0
18678,72918,0
18679,47495,0
18680,131839,0
18681,132682,0
18682,96387,0
18683,46717,0
18684,94566,0
18685,5097,1
18686,6944,1
18687,68737,0
18688,162003,0
18689,32730,0
18690,85383,0
18691,122964,0
18692,73370,0
18693,30251,0
18694,36448,1
18695,141750,0
18696,103486,0
18697,160347,0
18698,6278,1
18699,126540,0
18700,47509,0
18701,73454,0
18702,157381,0
18703,125136,0
18704,87888,1
18705,66151,0
18706,58288,0
18707,96167,0
18708,134056,0
18709,40707,0
18710,53311,1
18711,126951,1
18712,115970,0
18713,76249,0
18714,163017,0
18715,69650,0
18716,19069,0
18717,163008,0
18718,77234,0
18719,79233,0
18720,111828,0
18721,157780,0
18722,87420,1
18723,77900,0
18724,118474,0
18725,128971,0
18726,14032,0
18727,134694,0
18728,148487,0
18729,45715,0
18730,3651,0
18731,95490,0
18732,122393,0
18733,54738,0
18734,124545,0
18735,141166,0
18736,78681,0
18737,149568,0
18738,93756,0
18739,92619,0
18740,114862,0
18741,116126,0
18742,7017,0
18743,63867,0
18744,65136,0
18745,113700,0
18746,91484,0
18747,4039,0
18748,156385,0
18749,131485,0
18750,27975,0
18751,64109,1
18752,32871,0
18753,58571,0
18754,76274,0
18755,25050,0
18756,23893,0
18757,60233,0
18758,129650,0
18759,20171,0
18760,67178,0
18761,24092,1
18762,26556,0
18763,157245,0
18764,80147,0
18765,135505,1
18766,163215,0
18767,132463,0
18768,10859,1
18769,50137,0
18770,61353,0
18771,39183,0
18772,107885,0
18773,31062,1
18774,101317,0
18775,111807,0
18776,149887,0
18777,111200,1
18778,151974,0
18779,91163,0
18780,122582,0
18781,21549,0
18782,2242,0
18783,7764,0
18784,85752,1
18785,160623,0
18786,13772,0
18787,156734,0
18788,104514,0
18789,77047,0
18790,5295,0
18791,50542,0
18792,70820,1
18793,7251,1
18794,27502,1
18795,109575,0
18796,16117,0
18797,91151,1
18798,8266,0
18799,159623,1
18800,156144,0
18801,19043,0
18802,25951,0
18803,33530,0
18804,19793,0
18805,64859,0
18806,99802,0
18807,91205,0
18808,122162,0
18809,55191,1
18810,17265,0
18811,131628,0
18812,97913,0
18813,113093,0
18814,18177,0
18815,118803,0
18816,30193,0
18817,40946,0
18818,134624,1
18819,81218,0
18820,25360,1
18821,94100,0
18822,13996,0
18823,71737,0
18824,76705,0
18825,81725,0
18826,13502,0
18827,161665,0
18828,64229,1
18829,4891,0
18830,96720,0
18831,61982,0
18832,84728,0
18833,153486,1
18834,55348,0
18835,155702,0
18836,108408,0
18837,124295,0
18838,139261,0
18839,24428,0
18840,157382,0
18841,89273,0
18842,159686,1
18843,163657,0
18844,51448,0
18845,116427,0
18846,107077,0
18847,28121,0
18848,106496,0
18849,81165,0
18850,139260,0
18851,74240,1
18852,123478,0
18853,713,0
18854,110291,0
18855,110587,0
18856,70938,0
18857,83666,0
18858,51566,0
18859,55114,0
18860,141470,1
18861,29212,0
18862,50281,0
18863,162808,0
18864,99478,0
18865,56002,0
18866,65302,0
18867,85981,0
18868,101297,0
18869,44635,0
18870,75983,0
18871,118511,1
18872,17993,0
18873,67311,0
18874,102890,0
18875,35323,0
18876,40631,0
18877,59261,1
18878,159026,0
18879,83853,0
18880,146460,1
18881,92548,0
18882,147894,0
18883,131218,1
18884,118942,0
18885,25685,0
18886,82268,0
18887,57384,0
18888,8848,0
18889,19477,0
18890,103962,0
18891,24090,0
18892,64518,1
18893,116329,1
18894,28941,1
18895,32113,0
18896,5378,0
18897,101728,0
18898,83017,0
18899,99923,1
18900,76414,0
18901,93880,0
18902,108653,0
18903,53100,0
18904,62103,1
18905,25176,0
18906,39453,0
18907,94637,0
18908,62695,0
18909,134219,0
18910,154167,1
18911,83617,1
18912,91717,0
18913,10990,0
18914,64055,0
18915,88575,0
18916,85217,0
18917,46334,0
18918,145234,0
18919,970,1
18920,161324,0
18921,105794,0
18922,81608,0
18923,10835,0
18924,78979,0
18925,164505,0
18926,143241,0
18927,151726,0
18928,18626,0
18929,86599,0
18930,89422,0
18931,2656,0
18932,75437,1
18933,100,0
18934,115977,0
18935,63799,0
18936,48868,0
18937,124757,0
18938,39454,0
18939,33196,0
18940,11008,0
18941,81749,0
18942,64209,0
18943,156913,0
18944,111617,0
18945,100280,1
18946,147366,0
18947,109613,0
18948,89648,0
18949,109210,0
18950,10295,1
18951,40427,0
18952,19972,0
18953,6611,0
18954,93304,0
18955,26012,0
18956,81527,1
18957,25461,0
18958,136090,0
18959,51588,0
18960,152030,0
18961,161332,0
18962,147851,0
18963,15486,0
18964,145878,0
18965,24819,1
18966,80555,0
18967,12580,0
18968,79544,0
18969,151837,1
18970,67247,0
18971,77188,0
18972,2554,0
18973,114372,0
18974,102923,0
18975,88030,0
18976,35820,0
18977,113190,0
18978,2503,0
18979,22223,0
18980,100714,1
18981,129337,0
18982,131693,1
18983,30047,1
18984,142464,0
18985,36998,0
18986,43678,0
18987,133317,1
18988,17427,0
18989,144631,1
18990,48839,0
18991,115746,0
18992,29385,0
18993,70338,0
18994,38307,1
18995,96514,0
18996,46004,0
18997,127236,0
18998,148834,0
18999,146961,0
19000,164274,0
19001,131008,0
19002,104652,0
19003,108698,0
19004,29278,0
19005,29919,0
19006,53414,0
19007,141123,0
19008,118190,0
19009,130327,0
19010,100064,0
19011,157864,0
19012,52323,0
19013,163956,0
19014,26740,0
19015,72704,1
19016,57887,1
19017,100243,1
19018,142263,0
19019,56597,1
19020,99101,0
19021,107518,0
19022,9581,1
19023,112018,0
19024,129975,1
19025,61556,0
19026,63306,0
19027,83701,0
19028,103109,0
19029,51791,1
19030,131777,1
19031,141305,0
19032,53826,0
19033,141137,0
19034,3232,0
19035,92098,0
19036,145574,0
19037,23907,1
19038,91619,0
19039,102931,0
19040,6398,0
19041,54401,0
19042,108128,0
19043,82411,0
19044,108508,0
19045,77648,0
19046,114260,0
19047,32624,0
19048,101786,0
19049,141743,0
19050,140514,0
19051,10316,1
19052,86660,0
19053,26910,0
19054,118568,0
19055,9074,1
19056,160208,0
19057,4941,0
19058,62368,0
19059,67578,0
19060,123483,0
19061,75761,0
19062,86307,1
19063,21154,0
19064,58149,0
19065,108660,0
19066,68656,1
19067,49833,1
19068,26419,1
19069,69711,1
19070,119749,0
19071,30089,0
19072,35995,0
19073,163952,0
19074,96404,0
19075,8138,0
19076,278,1
19077,164138,0
19078,20837,1
19079,115772,0
19080,57608,0
19081,44324,0
19082,34403,0
19083,143096,0
19084,93617,0
19085,78462,1
19086,157476,0
19087,73250,0
19088,108334,0
19089,147486,0
19090,35217,0
19091,43083,0
19092,93834,0
19093,62503,0
19094,22659,0
19095,119815,0
19096,90609,0
19097,59375,0
19098,138394,0
19099,25297,0
19100,53771,0
19101,18582,0
19102,30990,0
19103,101696,1
19104,56137,0
19105,74064,0
19106,7960,0
19107,125652,0
19108,36506,0
19109,163007,0
19110,154121,0
19111,7695,0
19112,59346,1
19113,81956,1
19114,154420,0
19115,39658,0
19116,115153,0
19117,100391,0
19118,68697,0
19119,93139,0
19120,80315,0
19121,96397,1
19122,90300,1
19123,133718,0
19124,129883,1
19125,45997,0
19126,106898,0
19127,131119,0
19128,128776,0
19129,164251,0
19130,89824,0
19131,82967,1
19132,113683,0
19133,64942,0
19134,100954,1
19135,44891,0
19136,53329,1
19137,39328,0
19138,141866,0
19139,44284,0
19140,162654,1
19141,149874,0
19142,75091,0
19143,161742,1
19144,13455,0
19145,8317,1
19146,5134,1
19147,96009,0
19148,156397,1
19149,131527,0
19150,39145,0
19151,164653,0
19152,18873,0
19153,159769,0
19154,140856,0
19155,68375,0
19156,64310,0
19157,114831,0
19158,76704,0
19159,1917,0
19160,22789,1
19161,113788,0
19162,82947,0
19163,9338,0
19164,94060,1
19165,150821,0
19166,5403,0
19167,19554,0
19168,61567,0
19169,27531,0
19170,96502,0
19171,163752,0
19172,30685,0
19173,94364,0
19174,36306,0
19175,75273,0
19176,24929,0
19177,121667,1
19178,105640,1
19179,98949,1
19180,145581,0
19181,79141,0
19182,91114,0
19183,3553,0
19184,22101,0
19185,75507,0
19186,83155,1
19187,151434,0
19188,35153,1
19189,18385,0
19190,67989,1
19191,73705,1
19192,127927,0
19193,139778,0
19194,32353,0
19195,87267,0
19196,114909,0
19197,68633,0
19198,129734,1
19199,42613,0
19200,77084,0
19201,33192,0
19202,100083,1
19203,159005,0
19204,10805,0
19205,136008,0
19206,121655,0
19207,100942,0
19208,87373,0
19209,91968,0
19210,131932,0
19211,90111,1
19212,163046,1
19213,53281,0
19214,101212,0
19215,97782,0
19216,19045,0
19217,36788,0
19218,117593,1
19219,9539,0
19220,77332,0
19221,85412,1
19222,81699,0
19223,30988,0
19224,126739,0
19225,139973,0
19226,157730,1
19227,112884,0
19228,162423,0
19229,158599,1
19230,158768,1
19231,79123,1
19232,126310,0
19233,84536,0
19234,139537,0
19235,43928,0
19236,96602,0
19237,141918,0
19238,74959,1
19239,60406,0
19240,127345,0
19241,162376,1
19242,55018,1
19243,24873,0
19244,94505,0
19245,79470,0
19246,71284,0
19247,94284,0
19248,28760,1
19249,105898,0
19250,63319,0
19251,154239,0
19252,85171,0
19253,27360,0
19254,29204,0
19255,941,0
19256,133150,0
19257,26038,0
19258,85916,0
19259,42662,0
19260,59423,1
19261,55459,0
19262,13439,0
19263,42083,0
19264,33708,0
19265,14753,0
19266,34813,0
19267,45304,1
19268,61480,0
19269,78178,0
19270,109548,0
19271,20219,0
19272,34875,0
19273,4861,0
19274,140972,1
19275,74404,0
19276,74963,1
19277,143279,0
19278,110252,0
19279,57817,0
19280,87131,0
19281,41502,0
19282,83188,0
19283,37048,0
19284,162452,0
19285,3791,0
19286,18737,0
19287,39553,0
19288,161021,1
19289,52244,1
19290,92349,0
19291,123910,0
19292,115018,0
19293,158821,0
19294,22206,0
19295,70976,0
19296,6692,0
19297,43807,0
19298,91662,0
19299,80403,0
19300,119660,0
19301,52973,0
19302,100483,1
19303,11643,1
19304,102688,0
19305,38753,0
19306,147109,0
19307,113983,0
19308,94300,0
19309,65854,1
19310,15050,0
19311,149843,0
19312,145864,0
19313,51969,0
19314,89395,0
19315,156242,0
19316,127806,0
19317,91711,0
19318,101555,0
19319,71900,1
19320,100526,0
19321,153439,0
19322,77139,1
19323,75065,0
19324,65875,0
19325,110492,1
19326,78392,0
19327,35839,0
19328,3094,0
19329,45882,0
19330,131843,0
19331,86633,1
19332,71559,0
19333,23449,0
19334,57111,1
19335,149565,0
19336,128102,0
19337,26321,0
19338,107068,0
19339,160547,0
19340,19951,0
19341,141601,0
19342,13569,0
19343,32868,0
19344,116620,0
19345,21265,0
19346,78274,0
19347,92152,1
19348,32198,0
19349,160905,0
19350,10423,0
19351,90124,1
19352,36065,0
19353,27417,0
19354,116222,0
19355,12363,0
19356,147747,0
19357,39172,0
19358,97283,0
19359,102149,1
19360,57652,0
19361,26760,1
19362,43429,0
19363,46867,0
19364,131873,0
19365,84679,0
19366,17139,0
19367,36439,0
19368,111463,0
19369,149857,0
19370,161716,1
19371,23488,1
19372,18719,0
19373,89596,0
19374,54220,0
19375,103353,0
19376,126295,0
19377,69833,0
19378,61728,0
19379,76599,0
19380,86918,0
19381,103438,0
19382,14137,0
19383,147222,0
19384,85764,0
19385,95317,0
19386,164400,0
19387,121727,0
19388,164368,1
19389,80645,0
19390,112675,0
19391,87010,1
19392,133211,0
19393,2467,0
19394,164522,0
19395,139021,0
19396,160387,0
19397,162151,0
19398,28164,0
19399,134940,1
19400,410,0
19401,97275,0
19402,17287,0
19403,31754,0
19404,97924,0
19405,21002,0
19406,130360,0
19407,18960,0
19408,14729,0
19409,19873,0
19410,151659,0
19411,111677,0
19412,3210,0
19413,90671,0
19414,73733,0
19415,53907,0
19416,28867,0
19417,35105,0
19418,78450,0
19419,54740,0
19420,25649,0
19421,125318,0
19422,120737,0
19423,133383,1
19424,125926,0
19425,117487,0
19426,61667,0
19427,118031,0
19428,103649,0
19429,9010,0
19430,42746,0
19431,132413,0
19432,81782,1
19433,101817,1
19434,25472,0
19435,129904,0
19436,69081,0
19437,20183,0
19438,85296,0
19439,22711,0
19440,104820,0
19441,147110,0
19442,109040,1
19443,14764,0
19444,100659,0
19445,140967,0
19446,34508,0
19447,123735,0
19448,65549,0
19449,108271,0
19450,33379,0
19451,133493,1
19452,28729,0
19453,28355,1
19454,50638,1
19455,135571,0
19456,43096,0
19457,114583,0
19458,100669,0
19459,134575,0
19460,80842,0
19461,89760,0
19462,111205,0
19463,38706,0
19464,105798,0
19465,4405,1
19466,164360,1
19467,53184,0
19468,30048,0
19469,56393,1
19470,38230,0
19471,109716,0
19472,133461,0
19473,142253,0
19474,25116,0
19475,136564,0
19476,110554,0
19477,96914,0
19478,107909,0
19479,52062,0
19480,67827,1
19481,36405,0
19482,45517,0
19483,42208,0
19484,150615,0
19485,163081,0
19486,103247,0
19487,85693,0
19488,35576,0
19489,89860,0
19490,100235,0
19491,108898,0
19492,123318,0
19493,66916,0
19494,112622,0
19495,29023,0
19496,34564,0
19497,84956,0
19498,118525,0
19499,135147,1
19500,132851,0
19501,139324,0
19502,131357,0
19503,146437,0
19504,124891,1
19505,133121,0
19506,104211,0
19507,884,1
19508,49222,0
19509,2166,0
19510,108765,0
19511,95316,0
19512,93947,0
19513,91355,0
19514,120367,0
19515,76466,0
19516,141459,1
19517,78366,1
19518,82714,0
19519,85347,0
19520,46102,0
19521,52193,1
19522,57256,0
19523,23153,0
19524,115146,0
19525,116779,1
19526,92674,0
19527,7311,0
19528,112302,0
19529,6314,1
19530,157372,1
19531,24450,0
19532,38666,0
19533,64778,0
19534,62482,1
19535,9756,0
19536,104611,0
19537,39636,0
19538,114451,0
19539,160294,0
19540,79490,0
19541,128382,0
19542,97183,0
19543,17565,0
19544,23624,0
19545,130754,0
19546,86986,0
19547,19251,0
19548,35846,0
19549,78809,0
19550,91165,0
19551,54748,0
19552,136591,0
19553,142469,0
19554,66733,0
19555,68479,0
19556,156652,0
19557,66982,0
19558,33741,0
19559,123662,0
19560,12423,0
19561,135771,0
19562,145469,0
19563,107389,0
19564,109444,0
19565,45131,0
19566,62941,0
19567,33498,0
19568,22115,0
19569,139805,0
19570,107890,0
19571,11775,1
19572,70250,0
19573,35005,1
19574,115425,0
19575,67509,1
19576,103125,1
19577,89314,0
19578,135915,0
19579,150161,0
19580,22633,1
19581,134150,0
19582,57947,0
19583,12346,1
19584,57140,0
19585,13105,0
19586,87581,0
19587,137868,0
19588,71882,0
19589,135603,0
19590,138268,0
19591,112584,0
19592,56413,0
19593,161424,0
19594,29037,0
19595,780,0
19596,134083,1
19597,68454,0
19598,98677,0
19599,3716,0
19600,149886,0
19601,157716,0
19602,117073,0
19603,140786,0
19604,145153,0
19605,137325,0
19606,30366,1
19607,142475,0
19608,65405,0
19609,7321,0
19610,163842,0
19611,20857,0
19612,85671,0
19613,142846,0
19614,97031,0
19615,94183,0
19616,124802,0
19617,7580,0
19618,44888,0
19619,32239,0
19620,111933,0
19621,116752,0
19622,139653,0
19623,156023,0
19624,135303,0
19625,163241,0
19626,140120,0
19627,24302,0
19628,67783,0
19629,13916,1
19630,42701,0
19631,23950,0
19632,98241,0
19633,86840,0
19634,48032,0
19635,50425,0
19636,131838,1
19637,82781,0
19638,14910,0
19639,54865,1
19640,105599,0
19641,117015,0
19642,162949,0
19643,91532,0
19644,58228,0
19645,104203,0
19646,131411,0
19647,113606,0
19648,45931,0
19649,52387,1
19650,162045,0
19651,126770,0
19652,160412,0
19653,25161,0
19654,97057,1
19655,71453,0
19656,6821,0
19657,97258,0
19658,45457,0
19659,84192,0
19660,151760,0
19661,101464,0
19662,159723,0
19663,67436,0
19664,43186,0
19665,42731,0
19666,5988,0
19667,118024,1
19668,16115,0
19669,62003,1
19670,92956,0
19671,142140,0
19672,112235,0
19673,79316,0
19674,3385,0
19675,111565,0
19676,129935,0
19677,4582,0
19678,71948,1
19679,89400,0
19680,4448,0
19681,100953,0
19682,27040,0
19683,15301,1
19684,138134,1
19685,124492,0
19686,18922,0
19687,24295,0
19688,70367,0
19689,30580,1
19690,158232,0
19691,95395,0
19692,163840,0
19693,163000,1
19694,24975,1
19695,119202,0
19696,160452,0
19697,77488,0
19698,3126,0
19699,18806,1
19700,112857,1
19701,145330,0
19702,57355,0
19703,39979,0
19704,77592,0
19705,63985,0
19706,81785,0
19707,163485,1
19708,45212,1
19709,87123,0
19710,105671,0
19711,93031,0
19712,82056,0
19713,112493,0
19714,8196,0
19715,98701,0
19716,70305,0
19717,134879,0
19718,54383,0
19719,1808,0
19720,15873,1
19721,146580,0
19722,5160,0
19723,144952,0
19724,110845,0
19725,111816,0
19726,51045,0
19727,134001,0
19728,16325,1
19729,63737,0
19730,133009,0
19731,6145,1
19732,138841,0
19733,47887,0
19734,40664,1
19735,51476,0
19736,85431,1
19737,51584,1
19738,147356,0
19739,56675,0
19740,33254,0
19741,158763,0
19742,151080,0
19743,118328,1
19744,56077,0
19745,58504,0
19746,155400,1
19747,64915,0
19748,131406,1
19749,50686,0
19750,13856,0
19751,66564,1
19752,20426,0
19753,68287,0
19754,39273,0
19755,77317,0
19756,120339,0
19757,103023,0
19758,36807,0
19759,17378,0
19760,93658,1
19761,120322,0
19762,131259,0
19763,85695,0
19764,125310,0
19765,102178,1
19766,42750,0
19767,22198,0
19768,2670,0
19769,156470,1
19770,80265,1
19771,20591,0
19772,34848,0
19773,163431,0
19774,8125,0
19775,144347,0
19776,18327,1
19777,25923,0
19778,54041,1
19779,67502,0
19780,91963,0
19781,163742,0
19782,101260,1
19783,13710,0
19784,112066,0
19785,20554,0
19786,3060,0
19787,7697,0
19788,132120,0
19789,56471,0
19790,137916,1
19791,55162,0
19792,111300,0
19793,19290,0
19794,90656,0
19795,113881,1
19796,144632,0
19797,50845,0
19798,34827,0
19799,162439,1
19800,35129,1
19801,63851,0
19802,69558,0
19803,111102,0
19804,1083,0
19805,101004,0
19806,124518,0
19807,35246,0
19808,118001,0
19809,163076,0
19810,18584,0
19811,139153,0
19812,58833,0
19813,11278,0
19814,75795,0
19815,48092,0
19816,91468,0
19817,158864,0
19818,59240,0
19819,132075,0
19820,24192,1
19821,71033,0
19822,39821,0
19823,7740,0
19824,133741,0
19825,65378,0
19826,16065,0
19827,93244,0
19828,71456,0
19829,63523,0
19830,54501,1
19831,98826,0
19832,156820,0
19833,59637,0
19834,95825,0
19835,18101,0
19836,39871,0
19837,118843,0
19838,95343,0
19839,106513,0
19840,83814,1
19841,118558,0
19842,10903,1
19843,73190,0
19844,1204,0
19845,162445,1
19846,94524,0
19847,20334,0
19848,117674,0
19849,72586,0
19850,42837,0
19851,62835,0
19852,93373,1
19853,153852,0
19854,68753,0
19855,39457,1
19856,157552,0
19857,149606,0
19858,121205,0
19859,163782,1
19860,41416,0
19861,122324,0
19862,20510,0
19863,23570,0
19864,126396,0
19865,103745,0
19866,44319,0
19867,55338,0
19868,152306,0
19869,69991,1
19870,3106,0
19871,101661,0
19872,161909,0
19873,123023,0
19874,149259,0
19875,91376,0
19876,137710,0
19877,49018,0
19878,28167,0
19879,138773,0
19880,143243,0
19881,41534,0
19882,97805,0
19883,101627,1
19884,40960,0
19885,142280,0
19886,36458,0
19887,37618,0
19888,150371,0
19889,128685,0
19890,106543,0
19891,34210,0
19892,67116,0
19893,102002,0
19894,150032,0
19895,56309,0
19896,107688,0
19897,126354,0
19898,66437,1
19899,80019,0
19900,111378,0
19901,121341,0
19902,108261,0
19903,155530,0
19904,61823,1
19905,110314,1
19906,103161,0
19907,44074,1
19908,99842,0
19909,162625,0
19910,121751,0
19911,134517,0
19912,28555,1
19913,89062,0
19914,65996,1
19915,114754,0
19916,119406,0
19917,147661,1
19918,20461,0
19919,120939,0
19920,82218,0
19921,755,0
19922,132879,0
19923,103490,0
19924,149177,0
19925,115518,0
19926,48803,0
19927,25564,0
19928,136446,0
19929,48399,0
19930,145365,0
19931,99388,1
19932,114752,0
19933,48849,0
19934,48802,0
19935,123971,1
19936,75627,0
19937,148004,0
19938,22037,0
19939,5539,0
19940,158509,0
19941,116297,0
19942,144004,0
19943,14446,0
19944,73855,0
19945,132997,0
19946,163897,0
19947,119856,0
19948,33754,0
19949,151829,0
19950,84206,0
19951,52609,0
19952,46654,0
19953,56177,1
19954,17482,0
19955,15562,0
19956,89892,1
19957,156402,0
19958,82533,0
19959,138714,1
19960,157014,0
19961,25648,1
19962,164926,0
19963,126403,1
19964,44264,0
19965,13533,1
19966,151803,0
19967,161163,1
19968,109422,1
19969,89835,1
19970,126170,0
19971,112792,0
19972,104324,0
19973,116722,0
19974,159248,0
19975,100910,0
19976,147507,0
19977,106720,1
19978,127163,0
19979,141818,0
19980,126674,0
19981,161882,0
19982,97241,1
19983,119175,0
19984,130035,1
19985,83980,0
19986,161629,1
19987,61939,0
19988,103341,0
19989,160776,0
19990,6483,0
19991,44481,1
19992,78402,0
19993,49031,0
19994,140783,0
19995,121080,0
19996,59699,0
19997,60660,0
19998,103315,0
19999,156463,0
20000,6059,0
20001,89281,0
20002,36423,0
20003,32711,0
20004,32257,0
20005,42781,0
20006,87518,0
20007,60602,0
20008,29960,0
20009,100945,0
20010,129315,1
20011,110867,0
20012,107513,1
20013,54661,0
20014,47206,0
20015,87406,0
20016,153206,0
20017,160959,0
20018,27329,0
20019,54611,0
20020,42606,0
20021,116569,0
20022,32715,0
20023,54048,0
20024,50225,0
20025,7613,0
20026,16901,0
20027,139486,0
20028,160737,0
20029,7032,0
20030,112451,0
20031,126306,0
20032,67581,0
20033,147475,0
20034,110637,0
20035,149538,1
20036,31094,0
20037,12592,1
20038,827,0
20039,67332,0
20040,146090,1
20041,58436,0
20042,104338,0
20043,103680,0
20044,19747,0
20045,50551,0
20046,64506,0
20047,43343,0
20048,130871,0
20049,55484,0
20050,93518,0
20051,117735,0
20052,102034,1
20053,127046,0
20054,91546,0
20055,121612,0
20056,46843,0
20057,153277,0
20058,114720,0
20059,123355,0
20060,160772,0
20061,14844,0
20062,8004,0
20063,114046,0
20064,141042,0
20065,96911,0
20066,21493,0
20067,6777,0
20068,159296,0
20069,98769,1
20070,113350,0
20071,157715,0
20072,151052,0
20073,44553,0
20074,7693,1
20075,160771,1
20076,94758,0
20077,124900,0
20078,80064,0
20079,113334,0
20080,141545,1
20081,104288,0
20082,1340,0
20083,88687,0
20084,152605,0
20085,83677,0
20086,6669,0
20087,8447,0
20088,63354,0
20089,93099,0
20090,135682,0
20091,50081,1
20092,71694,0
20093,146630,0
20094,128768,0
20095,105447,0
20096,140706,0
20097,66366,1
20098,2931,0
20099,108749,1
20100,103265,1
20101,71896,0
20102,10557,0
20103,129755,0
20104,117356,0
20105,145903,0
20106,102357,0
20107,66545,0
20108,129423,0
20109,113086,0
20110,64678,0
20111,71197,1
20112,52682,0
20113,129397,0
20114,31859,0
20115,83809,0
20116,11516,0
20117,142705,0
20118,116210,0
20119,131358,1
20120,113644,0
20121,19805,1
20122,4462,1
20123,147102,0
20124,105164,0
20125,75724,0
20126,89196,0
20127,9890,0
20128,101598,0
20129,14209,0
20130,31385,0
20131,115854,0
20132,69987,0
20133,44186,0
20134,40679,0
20135,74539,0
20136,114971,0
20137,114048,0
20138,20939,0
20139,134472,0
20140,99737,0
20141,162926,0
20142,98746,0
20143,125811,0
20144,119805,0
20145,57976,1
20146,116541,0
20147,27838,0
20148,25447,0
20149,120999,0
20150,56113,0
20151,83055,0
20152,1440,1
20153,126218,1
20154,73920,0
20155,1636,0
20156,58145,0
20157,76164,0
20158,62895,0
20159,94468,0
20160,142054,0
20161,161028,0
20162,142213,0
20163,33899,0
20164,162220,0
20165,17077,0
20166,135447,0
20167,34427,0
20168,29645,0
20169,17718,0
20170,97533,0
20171,12094,0
20172,70038,0
20173,64016,0
20174,139672,0
20175,16214,0
20176,27285,0
20177,118639,0
20178,4513,0
20179,141675,0
20180,161015,0
20181,141622,0
20182,37170,0
20183,123810,1
20184,152542,0
20185,34169,0
20186,75844,0
20187,103273,0
20188,164755,0
20189,103940,0
20190,141507,0
20191,47280,1
20192,29143,0
20193,85902,0
20194,5913,0
20195,83985,0
20196,63035,0
20197,121890,1
20198,40001,1
20199,159063,0
20200,9759,0
20201,2884,1
20202,118369,0
20203,33234,0
20204,126342,0
20205,95437,0
20206,154072,0
20207,93853,0
20208,72808,0
20209,82270,0
20210,95008,0
20211,131366,0
20212,83434,1
20213,20051,1
20214,80990,0
20215,47912,0
20216,149245,0
20217,21309,0
20218,140234,0
20219,142300,0
20220,124413,1
20221,24731,0
20222,47291,1
20223,115208,0
20224,49435,0
20225,9205,0
20226,58299,0
20227,142879,0
20228,125655,0
20229,30986,0
20230,129263,0
20231,37518,0
20232,65114,1
20233,163278,0
20234,144450,0
20235,20611,0
20236,95864,0
20237,2023,0
20238,20442,0
20239,122370,0
20240,55426,0
20241,43932,0
20242,4953,0
20243,70302,0
20244,53301,1
20245,151506,0
20246,130503,0
20247,126400,0
20248,124833,0
20249,4286,0
20250,32064,0
20251,34737,0
20252,153131,0
20253,39061,0
20254,70216,0
20255,156033,0
20256,130953,0
20257,62959,0
20258,38254,0
20259,15113,0
20260,44132,0
20261,95265,0
20262,31571,0
20263,266,0
20264,38009,0
20265,4427,1
20266,24765,0
20267,46382,0
20268,10902,0
20269,149776,1
20270,76345,0
20271,31549,0
20272,90991,1
20273,34509,1
20274,88474,0
20275,102209,0
20276,72254,0
20277,154748,0
20278,33349,0
20279,44574,0
20280,36852,0
20281,78013,0
20282,136596,0
20283,54923,0
20284,145532,0
20285,156534,0
20286,77602,0
20287,150231,0
20288,98015,0
20289,61011,0
20290,95608,0
20291,76192,0
20292,17543,0
20293,55947,0
20294,86479,0
20295,132489,0
20296,144340,1
20297,65607,0
20298,81360,0
20299,57749,0
20300,33127,1
20301,97470,0
20302,68263,0
20303,131042,0
20304,26197,0
20305,92784,0
20306,88115,0
20307,33163,0
20308,33410,0
20309,145651,0
20310,77896,0
20311,46743,0
20312,117118,1
20313,1027,0
20314,31298,0
20315,60706,0
20316,78579,0
20317,133247,1
20318,105724,0
20319,11550,0
20320,17073,0
20321,24142,0
20322,153024,0
20323,99505,0
20324,4961,1
20325,163283,0
20326,146842,1
20327,103355,0
20328,150462,0
20329,155971,1
20330,148956,0
20331,130775,0
20332,94751,0
20333,122356,0
20334,49277,0
20335,18826,0
20336,111236,0
20337,49036,0
20338,80731,1
20339,128529,1
20340,104965,0
20341,121833,1
20342,11942,0
20343,151943,0
20344,28501,0
20345,140113,0
20346,75283,0
20347,157452,0
20348,94738,0
20349,29792,0
20350,133546,0
20351,163488,1
20352,27732,0
20353,3299,1
20354,1149,0
20355,80875,0
20356,43428,0
20357,20616,0
20358,8543,0
20359,29004,0
20360,68296,0
20361,103395,1
20362,58314,0
20363,99599,0
20364,17840,0
20365,56103,0
20366,60733,0
20367,37389,0
20368,46616,0
20369,102363,0
20370,2224,0
20371,98814,0
20372,159819,1
20373,73087,0
20374,65208,0
20375,9476,0
20376,131095,0
20377,68768,0
20378,141887,0
20379,79902,0
20380,57541,1
20381,94419,0
20382,39785,0
20383,47031,1
20384,65756,1
20385,101148,0
20386,105278,0
20387,119967,0
20388,38361,0
20389,149679,0
20390,41391,0
20391,33773,0
20392,57263,0
20393,144071,0
20394,4497,0
20395,9054,0
20396,110370,1
20397,137569,0
20398,774,0
20399,159468,0
20400,17153,0
20401,153283,0
20402,126419,0
20403,33271,0
20404,45847,1
20405,31665,0
20406,108833,0
20407,100089,0
20408,97982,0
20409,95705,0
20410,58929,0
20411,103622,0
20412,131745,0
20413,34612,0
20414,56785,0
20415,46582,0
20416,155816,0
20417,117821,0
20418,79271,0
20419,118138,0
20420,119914,1
20421,89409,1
20422,19364,1
20423,134338,0
20424,130756,0
20425,139314,0
20426,18053,0
20427,131958,0
20428,79337,0
20429,45789,1
20430,55492,1
20431,83350,0
20432,25637,0
20433,55183,1
20434,53083,0
20435,155102,0
20436,134851,0
20437,138132,0
20438,75576,0
20439,118503,0
20440,111109,0
20441,152256,0
20442,13963,0
20443,110688,0
20444,75441,1
20445,95306,1
20446,103903,0
20447,87926,0
20448,81139,0
20449,88874,0
20450,118406,0
20451,22657,0
20452,75520,0
20453,57756,0
20454,104294,0
20455,35751,0
20456,140958,0
20457,55152,0
20458,39589,0
20459,156548,0
20460,4801,0
20461,77318,0
20462,5484,0
20463,63976,0
20464,136705,1
20465,150257,0
20466,50507,0
20467,3362,0
20468,3709,1
20469,8048,0
20470,53367,0
20471,16199,0
20472,65947,0
20473,26278,0
20474,49691,0
20475,114224,0
20476,61105,0
20477,133343,0
20478,139866,0
20479,164738,0
20480,121721,0
20481,4632,0
20482,155253,0
20483,74739,0
20484,15247,0
20485,107723,0
20486,79641,0
20487,92524,0
20488,66480,0
20489,23886,0
20490,105081,0
20491,116038,0
20492,135838,0
20493,47524,0
20494,150904,0
20495,164364,0
20496,53092,0
20497,11792,0
20498,87907,0
20499,36475,0
20500,34442,0
20501,149639,0
20502,73779,0
20503,1908,0
20504,65489,0
20505,142198,0
20506,97980,0
20507,106828,0
20508,36619,0
20509,95313,0
20510,156186,0
20511,49689,0
20512,24318,0
20513,15235,0
20514,151795,0
20515,24761,0
20516,62626,1
20517,130420,0
20518,86176,0
20519,35450,0
20520,152592,0
20521,4855,0
20522,90707,0
20523,83269,0
20524,107642,1
20525,72365,0
20526,80547,1
20527,147238,1
20528,125460,0
20529,133073,0
20530,54228,0
20531,72341,0
20532,74350,0
20533,43920,0
20534,163807,0
20535,82837,0
20536,47607,0
20537,84087,0
20538,160627,0
20539,132221,0
20540,36826,0
20541,157641,1
20542,116932,1
20543,35617,0
20544,94368,0
20545,41795,0
20546,159234,0
20547,6356,0
20548,107331,0
20549,72131,0
20550,152673,0
20551,49197,0
20552,10663,0
20553,99469,0
20554,134829,0
20555,135102,0
20556,42253,0
20557,34185,0
20558,38973,0
20559,153345,0
20560,86976,0
20561,146212,1
20562,157413,0
20563,102269,0
20564,158337,0
20565,117117,0
20566,127743,0
20567,14869,0
20568,126206,0
20569,43751,0
20570,104301,0
20571,147160,0
20572,75533,0
20573,119744,1
20574,137164,0
20575,162912,0
20576,153845,0
20577,22678,0
20578,94769,1
20579,159108,0
20580,164857,0
20581,40957,0
20582,94975,0
20583,113670,0
20584,137148,1
20585,104569,0
20586,88070,0
20587,81117,1
20588,37590,1
20589,144828,0
20590,103444,0
20591,28988,0
20592,150042,0
20593,127774,0
20594,22307,0
20595,115442,0
20596,67560,0
20597,31663,1
20598,34868,0
20599,141498,1
20600,96647,0
20601,156947,0
20602,95342,1
20603,46630,0
20604,146200,0
20605,160421,0
20606,114704,0
20607,19248,1
20608,125277,0
20609,164319,0
20610,132167,0
20611,84758,0
20612,20785,1
20613,104622,0
20614,130273,0
20615,152622,0
20616,20779,0
20617,137375,0
20618,49053,0
20619,80120,0
20620,144125,1
20621,121558,0
20622,151982,0
20623,141783,1
20624,84183,0
20625,62318,1
20626,127134,0
20627,161692,0
20628,132307,0
20629,34626,1
20630,123782,0
20631,54229,0
20632,110928,0
20633,106812,1
20634,51326,1
20635,110908,0
20636,103145,0
20637,110518,0
20638,33176,0
20639,105558,1
20640,18031,1
20641,3863,0
20642,148428,0
20643,51094,0
20644,34223,0
20645,10448,0
20646,60756,0
20647,73054,0
20648,141586,1
20649,71831,0
20650,142890,0
20651,53292,0
20652,100050,0
20653,11499,0
20654,62908,0
20655,3668,0
20656,80657,0
20657,162050,0
20658,143813,0
20659,55414,0
20660,21587,1
20661,120558,0
20662,42264,0
20663,85337,1
20664,158912,0
20665,10487,1
20666,140077,0
20667,90508,0
20668,9433,0
20669,63284,0
20670,63144,0
20671,84362,0
20672,112398,1
20673,156255,0
20674,138729,0
20675,37872,1
20676,28999,0
20677,72194,0
20678,89284,0
20679,57680,0
20680,97060,0
20681,77052,0
20682,51249,0
20683,48550,0
20684,113481,0
20685,111177,0
20686,71599,0
20687,127830,1
20688,82787,1
20689,51889,0
20690,144792,1
20691,126969,0
20692,135649,0
20693,106695,0
20694,108616,0
20695,160566,0
20696,13805,0
20697,148388,0
20698,72086,0
20699,113213,0
20700,10462,1
20701,150627,0
20702,132207,0
20703,160612,1
20704,131759,1
20705,125213,0
20706,77777,0
20707,152229,0
20708,109927,0
20709,97648,0
20710,114791,0
20711,130656,0
20712,33568,1
20713,124643,0
20714,138217,0
20715,70285,0
20716,22609,0
20717,130378,0
20718,79409,0
20719,107241,1
20720,72902,0
20721,79367,0
20722,53166,1
20723,127172,0
20724,39516,0
20725,125571,1
20726,46180,0
20727,50373,0
20728,87300,1
20729,71992,0
20730,3238,0
20731,82007,0
20732,122824,0
20733,119576,0
20734,146303,0
20735,33442,1
20736,143835,0
20737,43724,0
20738,7291,0
20739,2480,0
20740,34511,0
20741,148763,0
20742,153362,0
20743,42579,1
20744,83826,0
20745,123246,0
20746,127599,0
20747,25761,0
20748,4292,0
20749,151185,0
20750,2871,0
20751,4551,0
20752,33947,0
20753,24892,0
20754,118300,0
20755,93163,0
20756,127441,0
20757,40829,0
20758,4559,0
20759,50838,0
20760,130052,0
20761,30227,0
20762,110342,0
20763,58995,0
20764,60321,0
20765,91089,0
20766,58818,0
20767,21823,0
20768,136137,0
20769,26854,0
20770,121272,1
20771,43448,1
20772,157986,0
20773,111609,1
20774,144180,0
20775,139744,1
20776,39018,0
20777,157899,0
20778,55259,0
20779,163454,0
20780,160228,0
20781,31752,0
20782,12803,0
20783,148781,0
20784,130785,0
20785,79473,0
20786,12278,0
20787,75458,0
20788,119566,0
20789,20607,0
20790,17506,0
20791,8888,0
20792,128557,0
20793,131544,0
20794,44645,1
20795,118524,0
20796,141692,0
20797,80790,0
20798,60282,1
20799,149148,0
20800,38171,1
20801,68503,0
20802,159786,0
20803,144855,0
20804,90934,0
20805,30103,1
20806,99821,0
20807,62865,0
20808,69709,0
20809,7955,0
20810,61242,0
20811,79006,1
20812,148234,0
20813,60766,1
20814,155071,0
20815,46149,0
20816,18725,0
20817,72518,0
20818,132559,1
20819,95253,0
20820,86623,0
20821,159858,0
20822,45659,0
20823,130757,1
20824,53708,0
20825,132619,1
20826,74683,0
20827,96379,0
20828,5071,0
20829,43246,0
20830,23489,0
20831,56668,0
20832,86613,0
20833,137110,0
20834,59381,0
20835,11882,0
20836,99225,0
20837,121918,0
20838,40431,0
20839,113741,0
20840,148610,0
20841,16213,0
20842,86234,0
20843,123170,0
20844,141932,1
20845,120861,0
20846,98764,0
20847,34413,0
20848,21891,0
20849,34085,0
20850,7108,0
20851,39500,0
20852,105502,0
20853,59731,0
20854,12528,0
20855,114254,0
20856,163145,0
20857,119984,1
20858,63879,0
20859,20949,0
20860,76993,0
20861,583,1
20862,106937,0
20863,71072,0
20864,40282,0
20865,136583,0
20866,133551,0
20867,56287,1
20868,32572,1
20869,135887,0
20870,37077,0
20871,101676,0
20872,161633,0
20873,30962,0
20874,66399,0
20875,133378,0
20876,155345,1
20877,31844,0
20878,145327,0
20879,78354,0
20880,156107,1
20881,134184,0
20882,157658,0
20883,147924,0
20884,26052,1
20885,60728,0
20886,34347,0
20887,80634,0
20888,44827,0
20889,65793,0
20890,94991,0
20891,158818,0
20892,92521,0
20893,79460,0
20894,77677,0
20895,158405,0
20896,11955,0
20897,156199,0
20898,15061,0
20899,92536,0
20900,52948,1
20901,133136,0
20902,62760,0
20903,761,1
20904,86581,0
20905,124683,0
20906,107810,0
20907,115203,0
20908,135548,0
20909,122730,0
20910,164292,0
20911,66197,0
20912,74757,0
20913,10166,0
20914,135081,0
20915,116951,0
20916,126251,0
20917,152957,0
20918,33837,0
20919,74198,0
20920,13030,0
20921,151866,0
20922,131405,0
20923,137829,0
20924,59502,0
20925,82361,0
20926,18438,0
20927,59073,0
20928,119630,0
20929,6469,0
20930,111025,0
20931,101352,0
20932,46821,0
20933,39914,1
20934,13067,1
20935,60463,0
20936,138633,0
20937,32360,0
20938,75991,0
20939,50078,0
20940,96137,0
20941,27579,1
20942,33542,0
20943,78894,0
20944,41106,0
20945,51832,1
20946,103443,0
20947,94381,0
20948,102488,0
20949,26467,0
20950,41433,0
20951,90160,0
20952,111755,0
20953,151611,0
20954,71350,1
20955,120799,0
20956,76728,0
20957,139570,0
20958,137656,1
20959,21816,0
20960,147808,0
20961,74427,1
20962,31786,1
20963,119716,0
20964,102425,0
20965,94865,1
20966,2948,0
20967,101039,0
20968,63804,1
20969,157728,0
20970,91850,0
20971,18696,1
20972,74478,0
20973,110556,1
20974,140461,0
20975,101641,0
20976,3596,0
20977,134859,0
20978,143196,0
20979,136141,0
20980,29908,0
20981,31969,0
20982,129257,0
20983,164572,0
20984,77898,1
20985,57041,0
20986,91536,1
20987,22617,0
20988,32789,0
20989,132488,0
20990,135319,0
20991,41019,0
20992,77389,0
20993,154299,0
20994,142695,0
20995,86799,0
20996,96535,0
20997,74479,0
20998,84465,0
20999,105184,0
21000,162461,0
21001,51076,0
21002,44646,0
21003,21042,0
21004,123857,0
21005,138627,1
21006,96067,0
21007,90360,0
21008,102851,0
21009,368,0
21010,129177,0
21011,148953,1
21012,21440,0
21013,102157,0
21014,150902,0
21015,30276,0
21016,92946,0
21017,129834,0
21018,50886,0
21019,102152,0
21020,154706,0
21021,140210,0
21022,46319,1
21023,61752,0
21024,27239,0
21025,16430,0
21026,152892,0
21027,34002,0
21028,53464,0
21029,5056,1
21030,10132,0
21031,61650,0
21032,148389,1
21033,139567,0
21034,155173,0
21035,39336,0
21036,131856,0
21037,92599,0
21038,141766,0
21039,85745,0
21040,36210,0
21041,96107,0
21042,52820,0
21043,115971,1
21044,5513,0
21045,95453,0
21046,126987,0
21047,46979,0
21048,117509,1
21049,45643,0
21050,65928,0
21051,111751,0
21052,108967,0
21053,375,0
21054,102492,0
21055,8713,1
21056,71172,1
21057,33703,0
21058,73798,0
21059,87036,0
21060,48225,0
21061,59823,1
21062,158118,0
21063,135304,0
21064,22418,0
21065,36685,0
21066,104255,0
21067,70006,0
21068,127955,0
21069,68200,0
21070,125420,0
21071,95933,0
21072,146522,1
21073,4231,0
21074,115325,0
21075,107970,0
21076,32969,0
21077,63017,0
21078,8886,0
21079,121369,1
21080,62736,0
21081,103167,0
21082,80508,0
21083,116698,0
21084,107690,0
21085,153040,0
21086,55773,1
21087,159162,0
21088,45786,0
21089,121863,1
21090,125611,0
21091,79750,0
21092,120489,0
21093,83115,1
21094,25693,0
21095,76157,1
21096,104924,0
21097,99854,0
21098,118114,0
21099,157772,0
21100,59081,0
21101,67159,0
21102,1609,0
21103,91305,0
21104,163106,0
21105,27945,0
21106,60371,0
21107,44228,0
21108,89253,0
21109,85095,0
21110,160348,0
21111,96897,0
21112,159004,1
21113,137895,0
21114,72180,0
21115,13577,0
21116,127506,0
21117,116797,0
21118,32247,0
21119,77747,0
21120,141477,0
21121,54828,1
21122,73078,0
21123,71196,0
21124,112642,0
21125,132983,0
21126,46194,0
21127,58485,0
21128,143709,0
21129,156886,0
21130,6671,0
21131,164852,0
21132,82995,0
21133,3399,0
21134,117330,0
21135,145202,0
21136,52956,0
21137,41333,1
21138,86284,0
21139,92264,0
21140,148178,0
21141,84992,0
21142,149399,0
21143,145694,0
21144,119333,0
21145,137826,0
21146,153706,0
21147,35957,0
21148,144379,0
21149,18309,0
21150,60007,0
21151,62788,0
21152,67418,0
21153,84432,0
21154,88377,0
21155,138799,0
21156,57730,1
21157,66021,0
21158,127449,0
21159,146108,0
21160,34818,1
21161,68372,0
21162,88197,0
21163,100384,0
21164,164125,0
21165,148907,0
21166,3205,0
21167,56665,1
21168,121347,0
21169,114113,0
21170,132029,0
21171,43062,0
21172,15912,1
21173,42234,0
21174,50621,0
21175,121042,0
21176,39171,0
21177,33373,0
21178,56033,0
21179,165003,1
21180,36069,0
21181,59316,0
21182,161976,0
21183,162900,0
21184,76130,0
21185,4200,0
21186,108908,0
21187,20001,0
21188,156296,0
21189,95729,1
21190,96113,0
21191,55735,0
21192,132324,0
21193,2279,0
21194,68818,0
21195,107655,1
21196,50607,0
21197,46697,0
21198,106339,0
21199,10253,0
21200,32048,0
21201,14669,0
21202,50153,1
21203,35574,0
21204,20885,0
21205,94830,0
21206,155435,0
21207,99746,1
21208,42268,1
21209,87481,1
21210,152509,1
21211,51064,0
21212,145211,0
21213,152832,0
21214,148880,1
21215,152539,0
21216,147007,0
21217,105066,0
21218,33029,0
21219,21016,0
21220,79687,0
21221,161113,1
21222,69764,0
21223,95139,0
21224,62965,0
21225,65753,0
21226,138374,0
21227,157745,0
21228,42247,0
21229,155653,1
21230,30062,0
21231,23819,0
21232,90619,1
21233,101107,0
21234,150335,0
21235,135684,0
21236,102782,0
21237,78141,0
21238,110295,0
21239,105814,0
21240,152153,1
21241,159817,0
21242,22804,1
21243,99686,0
21244,67766,0
21245,97858,0
21246,45090,0
21247,47809,0
21248,51516,0
21249,93941,0
21250,45930,1
21251,81656,0
21252,65105,1
21253,75334,1
21254,145115,1
21255,132979,1
21256,150782,1
21257,98709,0
21258,27391,0
21259,87800,0
21260,163767,0
21261,145397,0
21262,28190,0
21263,82360,1
21264,128730,0
21265,47917,0
21266,35556,0
21267,132418,0
21268,125937,1
21269,12492,0
21270,34287,0
21271,146528,0
21272,10544,0
21273,152420,0
21274,55758,0
21275,144816,0
21276,37521,0
21277,68743,1
21278,130628,0
21279,61705,0
21280,123684,0
21281,21656,0
21282,142941,0
21283,163235,0
21284,132070,1
21285,8013,0
21286,15105,1
21287,117704,0
21288,49844,0
21289,66797,0
21290,77331,0
21291,67590,0
21292,26234,0
21293,21601,1
21294,62001,1
21295,143351,0
21296,65032,0
21297,6047,1
21298,56754,0
21299,67365,0
21300,41208,0
21301,24133,0
21302,38176,0
21303,6973,0
21304,8476,0
21305,46266,0
21306,25719,0
21307,142092,0
21308,79794,0
21309,112105,0
21310,129671,0
21311,70459,0
21312,87716,0
21313,23998,1
21314,27696,0
21315,130096,1
21316,77300,0
21317,133794,1
21318,12981,1
21319,148400,0
21320,10280,0
21321,155310,0
21322,6436,0
21323,21508,0
21324,67018,0
21325,147707,0
21326,145007,0
21327,163100,0
21328,90975,1
21329,111681,0
21330,45574,0
21331,24050,0
21332,101625,0
21333,81418,0
21334,132236,0
21335,56856,0
21336,133332,0
21337,50858,0
21338,67049,1
21339,84835,0
21340,147182,0
21341,24353,0
21342,122256,0
21343,107434,0
21344,51765,0
21345,48299,0
21346,106002,1
21347,164141,0
21348,59894,0
21349,30928,0
21350,12369,0
21351,72639,0
21352,548,0
21353,79026,0
21354,2283,0
21355,132711,0
21356,21890,0
21357,134226,1
21358,40266,0
21359,136267,0
21360,54955,1
21361,25651,0
21362,96530,0
21363,72870,0
21364,154459,0
21365,10769,0
21366,5360,0
21367,28652,0
21368,7545,0
21369,68972,0
21370,136860,0
21371,25826,1
21372,128670,0
21373,30272,0
21374,112880,0
21375,110204,0
21376,104335,0
21377,32252,0
21378,68783,0
21379,12797,0
21380,57116,1
21381,50758,1
21382,118469,0
21383,75820,0
21384,107076,0
21385,123661,0
21386,51900,0
21387,82865,0
21388,47718,0
21389,148460,1
21390,143606,0
21391,18804,0
21392,16716,0
21393,160719,0
21394,78861,0
21395,151581,0
21396,73581,0
21397,50940,0
21398,62181,0
21399,75212,0
21400,15320,0
21401,74557,1
21402,79441,1
21403,35470,0
21404,147498,0
21405,148646,0
21406,28517,0
21407,128901,0
21408,79729,0
21409,126190,0
21410,148448,0
21411,11129,1
21412,9135,0
21413,98366,0
21414,33355,0
21415,50958,0
21416,8796,0
21417,144395,0
21418,38810,1
21419,95324,0
21420,4101,1
21421,135750,0
21422,96314,0
21423,29616,0
21424,43445,0
21425,50135,0
21426,22569,0
21427,72021,0
21428,142874,1
21429,132403,0
21430,150178,0
21431,134873,0
21432,147616,0
21433,160182,1
21434,105653,0
21435,93932,0
21436,40791,0
21437,24822,0
21438,129887,0
21439,30695,1
21440,91019,0
21441,32067,0
21442,19024,0
21443,39479,0
21444,112454,0
21445,76111,0
21446,35915,0
21447,101365,0
21448,65337,1
21449,164097,0
21450,24790,0
21451,152608,1
21452,28134,0
21453,123871,1
21454,98510,0
