ID,Exited
67897,0
163075,0
134760,1
68707,0
3428,0
107265,1
158447,0
80740,1
125044,1
154966,1
88530,0
82482,1
131199,0
136040,1
159031,0
88904,0
66309,1
153955,0
635,1
95754,1
30315,0
124220,0
88710,1
91751,0
119113,0
114700,1
22908,0
122081,0
112365,0
98914,0
53089,0
146614,0
158077,1
123517,0
26383,1
160662,0
46264,0
114489,0
42975,1
87309,0
24431,0
144695,0
97950,0
7267,0
139305,1
152389,1
110656,0
154699,1
119675,1
25308,1
126565,0
27561,1
101097,0
70772,1
60268,0
26162,0
131648,1
145414,0
121373,0
163467,1
131501,0
79734,0
80754,0
129444,0
105417,1
71745,0
147191,0
94375,0
35546,0
19833,1
48345,0
32702,0
125244,0
102868,1
136255,1
87709,0
24767,0
164701,0
97753,0
121297,0
100692,0
46691,1
42079,0
57603,0
89670,1
102008,1
18833,1
27538,0
128984,0
152227,1
65877,0
44598,1
148613,0
13086,0
11686,0
108133,1
151372,1
73436,0
106491,0
101564,1
113172,0
136501,0
57071,0
92224,0
121941,0
66216,0
62434,0
91516,0
25568,1
26114,1
83892,1
27364,0
140883,0
25814,0
1528,0
7586,0
88510,0
40925,0
118832,0
53328,0
1686,0
10647,0
44811,1
71910,0
130374,0
25810,0
136562,0
99689,0
88622,0
37242,0
21940,0
65894,0
133830,1
67591,1
63343,1
19068,1
104268,0
148995,0
18099,0
42682,1
60179,0
159038,1
88191,1
72761,1
70005,0
77438,0
80622,0
112032,0
120923,0
105060,0
97510,1
105125,0
116656,0
57091,0
113127,0
10653,0
138428,0
122732,1
8814,1
23630,0
132131,1
105067,0
35998,0
58381,1
80352,1
104163,1
106424,0
59716,1
123428,0
142117,0
125132,0
58937,0
86958,0
63236,0
88022,1
14675,1
7408,0
37469,0
84303,0
74315,0
133651,0
14456,0
80336,0
120573,0
82939,0
103938,0
124473,0
74827,0
9585,1
122860,0
18828,0
48725,0
115246,0
36925,0
115867,1
112920,0
69344,0
101285,0
92542,0
154249,1
116960,1
82810,0
58334,0
152632,0
3614,0
151529,0
79179,1
113337,0
76416,0
105975,1
86313,0
84354,0
3265,0
134317,0
108214,1
43660,1
151525,0
105312,1
54483,1
143627,1
34398,1
127308,0
29593,0
10626,1
51313,0
5627,0
49,0
109730,0
109499,1
67497,0
64845,0
27033,1
150880,0
78646,0
134053,0
16009,0
130062,0
99382,1
95198,0
82245,0
163341,0
138797,0
43875,0
60657,0
121488,0
25644,0
53653,0
40092,0
25538,0
127596,1
152936,1
38589,1
117380,0
6672,1
99818,0
48113,0
143443,1
103240,0
96382,0
61580,0
162176,0
20946,1
29079,1
109998,0
102611,0
40828,1
63141,0
20224,0
35557,1
59598,0
4771,1
33910,1
34614,1
56867,1
107387,0
83354,1
77481,1
60159,0
127821,0
67739,0
26513,0
6955,0
22133,0
34479,0
133087,1
18612,0
134475,0
21866,1
73710,0
29365,1
34142,1
94203,1
32003,0
114205,0
126351,0
102768,1
126412,0
134330,1
64808,0
85747,0
115964,0
154491,0
62649,1
55047,0
42505,1
57992,1
106001,0
18773,0
88647,0
39584,0
116608,0
11808,0
104562,1
151400,0
162880,0
103645,0
64837,0
345,0
138839,0
162750,0
104161,0
37411,1
127866,0
122267,1
6627,0
135922,0
22312,0
117295,0
21511,0
99732,0
57432,0
96926,0
102096,1
54313,0
124929,0
77965,0
157675,0
7581,0
147721,0
31782,0
149168,0
7528,0
80374,1
116546,0
110146,0
157672,1
21390,0
25537,1
138928,1
162981,1
38974,0
116523,1
42097,0
51442,0
85795,0
38901,1
52247,0
119701,0
50592,1
55747,0
156770,0
112757,0
105106,1
153964,0
94664,0
44656,0
153355,0
95994,0
77404,0
35152,0
12948,0
123798,0
114760,1
38867,0
77765,0
90700,0
53635,0
138762,1
148708,1
11591,0
157308,1
32162,1
97445,0
75919,0
3170,0
13234,0
142889,0
164489,0
95625,0
86466,0
18664,0
39155,0
139293,0
152012,0
151094,0
84586,0
5413,1
129836,0
135284,1
82447,1
50104,0
48560,0
71621,1
72467,1
5384,0
35525,0
155401,0
25540,0
57316,0
118270,0
72672,1
120169,0
41308,0
3118,0
20059,1
66203,1
76917,0
116747,0
30630,0
79630,0
98550,0
96652,0
107906,0
59728,0
75373,0
42422,0
52844,1
7380,1
113576,0
140950,0
116277,0
133453,0
70535,0
163327,0
39311,0
33072,0
72345,1
105202,1
141237,0
68728,0
139619,0
146470,0
70565,0
116058,0
47271,0
66069,0
108052,0
4359,0
25720,1
108313,0
36856,0
1567,0
105942,0
117869,1
103880,1
57498,0
78300,0
123652,0
66224,1
23259,0
71983,0
106508,0
33627,0
101052,0
593,0
7757,0
156035,0
144819,1
100746,1
146648,0
38809,1
24980,0
44757,1
102872,1
62616,0
46784,0
11073,0
91816,0
115844,0
1796,0
31807,0
90030,0
95310,0
38422,0
96890,0
26439,0
146924,0
72981,1
25473,0
9995,0
149920,0
156316,1
93255,0
99709,0
34012,0
125190,1
19292,0
7966,0
46855,0
11693,0
46223,0
92505,1
148843,0
96795,0
138177,0
73176,0
84190,0
29548,0
129057,1
160310,1
152200,0
129670,1
49205,0
137603,0
66785,1
68663,0
163815,1
47168,1
109865,1
155143,0
135272,0
70318,0
47012,0
12262,0
127355,0
17,0
16147,0
90871,0
149143,0
116219,1
129295,1
124280,1
3119,0
149932,1
122602,0
45972,0
15218,1
147027,1
20990,1
13360,0
74574,0
78221,0
86457,0
92703,1
105345,1
149439,0
153220,0
59126,0
111909,1
16095,0
84017,0
38929,0
25647,0
155541,1
116096,0
20190,0
78942,0
45426,0
129156,0
102292,0
121570,1
144479,1
11838,1
71159,0
83605,0
38440,0
161996,0
64387,0
79203,1
45557,0
131954,1
30598,0
83000,0
41546,1
110079,1
49195,1
72686,0
131484,1
126617,1
28010,0
97815,0
130625,0
50072,1
35628,1
122117,0
120110,0
85521,0
92630,0
36681,0
102304,0
88321,0
83505,0
11210,0
9333,0
118674,1
126160,0
140083,0
70056,0
61571,1
132161,0
147368,0
16458,1
146889,0
4086,0
40182,0
102469,0
52795,0
42980,0
40997,1
102791,0
89005,1
11242,0
140003,0
56196,0
71844,0
125347,0
56069,0
127822,0
82419,1
74258,0
45245,0
94409,1
105167,0
92053,0
28875,1
111774,0
147267,1
92643,1
111566,1
101192,0
115271,0
63443,0
89507,1
62673,0
108471,0
119250,1
81591,0
153653,1
88345,1
85173,0
157590,0
130338,1
144428,1
154754,0
147816,0
80972,0
7854,0
69926,0
127672,0
134434,0
48142,0
36288,0
135527,0
116335,0
20448,1
137184,0
82487,0
85415,0
63031,0
142275,0
138393,1
151378,1
105739,0
126394,0
104198,1
77913,0
6190,0
21654,0
87867,0
30278,0
123707,0
110038,1
67520,0
139929,0
32035,0
28290,0
160520,0
37898,0
66609,1
145392,0
109914,0
29113,1
141827,0
150935,1
92049,1
60309,0
108819,1
18767,0
26617,0
15780,0
45900,1
144558,1
163355,0
42709,0
30181,1
106842,0
95820,1
99517,0
5968,0
164726,1
45679,0
122146,0
100977,0
104212,1
149161,0
92087,0
140369,0
30800,1
134820,0
119836,0
51255,0
118846,0
11262,1
38266,0
34847,1
98345,0
103592,0
61871,0
57216,0
22161,0
138760,0
29277,1
105386,1
28785,1
14496,0
71903,1
135694,0
130925,0
98874,0
80632,0
8787,0
115846,0
77420,1
89795,0
147148,1
28183,0
148068,0
75894,1
132555,0
25413,0
12401,1
26495,1
42323,0
132622,0
4704,1
51811,0
83369,1
49655,1
159199,1
3736,1
44781,0
59902,0
159850,0
49166,0
53582,1
108218,0
158594,0
69899,0
135903,0
155684,0
135269,0
86970,1
91123,1
155366,0
101435,1
72452,0
76793,0
153645,0
70359,1
95910,0
147263,0
83897,0
100541,0
114053,1
156643,1
86086,0
74937,0
104189,0
29007,0
146567,1
10099,1
62810,0
111199,0
14692,0
157795,0
87071,0
5254,0
154470,0
71860,0
1960,0
18728,0
17043,1
108027,1
11079,1
128648,0
136264,0
131729,0
111647,0
87233,1
81617,0
13167,0
161910,0
77491,0
75793,0
10717,0
160516,0
50094,0
57181,0
17737,1
27387,0
4258,0
83698,0
38945,0
1394,0
104223,0
132078,1
56782,0
160743,0
43977,0
152811,0
23779,0
43403,0
10869,0
29308,0
137599,0
71963,0
46878,1
120029,0
154460,1
120905,1
48179,1
109643,1
43314,0
61518,0
57142,0
79804,0
9648,0
164354,1
136965,0
93371,1
90746,0
46980,0
102802,0
149026,0
98337,1
28989,0
97562,0
74508,0
88981,0
150263,1
47907,1
123008,1
151963,0
113024,0
97808,0
59409,1
38837,0
101988,1
150436,0
22653,1
100272,0
34951,0
64004,0
129025,0
81540,1
98111,0
55970,0
14361,0
131703,0
150561,1
163024,0
116643,0
158426,0
99384,0
22798,1
81933,0
23825,0
76247,1
67556,0
81181,0
118972,0
32688,0
127354,0
24593,0
156005,1
145254,0
124139,0
3003,0
122633,0
45222,1
25354,0
106489,1
15938,0
89855,0
16450,0
98635,0
46546,0
40769,1
11898,1
109244,1
102318,0
104014,0
115029,0
44919,0
55667,0
61707,1
87960,0
110898,1
32936,0
49532,1
112899,0
3277,0
39439,0
58498,1
74688,0
159262,0
129478,0
40045,0
141010,0
142393,0
74771,0
153328,1
97153,0
96694,0
80952,0
126026,0
16627,0
117450,1
72647,0
69482,0
93156,1
41954,1
146002,1
46835,0
71492,0
102870,0
128640,1
76322,1
160186,0
1673,0
108815,1
139311,0
79096,0
126456,0
14824,1
77998,0
1944,0
157909,0
72578,0
92482,1
164446,1
17764,0
98424,0
143108,0
94226,0
31445,0
90358,0
101850,0
120492,0
156711,1
27098,0
80526,1
163244,0
11785,0
68469,0
26646,0
99401,0
44696,0
128865,0
153105,0
91994,1
114531,0
100418,1
62926,0
23327,0
19247,0
106270,0
26068,0
68652,1
20235,1
111075,0
161782,0
83866,0
102690,0
16950,0
74704,1
163749,0
126082,0
91160,0
125479,1
110745,0
54186,0
8602,1
33663,1
100940,0
86738,0
127729,1
113839,1
23200,0
118996,0
49966,1
133443,1
18096,0
129046,0
140261,1
107365,1
44135,0
36603,0
100291,1
22372,0
101633,1
120181,0
129325,0
123083,1
26616,1
155724,0
117274,0
29281,0
88640,0
83097,0
74779,1
100792,0
158034,1
22017,0
64251,1
84877,0
24488,0
33348,0
31318,0
77556,0
115718,1
28303,0
59972,1
156488,0
144346,0
114579,0
97020,0
93653,0
131881,0
108424,1
45967,0
97392,1
3546,0
124714,0
49273,0
135944,0
35198,0
126507,1
64435,1
155944,1
150877,0
48206,0
46705,0
160151,0
163608,0
32459,0
65027,0
63581,0
141089,1
109756,0
112955,1
71601,1
145081,0
140105,0
99695,0
45567,0
116066,0
159539,0
161936,0
110843,1
43666,0
52488,0
43061,0
94794,1
36484,1
83231,1
39075,0
84420,0
36632,0
28854,0
59978,0
164349,0
107948,0
134573,0
154118,0
142070,1
124951,0
45133,0
24285,0
42796,1
16358,0
28524,0
98181,1
39216,1
139157,0
28173,0
52130,1
16644,0
127877,0
92461,0
155853,0
105288,0
80886,0
56439,0
65265,0
151796,1
52556,0
64035,1
8646,0
7870,0
30571,0
61592,0
141370,0
88797,0
40510,1
87382,1
32648,0
22765,0
114555,1
73075,1
134377,0
39872,0
43049,0
161889,0
162478,0
47442,1
34250,1
47313,0
159274,0
109220,1
22707,0
22968,0
89902,0
73339,0
84950,0
136233,1
140351,1
122855,1
143675,0
23625,0
162984,1
38090,0
33860,1
10447,0
49765,1
134407,0
148682,0
122595,0
141394,0
73308,0
90066,1
127402,0
122172,0
101422,1
100336,0
111077,0
155662,1
154127,1
533,0
41370,0
17561,1
65517,0
24409,1
57726,1
117962,0
23434,1
147253,0
135528,0
67873,1
50685,0
50071,0
82978,1
98482,1
28171,0
43235,0
91837,1
130140,0
87645,0
44743,1
90405,0
135966,1
90727,0
142337,1
8224,0
47636,1
58727,0
58958,0
144377,0
156304,0
59419,0
46066,0
157874,1
20050,1
46002,1
72435,0
76554,0
44558,1
94483,0
15156,1
69882,0
76303,0
142267,0
36096,1
34322,0
35287,0
13647,1
42993,0
21137,0
55367,0
42074,1
107887,0
46949,1
132318,0
137287,0
144382,1
105211,0
142314,1
14000,0
16376,0
47144,1
27763,0
143878,0
144023,0
17290,0
99434,1
106338,0
47562,0
91729,0
76758,0
129133,0
34675,0
136017,1
79787,1
75668,0
36994,1
16135,0
47089,0
37776,0
163626,0
144032,0
51836,1
100457,0
76193,0
34934,0
134400,0
34907,0
128503,0
5876,0
28500,0
92163,0
27919,0
65871,0
128972,1
3004,0
51833,0
35016,0
41223,1
91472,0
1051,0
46426,1
161012,0
144150,0
6712,0
137647,1
95795,0
24313,1
4008,0
37818,0
114033,1
93049,0
113916,1
87196,0
33402,0
61284,0
157289,0
46737,0
160894,0
71107,0
154778,0
97989,0
96460,0
161272,1
144679,0
163074,0
57334,0
113661,1
123264,0
136296,1
32366,0
4238,0
64986,0
69885,0
146452,0
163167,0
159463,1
8063,0
91783,0
112403,0
95900,1
145586,1
143577,0
122389,0
99896,0
27607,0
111176,0
90938,0
44235,0
134258,0
98676,0
130915,0
48211,0
46845,0
61787,0
119414,0
142201,0
24707,0
97554,1
10048,0
116692,0
37238,1
78088,0
66363,1
129034,0
92862,0
130798,1
142924,1
40538,0
43397,1
10012,0
33073,0
72037,0
122337,0
17555,0
52693,0
4266,0
69543,1
77382,0
44864,1
107223,0
56376,1
41888,0
41731,1
7709,0
24755,0
144151,0
117804,1
68049,1
79333,0
131399,0
93456,1
49944,1
6384,1
74017,0
79621,0
98574,0
71358,0
8336,0
63499,0
4643,1
125643,0
75496,1
161042,1
51287,0
134119,1
66359,0
97807,1
63023,0
39367,0
160664,0
84221,1
76926,1
160067,0
83368,0
80478,0
109700,0
159639,0
1499,1
83659,0
111857,0
4022,0
72197,0
15511,1
29743,0
87119,0
146611,0
153274,1
23502,1
158943,1
22202,0
44967,0
55281,1
60197,0
47260,0
9420,0
8171,0
127252,0
113526,0
40481,0
43984,0
10662,0
39634,0
72098,0
65312,0
156623,0
29465,0
14101,0
117261,0
128365,0
67991,0
133354,0
61449,0
151682,0
15833,0
16432,1
31964,0
113051,0
135625,0
120497,0
112313,0
76811,0
57583,0
157347,0
105797,1
119070,0
71709,0
19196,0
51994,0
41991,0
98279,0
39839,0
84299,0
125726,0
107305,0
120935,0
107927,1
124249,0
77941,0
11590,0
94198,0
57943,1
10686,1
147387,0
78883,1
134845,0
56719,0
74629,1
84966,0
127600,1
33558,0
127496,0
155564,0
132276,1
24328,1
71232,0
15425,1
2354,1
44666,1
43970,0
123861,0
1081,0
58521,1
129570,0
125211,1
139516,1
141230,1
76923,1
114090,0
77174,0
10971,0
57332,1
29829,1
25491,0
52321,1
35743,0
158514,1
157755,0
133876,0
2934,0
104303,0
68667,0
94004,0
66190,1
53221,0
51964,0
115338,1
29381,0
110115,0
61486,0
140493,0
139661,0
118438,1
150903,1
4222,1
117621,0
141499,0
29900,0
88766,1
27293,1
105407,1
98481,0
24519,1
133014,0
77680,0
142864,1
64166,0
144431,0
110575,0
12025,0
89915,1
66341,0
43270,0
74674,1
30162,0
6020,0
119119,1
34807,0
138823,0
156486,1
58532,0
13372,0
39628,0
38570,0
44587,1
48340,0
75670,0
18145,1
97050,0
33435,0
88602,1
1001,0
37941,1
23858,1
148865,0
145333,0
63201,0
55850,0
126099,0
94027,1
8877,1
9171,0
36,0
2033,1
157192,1
146301,0
104517,0
138257,0
87700,0
134007,1
63338,0
124851,1
16535,1
84381,0
56718,1
85725,1
44676,0
61918,0
56681,0
66676,0
142697,1
126536,0
11803,0
162939,0
85031,1
73687,1
57102,1
16337,1
163041,0
80782,0
39683,0
9035,0
105103,0
38721,0
139711,0
58565,0
14092,0
101505,0
110263,1
18907,0
162535,0
46105,0
96034,0
57357,0
7197,0
44326,0
5616,1
143892,0
63234,1
16737,0
141833,0
20019,1
17766,0
123399,1
162666,0
49842,0
73961,1
128476,0
140471,1
93926,0
30805,0
89684,0
9520,1
66746,1
157652,0
24034,0
104277,0
137259,0
7741,0
106621,0
102704,0
144926,0
68310,0
120805,0
36512,0
41443,1
16326,1
89476,1
79554,0
51320,1
25254,0
131761,1
76968,0
102680,0
60110,0
34245,1
75865,1
45731,0
1104,0
102014,0
150549,0
43604,0
89742,0
75281,0
131689,1
6233,1
132204,0
67394,0
25239,1
152099,1
80216,0
120657,0
151413,0
153638,0
100411,0
110089,0
69193,1
78195,0
21369,0
25133,0
56582,0
80867,0
125887,0
90184,0
30937,1
163540,0
64495,0
11160,0
128483,0
58057,0
111209,0
163450,0
121459,1
126482,0
146669,0
128058,0
75616,0
121210,0
8403,1
75010,0
27956,0
77175,1
148018,0
48583,0
60727,1
51027,0
107350,1
10815,1
95038,1
71469,1
30333,0
42106,0
93906,0
45351,1
111733,0
71558,0
112827,0
14581,0
160952,0
59538,0
15411,0
1413,0
75565,0
155386,1
160866,0
154660,1
94499,0
148378,1
79495,0
44976,1
135115,1
146764,1
60826,0
53541,1
25132,0
123553,0
60420,0
128031,0
137406,0
146933,0
60661,0
49692,0
25707,1
139308,0
149995,0
55031,0
104390,0
77708,0
151798,0
64969,1
34433,0
154500,0
47829,0
86419,1
86690,0
8868,0
35460,0
59124,0
119973,0
133221,0
145828,1
37435,0
163728,0
137727,1
160779,1
9503,0
77160,1
135834,0
45832,0
112982,0
122069,0
8241,0
37915,0
77371,1
71440,0
135889,1
137482,0
80127,1
65292,0
19238,0
92579,0
135164,0
57372,1
119271,1
17767,0
148826,1
31621,1
7958,1
91334,0
132174,0
131380,0
7991,0
48821,0
99186,0
152913,0
144857,0
26545,0
78866,1
52377,0
87269,0
84643,1
80564,0
111608,1
157838,0
33820,0
5307,0
33391,0
28367,0
71717,0
162798,0
127511,0
13354,0
73325,0
117334,0
77262,0
47687,0
16759,1
116730,0
27766,0
32358,1
78730,0
116679,0
72825,0
28029,0
111383,0
34339,0
29328,0
17874,0
100855,1
148041,1
142296,0
64921,0
3979,1
54146,1
23522,0
122676,0
73309,0
153806,1
50005,0
143,0
149517,0
49155,0
72380,0
6801,1
154715,0
74380,0
110894,1
80274,0
135789,0
43308,0
61858,0
128310,0
91502,0
14835,0
135103,0
138424,1
101701,0
125801,0
5578,0
106178,0
137463,0
74734,1
26958,1
105075,0
124547,0
10813,1
38791,1
93510,0
105697,1
104981,0
38333,0
21956,0
66570,1
103420,1
87278,0
111135,0
60880,0
124300,0
7938,1
108290,0
27650,0
35155,0
114766,1
3907,0
151962,1
144371,1
48386,0
134913,0
118724,0
50894,1
31368,0
158116,0
190,0
104726,0
67993,1
14851,0
100207,0
93704,1
139017,1
60649,0
71753,0
12333,1
143640,1
49746,0
23032,0
51124,1
19301,1
60327,0
57307,0
46080,0
131261,0
110056,0
133534,0
12040,0
40254,0
16125,0
148380,0
67814,1
136133,0
142587,0
80310,0
59694,0
121206,0
122487,0
9954,0
100160,0
100487,0
155571,0
14019,0
70807,0
29607,0
93387,0
81136,0
5510,0
125790,0
69292,1
8717,0
164498,1
128170,0
81904,1
160398,0
89638,0
126634,0
18676,0
110381,0
54214,0
11711,1
68120,0
92331,0
120964,0
18444,1
75885,0
55128,0
43273,0
14599,0
46605,1
30887,0
92709,1
133034,0
109298,0
153091,0
21729,0
118531,0
156404,1
158638,0
103083,0
141272,0
13089,0
32250,0
77942,0
55285,1
121720,1
91313,0
94417,0
90549,1
79272,1
125694,1
49022,1
142982,0
19387,0
70050,0
56898,0
54521,0
83086,0
112240,1
51395,1
11980,0
134444,0
113810,1
138692,1
135827,1
68732,1
48608,1
46990,0
47572,1
29130,0
95962,1
66234,0
88842,0
105941,1
130097,1
130682,0
80676,0
26593,0
155581,1
107446,0
19048,0
60297,0
29514,1
160225,0
163406,0
42982,0
76867,0
140038,0
2350,0
65943,0
43005,1
12976,0
91745,1
164269,1
36665,0
35465,0
116903,0
29608,0
104571,0
2441,0
120225,1
8486,0
84152,0
103499,0
28205,0
98731,0
43009,0
126122,1
10224,1
57025,1
2112,0
113322,0
119873,0
40410,0
16263,0
7500,0
62564,1
64460,0
28324,0
158082,0
51243,0
102833,0
117888,1
131952,0
8316,1
134169,1
41980,1
36282,1
83953,0
33445,0
134197,0
28107,1
105912,0
154901,0
140721,0
85572,0
112282,0
31949,0
44643,0
21043,0
65384,0
143535,0
118580,1
33256,0
163427,0
160673,0
21907,0
59896,0
23401,0
44277,0
33763,0
112670,1
83444,0
125272,1
66089,0
144800,1
145466,0
2724,0
33113,0
155988,0
55543,0
145138,0
19644,1
74059,0
152877,0
160945,0
147003,0
130933,0
152615,0
35765,1
95015,0
21534,0
5187,0
75217,1
83021,0
4227,1
36898,1
113699,1
16877,1
151832,0
125342,0
16583,0
68752,0
5258,0
88235,1
74878,0
139493,1
127466,0
157777,0
1166,0
98725,0
40890,0
53898,0
13444,1
65644,0
59730,0
75150,1
115637,0
100259,0
47233,0
120172,1
95363,1
119945,1
106413,0
31054,0
64685,0
19998,0
14750,0
72896,1
71591,1
146683,1
85021,0
54888,0
41405,0
144124,0
105887,0
113156,1
57790,0
58087,0
94022,0
33742,0
135073,0
139392,0
7556,0
130748,1
126297,1
119199,1
3985,1
48870,0
93353,0
88238,0
151328,0
105402,0
69943,1
90353,1
69600,0
44455,0
50448,1
53927,0
156541,1
25047,0
155852,0
85749,1
162384,0
88335,0
4067,0
76780,0
41732,0
132690,0
85435,0
7648,0
76081,0
104531,1
37672,0
31398,0
73632,1
62690,1
109272,1
151531,1
7059,0
31890,0
10007,0
27294,0
33239,1
130828,1
100795,1
70966,0
149383,0
76402,0
99476,0
95397,0
150957,0
74163,1
161334,0
117755,0
64640,1
21949,0
101132,0
152417,0
74062,0
79706,0
114839,1
11932,0
107905,0
157851,0
17365,0
85038,0
78698,1
79896,0
116176,0
104444,1
103950,0
36304,1
841,1
22089,0
140365,0
140255,0
9237,1
121207,0
127813,0
56644,1
109861,1
97496,0
22950,1
117916,1
12755,0
13976,0
107106,0
94683,0
94707,0
91464,0
119335,0
119610,0
77982,0
37451,0
4447,0
47040,0
126493,0
63080,0
96417,0
127430,0
62520,0
147008,1
22751,0
138237,0
134045,0
32503,1
18816,0
43603,0
88204,1
120783,0
59062,0
90085,0
150393,0
48390,0
139550,0
164678,0
155375,0
19861,1
4271,1
93227,0
85567,1
27253,0
93480,0
60018,0
105812,0
32750,0
60152,1
133341,0
11487,0
153536,0
51083,0
39552,1
76387,0
120937,0
25545,0
6863,0
161747,1
130670,0
142639,0
4521,1
80314,0
156714,1
122228,0
79201,0
138804,1
158001,0
120881,1
69498,0
69018,1
148474,0
13834,1
11202,0
114741,0
101456,0
106914,0
96970,1
52691,1
83831,0
46917,1
64663,0
92786,1
126656,0
76982,0
60359,1
60278,0
3294,0
62201,0
164248,0
3726,1
3490,1
3798,0
148067,0
12141,0
69783,0
64603,0
138302,0
14053,0
56255,1
23856,1
42121,0
35802,0
154158,0
131673,1
142068,0
78176,1
140480,1
157158,0
86689,0
39519,0
97844,1
59108,0
120708,1
2491,1
35454,1
16750,0
36622,0
4921,1
96483,0
50570,0
51564,0
52515,0
160166,0
62879,1
132954,0
79808,0
95824,1
33003,0
98508,0
36298,0
97144,0
101960,1
157036,0
58226,0
123837,1
157594,1
29343,0
116509,0
89008,0
67090,0
55398,0
63146,0
96265,0
158022,0
163758,0
57258,0
37656,0
80627,0
147650,0
10372,1
144044,1
98043,0
13503,0
29562,0
67492,0
138571,1
51034,0
43498,1
154408,0
154948,0
1894,1
94772,0
73633,1
89240,0
11504,1
125680,1
15477,0
75874,1
95252,0
119846,1
29115,0
23824,0
32651,0
46031,0
156037,0
133745,0
157664,0
89354,1
35528,0
131389,0
160597,1
76927,0
112729,0
44570,0
77162,0
136553,1
144592,0
150391,0
76040,1
73869,0
98545,0
139281,0
158797,0
17999,0
142614,0
440,1
41718,1
46994,0
69310,0
129401,0
78397,0
13227,0
51072,1
11603,1
104644,0
102330,0
74270,1
64040,1
9913,0
96790,0
30171,0
22016,1
78616,1
48585,1
75500,1
18915,0
12661,0
42878,0
105169,0
27308,0
61399,0
16480,1
109055,0
113105,0
143358,1
118626,1
38455,1
148502,0
80796,0
131878,0
78070,0
23406,1
6188,1
117953,1
158892,0
107128,0
20873,0
11951,0
104993,0
3739,0
80847,1
42031,0
2130,1
32201,0
132456,0
46632,1
105519,0
34317,1
83759,1
125878,0
29512,0
20122,0
32169,0
122260,0
80787,1
83332,0
21017,0
52826,0
156848,1
146492,0
63907,0
46338,0
155544,0
132390,1
35749,0
15923,0
26058,0
97990,0
108445,1
158453,0
1485,0
94646,0
31965,1
52395,1
72371,0
54946,0
155695,1
45132,1
141792,0
63359,0
96822,0
154029,0
2561,0
84333,0
77115,1
44782,0
57641,0
75382,0
122206,1
149397,0
113492,1
77445,0
20621,0
4306,0
68351,1
140961,1
37537,0
153299,1
54702,0
148740,0
106286,1
93321,0
13443,1
150080,0
88243,0
116312,1
112923,0
44601,0
83768,0
59750,0
120851,1
35668,1
34152,0
45154,1
12672,0
57437,0
105729,0
150523,1
128374,1
40279,1
2275,1
91060,0
129460,1
152898,1
113858,1
78041,0
13904,0
44087,0
77170,0
116869,0
32551,0
131589,0
54634,1
4376,0
8640,0
47618,0
71484,0
86070,1
11706,0
77753,0
47139,0
13917,0
163937,0
49099,1
127974,0
134533,0
149276,1
66246,0
94978,0
60375,1
161434,0
126431,0
87788,0
98346,0
111948,1
32354,0
55617,1
105137,0
112544,0
8225,0
151707,0
68050,0
134765,0
68363,0
107088,0
119823,1
41882,0
62023,0
154900,0
150262,0
84871,0
42127,1
48261,0
105548,1
159025,0
29225,0
140002,0
82661,0
132432,0
31600,0
102816,0
116141,0
56524,0
148298,1
125613,0
82834,0
116174,1
93073,0
35736,1
92512,0
135979,1
72156,0
114525,0
155551,0
86127,0
74767,0
146192,1
123998,0
140007,0
102971,0
1372,0
101151,0
45243,0
20676,1
82198,0
31935,0
2295,1
91025,0
120803,0
49593,0
68239,0
142081,1
98348,1
140345,0
7171,1
74600,1
19954,0
82851,0
149719,0
42469,0
127935,0
75926,0
23114,0
40488,0
39150,1
96039,1
138045,0
13536,0
24057,0
15941,1
47269,0
131350,1
108233,0
60918,0
121418,0
20054,0
78937,0
69152,0
155949,0
15269,1
126254,0
11378,0
100067,1
98254,0
107659,0
102848,1
161912,0
12868,0
106295,0
114314,1
45139,0
163524,0
135440,0
113304,0
1424,0
151824,0
10739,0
48592,0
157145,0
25216,0
141644,0
103655,0
130616,1
104242,1
148544,0
54656,0
69855,0
47589,0
115620,0
141810,1
18046,0
16361,0
126808,0
58413,0
155014,0
154485,1
44063,0
124342,0
55863,0
22179,0
88430,0
118897,0
110862,0
82905,0
21619,1
105730,0
52590,0
150374,1
118911,0
69255,1
129476,0
92800,0
162401,0
145297,0
71123,0
41359,0
48411,0
155060,1
125139,1
129396,0
7659,0
127934,0
20562,0
154865,1
141846,0
124060,1
59964,1
77741,0
4516,0
157603,0
120565,0
110154,0
110066,1
107064,0
129595,1
55948,0
95539,1
28096,1
103721,0
101019,0
132628,0
130065,0
119451,0
109046,0
68699,0
72993,1
54284,0
154645,1
48035,0
84231,0
110366,1
11448,1
36918,0
70040,1
48785,0
55037,0
132511,1
164704,1
102959,0
124307,0
104165,0
127250,1
39116,0
133528,0
85369,1
3125,0
39363,0
138313,1
105578,0
68101,0
140209,1
79873,0
134102,0
69661,1
86330,0
163293,1
59547,0
47788,1
133037,0
34656,1
51620,1
34393,0
30876,0
123694,1
42273,1
130375,0
36743,0
123680,0
74158,1
20470,1
53961,0
62142,1
82480,1
74597,0
129494,0
68443,0
84337,0
66109,0
88411,1
3914,0
90229,0
75862,0
105677,0
86835,1
164493,1
106485,0
47174,0
115240,0
97780,0
162197,1
131306,0
142533,0
48333,1
107680,0
38800,0
44077,0
44412,0
22066,0
15054,0
28618,0
120515,0
29322,1
78118,0
130637,0
111683,0
163984,1
16753,0
37015,1
72144,1
53129,1
119596,0
40816,0
123925,0
66955,0
73271,1
84040,0
116559,0
37020,1
84026,1
32386,0
49237,0
97163,1
51371,1
34664,0
59224,1
83472,0
83280,1
117216,0
36576,0
8348,0
47580,1
26965,0
138512,0
40376,0
139782,1
109121,1
100936,0
14626,0
75463,1
109942,0
82330,0
3560,0
71228,0
52220,0
130024,0
38026,1
129932,0
86087,0
161406,0
67613,1
105112,0
70327,1
107546,0
71876,0
153811,0
10036,0
31363,0
3416,0
109629,0
67652,0
153542,0
110358,0
65188,0
119826,0
19587,0
124043,0
75817,1
144414,0
141673,1
67869,1
140270,0
129543,0
96799,0
117103,0
157840,0
848,0
123965,0
12646,0
161253,0
64532,1
151893,0
158952,0
69886,0
44692,1
157522,1
47505,0
84121,0
55800,1
123085,0
106638,0
47378,1
20647,0
151909,0
156121,0
14550,0
50806,1
139575,1
82778,0
22625,0
32977,0
93381,1
132093,0
157886,0
24861,0
77571,1
126259,1
100281,0
28881,0
141040,0
164910,0
7650,0
81730,1
134412,0
88525,0
101583,1
28237,0
26196,0
58079,0
155251,1
6811,1
44973,0
107529,1
34857,0
136025,1
47717,0
42375,1
36804,0
50919,0
13203,1
80688,0
83489,0
54451,0
10995,0
136521,0
133844,1
88432,0
144133,0
106853,0
45210,1
112151,0
136186,0
68086,0
33624,1
141351,0
113310,0
33093,0
6007,0
159419,0
84022,0
99492,0
61464,0
119502,0
16298,0
103012,0
77061,0
28423,1
37423,1
19653,0
48474,0
115698,0
90657,0
154951,0
77698,0
85112,1
154799,0
118398,1
97473,1
98272,1
119924,0
16542,0
98740,0
164031,0
108759,0
68440,0
9850,0
143239,1
40103,1
99171,0
29357,1
81978,0
27751,1
99817,0
140118,0
131248,0
48449,1
137011,0
63386,0
11076,0
15980,1
57270,1
10317,0
17754,0
12875,0
150034,0
47446,0
100038,0
76851,1
144509,1
86616,1
136915,0
127609,0
59480,0
43138,0
162765,0
153637,0
98807,0
3868,0
48360,1
27611,0
141543,0
68055,0
15098,1
147719,0
49879,1
16952,0
150133,0
145530,0
55124,0
107056,0
125470,0
21416,1
125673,0
123138,0
2293,1
15447,0
78443,0
43740,1
10625,0
138720,0
72707,0
114865,0
164742,0
153583,0
96079,0
64311,1
30582,0
62162,0
4673,0
101226,0
28406,1
102760,1
81450,1
56478,1
98036,0
137353,0
159395,0
125216,0
114519,0
16885,0
136246,1
163529,0
17728,0
152262,0
127647,0
62027,1
57210,0
120262,1
106118,0
148795,0
146238,0
80760,1
120389,1
58210,0
65651,0
163981,0
73447,0
137785,0
30091,1
98143,0
33360,0
47686,0
141865,0
154123,1
137034,1
72268,0
45083,0
124331,0
70636,0
152267,0
131410,0
17722,0
122184,1
90591,0
9983,0
76737,0
94785,1
91152,0
107758,0
157768,0
129618,0
65811,1
51019,0
112762,1
54844,0
19724,0
58003,0
100060,0
144120,0
50785,1
110664,0
128048,0
136149,0
153564,0
101863,0
148657,0
59680,0
164296,0
132494,0
46273,0
104807,0
11939,0
78522,1
95578,0
85705,0
83092,0
97141,0
150997,0
67268,1
35492,0
3499,0
34539,1
143005,1
151946,0
97291,0
58060,0
127370,0
20462,0
63110,0
48710,0
43089,1
134349,1
105405,0
28513,1
91217,0
41655,0
129468,1
113552,1
149631,1
67147,0
129496,0
47169,0
131662,1
74521,0
140479,1
57392,0
163979,1
141682,0
33728,0
60899,0
138310,1
80121,0
30806,0
108842,0
147725,0
104754,1
164938,1
61494,1
112724,0
44165,0
118091,0
87007,0
142546,1
125387,0
75692,1
80511,0
1971,1
118733,0
44042,0
143540,0
66588,1
38996,0
163085,0
52680,0
10063,0
88548,0
12416,1
39310,0
144694,0
122917,0
39220,0
50466,0
45712,1
47568,1
29927,1
127804,0
21399,0
140658,0
96220,0
106276,0
136714,0
20827,0
64799,1
105990,1
57318,0
137646,1
161086,1
77957,1
92945,1
100718,0
26353,0
149194,0
29326,0
120924,1
117873,0
134840,0
163559,0
8071,0
110150,0
129614,1
108219,0
25006,1
4475,1
12152,0
104917,1
59828,0
161048,0
100577,1
142802,0
9545,0
151725,0
26141,0
77867,1
162403,0
9613,0
2870,0
44221,0
25207,1
109957,0
112952,0
22545,0
59014,0
75799,1
60808,0
123521,1
100638,0
107141,0
161138,0
163797,0
46229,1
76218,0
160874,0
7825,0
35873,0
108556,0
58000,1
138475,0
81819,0
12995,0
93015,0
89123,0
4552,0
83662,0
102128,0
28254,0
95883,0
135259,0
77010,0
156650,0
109960,0
43014,0
124190,0
110570,0
106012,1
60071,0
38396,0
16532,1
4355,0
140680,0
79741,0
103153,1
102089,0
132194,1
25753,0
16571,0
59639,1
58675,1
137461,0
39595,0
3358,1
142343,0
13500,0
76475,0
113749,0
77697,0
102124,0
35758,0
129781,1
22395,0
20650,1
133360,0
78957,0
121628,1
56704,0
21978,1
63704,0
12908,0
10862,0
132533,0
45951,0
116699,1
82952,0
17114,0
58594,0
134864,1
23880,0
94702,0
115218,0
164396,0
152285,0
62348,0
112344,0
6607,0
152625,0
18364,0
82437,1
29471,1
126211,1
28650,0
30938,1
80561,0
124258,0
47237,0
77150,1
129740,0
146940,1
24989,1
163838,0
160871,0
39181,0
8936,0
136778,0
46837,0
365,0
81040,0
163357,0
132385,0
76925,0
151251,0
64041,0
45441,1
5320,0
24964,1
50991,0
117856,1
134081,0
55577,1
115574,0
158229,1
21550,0
25344,1
27205,0
95715,1
98544,1
29847,1
44334,0
37686,0
104250,0
37758,1
160342,1
105096,0
80860,0
89114,0
43334,0
116130,0
124440,0
114956,1
96281,1
57993,0
109808,0
52751,0
66851,1
130286,1
7643,0
12947,0
96459,0
135842,0
98759,1
163634,1
52000,0
55255,0
23589,0
53056,0
112518,0
70907,0
53450,0
137421,0
450,1
44034,1
31272,0
161868,1
64800,1
94775,0
142394,0
77966,0
79570,0
150174,0
63489,1
12002,0
137346,0
60305,0
16067,1
145940,0
106006,1
70975,0
89280,1
1297,0
71276,0
89865,1
9432,1
93828,0
24045,0
116650,0
94232,1
46734,1
5381,0
137180,1
77104,0
75392,0
56732,0
152042,0
156576,0
23168,0
16103,1
128380,0
97125,0
98165,0
159213,0
113964,0
116928,0
137939,0
134525,0
22119,0
100427,0
134659,0
73238,0
95993,0
12776,1
40124,1
148938,0
47625,0
78672,1
120370,0
127101,0
25561,0
79799,0
41869,0
143174,0
164511,1
99883,0
80904,0
118817,0
118039,0
55007,0
106116,0
120017,1
25057,0
15244,0
64588,0
146663,1
24854,1
97627,0
108525,1
53992,0
10035,0
95063,0
90433,0
137061,0
142900,0
70353,0
110778,1
48919,0
151242,0
107328,0
5739,0
102774,0
49873,0
96410,0
29255,0
61268,0
57468,1
18122,0
120067,0
51899,0
35951,0
83261,0
94883,1
72525,1
54321,0
108479,0
101046,0
79918,0
162507,0
12694,1
20232,0
32978,0
78991,0
148231,0
114165,0
109883,0
132772,0
103931,0
132700,1
131989,0
163899,0
124128,0
42930,1
163516,0
38695,0
64039,0
59669,0
51522,0
157056,0
93122,0
17235,0
81403,0
46088,1
42194,0
35660,1
63122,0
112864,0
41281,0
21355,1
33887,0
57909,1
116949,1
129575,1
69315,0
7389,0
98118,0
71069,0
160291,0
143716,0
163159,1
13139,0
126735,1
9708,1
125695,0
60464,1
112176,1
107828,1
136816,0
27374,1
132313,0
30998,0
19317,1
75766,1
127421,0
26584,1
25842,0
73120,0
7072,0
91115,1
161898,0
140612,0
153526,0
40071,0
89000,0
139150,0
77954,0
23554,0
134442,1
4234,0
23922,0
90924,0
4095,0
62691,0
126516,0
76039,1
38812,1
33942,0
42800,0
1882,0
152590,1
164567,0
105624,0
76756,1
106248,0
19229,0
147575,0
56635,1
36750,0
104201,0
132841,0
155212,1
84469,1
35168,0
71137,0
6464,0
7891,0
110022,1
159993,1
91694,0
66636,0
29186,0
115414,0
57633,0
140601,1
90188,0
104859,0
74844,0
63514,0
85637,0
32682,0
161298,0
59890,0
48926,1
40819,1
134199,0
2361,1
3885,0
52878,0
115776,0
134808,1
68128,0
81976,0
102658,1
132925,0
92389,1
102719,1
16329,0
138200,0
11356,0
56254,0
94971,0
71858,1
96922,1
24220,0
11836,0
3631,0
23087,0
33480,0
127334,1
149876,0
59923,0
150870,1
16757,1
70123,0
13556,1
49625,0
3785,0
161923,0
71386,0
27049,0
158149,0
62526,0
72783,0
54667,0
41377,1
20602,1
61219,0
112750,0
106932,0
59204,0
98910,0
145433,0
30592,0
808,0
6151,0
75623,1
95488,1
107157,1
102130,1
12078,1
118677,0
100629,0
102384,1
45600,0
135075,0
138477,0
21551,0
33066,1
120552,0
2533,0
118337,0
85650,0
106851,1
72890,0
162924,0
88554,1
41325,0
161300,1
127612,0
92455,1
159695,1
38999,1
113352,1
73152,0
146533,1
132644,1
105192,0
72624,0
138163,1
40714,0
149236,0
60397,0
102978,0
73049,1
122552,0
26758,0
153574,1
120957,0
140152,0
138365,0
26220,1
61981,0
102362,0
1278,1
151194,0
120255,1
75484,1
58798,1
8761,0
138376,0
122766,1
89911,0
64626,1
27409,0
19386,0
84151,0
63893,0
108725,0
101011,0
34011,0
33384,1
31351,0
163512,0
54453,0
79289,1
31292,0
155283,0
45388,0
29876,1
125568,1
9070,0
37539,1
98442,0
126733,0
155775,1
124825,1
80267,0
15599,0
108054,1
43989,0
61022,1
17700,0
26320,0
30282,1
24182,0
161492,0
113344,0
83829,0
38206,1
20979,0
82387,0
68851,1
82067,1
111323,0
70336,0
57964,1
118258,1
28231,1
154641,0
93314,0
2297,0
21817,0
133791,0
83067,1
5318,0
133348,0
133268,0
89688,1
147798,0
150584,0
100580,1
88006,1
42702,0
48924,0
56222,0
24170,0
77058,1
84933,0
102007,0
134761,0
73411,0
92988,0
78546,0
122188,0
57341,0
132789,0
145929,0
124245,0
59542,0
58618,0
7400,0
99304,0
44185,0
59674,1
139315,0
3419,0
162088,0
132565,0
96689,1
101594,0
108801,0
43658,1
125207,0
124571,0
136539,1
30403,0
144305,0
50905,0
69281,0
107661,0
51361,0
5613,0
17027,0
60526,1
125051,1
148517,0
17334,1
27846,0
77415,1
106969,0
86057,0
2781,0
89406,0
3486,1
155599,0
104600,1
11745,1
14129,1
115169,1
114405,0
152001,0
33691,1
128985,0
105155,0
21688,0
152125,0
102106,0
11053,0
99850,0
42216,0
43229,1
148744,0
10993,0
44445,0
21428,1
62730,0
88707,1
52605,0
109182,0
48263,0
63492,0
18485,0
83322,0
117244,0
154689,1
80757,0
36719,0
113435,1
161682,0
115715,1
20017,0
157221,0
38387,1
104402,0
108405,0
64488,1
44632,0
135746,0
61472,0
18040,0
49450,1
52837,1
137935,1
100491,1
84488,1
19600,1
121869,0
135610,1
60140,1
90481,1
39107,1
6642,0
158138,0
1600,0
138068,1
14652,0
58169,0
149378,0
8046,0
34628,0
85548,0
36002,1
154576,0
148779,1
107300,0
153332,1
123860,0
14179,0
130755,0
61731,1
2107,0
965,1
81777,1
14917,1
62271,0
103344,1
151097,0
131832,0
110058,0
65821,0
68584,0
19351,0
110475,0
28889,1
95059,1
141550,0
102340,0
77085,1
5281,1
127368,1
73444,0
151095,1
152553,1
78249,0
98055,0
106922,0
129789,0
50848,0
142976,0
1782,1
117252,0
92907,0
108451,1
73524,0
87138,0
118256,0
105522,0
108275,1
68103,0
143771,0
74935,0
36626,0
110323,0
63852,0
65036,0
66928,0
66572,0
97977,0
63894,0
133928,0
131667,0
57716,0
104395,1
29936,1
31607,0
66187,0
112485,0
123165,1
115587,0
140022,0
59443,0
17388,0
46935,0
97322,1
81642,0
91822,0
154854,0
131660,0
6834,0
136331,0
155960,0
130761,0
144987,0
10086,0
114139,1
32832,0
17738,0
34303,0
37316,1
39386,0
83411,1
63102,0
37179,1
97393,1
99555,0
49901,0
28535,0
53811,1
47823,0
74717,0
52406,1
17356,0
113414,0
3473,1
106422,0
106000,1
120919,0
76650,0
32582,0
10458,0
560,0
33758,0
57553,0
92877,0
101270,0
59742,0
20170,0
158216,1
141503,0
2853,0
67894,0
33484,0
94339,0
84389,1
99079,0
3768,1
77410,0
127633,0
40387,0
49428,1
106304,0
88985,0
3724,0
161125,0
75988,0
92844,1
9874,1
35366,1
122040,0
84969,0
29006,0
68371,1
85673,0
163594,0
30327,0
55962,1
38844,0
74813,0
134486,1
62150,1
146203,1
67668,1
148401,1
71355,1
13654,1
67673,0
60408,0
75445,0
51081,1
49819,1
27290,1
54442,1
50644,1
75680,0
143323,1
33892,0
37161,0
67608,0
118301,0
6680,1
89115,1
302,0
89565,1
125258,1
149187,1
95586,0
78669,0
51129,0
57337,1
11430,1
85102,0
106366,0
3997,0
2362,0
40136,0
134521,0
75693,0
77194,0
47957,0
26357,0
148625,1
138244,0
75918,0
92626,0
124546,1
144056,0
83480,0
40198,0
109907,1
132854,1
122183,0
79532,1
143449,1
75923,0
102464,0
16743,0
99235,0
39240,0
115066,0
88183,0
153419,0
32396,1
58031,1
52816,0
59533,0
133324,1
52089,0
97292,0
97764,1
136211,1
112630,1
135091,1
68807,0
157160,0
160853,0
41064,0
141520,0
164135,0
33562,0
55582,1
115556,0
46638,0
124525,0
85676,0
71223,0
93985,0
39736,0
49008,0
78204,0
104318,0
49486,1
89709,0
81786,0
113513,1
91337,0
142326,1
7881,0
2666,1
16013,1
162331,1
102104,1
69580,0
61817,0
80677,0
111590,1
138216,0
133165,0
50985,0
162159,0
97330,0
160733,0
8785,1
15062,0
90248,0
84580,0
16052,0
72697,0
90640,1
51862,0
93290,0
160543,0
156671,0
81509,0
92710,1
90220,0
101454,0
46353,1
135624,1
143893,0
55653,1
150014,0
20716,0
125238,0
14839,0
148208,0
157469,1
111024,0
14948,0
146174,0
97217,0
4814,0
109828,0
39071,0
16612,1
160850,0
132795,0
58337,1
93885,0
118519,1
56096,0
67826,0
88835,1
37355,0
124519,1
136451,1
51879,1
22479,0
72443,0
8340,0
33507,0
98136,0
146760,0
38549,0
41062,0
136327,0
102395,0
93130,0
54680,0
144212,0
133107,1
141871,0
147654,0
164090,0
162592,0
19737,0
92492,1
78143,0
130379,0
52314,0
139572,0
37825,0
130284,0
160000,0
124782,0
149061,0
149184,0
162320,0
25115,1
121351,0
77551,0
22987,0
54223,0
100414,0
57643,1
83755,1
139646,0
2379,1
38470,1
17301,1
147855,0
130967,0
73666,0
136723,0
144546,1
41334,0
134970,0
122991,0
51279,0
74690,0
61266,0
110390,0
54734,0
136789,0
114661,1
63390,1
79966,0
62641,1
2488,0
122761,1
60143,0
155838,1
6434,0
46773,0
33868,0
61366,1
95573,1
160660,0
146397,0
104955,0
85405,0
57236,0
126926,0
115175,0
120369,0
9753,1
96740,0
151975,1
30290,0
88940,0
96253,0
69982,0
68929,0
161986,0
840,1
86749,0
32176,0
138872,1
87986,0
86646,0
46056,1
70746,0
7754,1
48861,1
101480,1
75898,1
161552,1
126212,0
126414,0
73104,0
100234,0
141217,0
69923,1
48312,1
107362,0
138221,0
52932,0
151323,1
25792,1
109125,0
86942,0
24815,0
24775,0
148562,0
153172,0
55778,1
23515,0
11865,1
126506,0
130482,1
86950,0
160469,0
120431,0
163538,0
18342,0
79402,0
58442,0
138175,0
84856,0
162862,0
17584,1
48857,1
157119,1
80227,0
45141,0
29487,0
36514,1
84765,1
101576,0
112648,0
143735,1
162927,1
4321,1
31227,1
92722,0
88353,0
83501,0
66605,1
3120,1
93326,0
43416,0
87604,0
64344,0
33291,0
153492,0
28510,1
49609,0
12677,1
159077,0
2519,0
73653,0
150186,0
31907,1
142520,0
104669,0
120612,1
5930,0
147942,0
8917,1
119201,1
133409,0
140674,0
73174,0
82229,0
113975,1
148454,0
32335,1
77280,0
22426,1
26160,0
53801,0
100584,0
106154,0
45276,0
82162,0
3613,1
92241,0
7979,0
44302,1
159729,0
53978,0
22780,1
164355,0
8638,0
68527,0
109961,1
10796,1
63642,1
72651,0
164985,0
96054,1
118032,0
11607,0
28809,0
86254,1
863,0
33581,0
159576,0
153790,0
160049,0
67232,0
17793,1
41901,1
50032,0
115728,0
94479,0
57242,0
141787,0
106617,0
131731,0
77446,0
75539,0
150218,0
6426,1
46559,1
45283,0
102590,0
25187,0
139283,1
118213,0
77557,1
42421,1
32858,1
43100,0
22153,1
61796,0
52958,1
124611,0
158817,0
92711,1
73740,0
105148,0
8909,0
80936,0
111846,0
3573,0
93058,1
99975,0
117188,0
12,0
91506,0
117627,0
124299,0
20841,0
142675,0
42518,1
105218,0
141837,0
1112,0
95756,0
3858,0
150510,0
114569,1
143396,0
164706,0
3793,0
17612,0
140757,1
40417,0
56226,0
97279,0
84963,0
43962,0
41708,1
137937,0
101655,0
38573,1
141969,0
90893,0
61669,0
70320,1
134114,1
64560,0
46995,1
102995,1
20502,1
32338,0
143357,0
33940,0
62837,0
139118,0
8662,0
43290,0
40808,0
40821,0
143298,1
126583,0
71879,0
75768,0
64776,1
10924,1
99351,0
88715,0
102818,0
46510,0
89120,0
11015,1
148545,1
27704,0
26154,1
59391,1
67901,1
20037,0
26677,0
111105,1
75751,0
107232,0
96881,1
113991,0
43699,0
105698,0
8999,1
115005,0
132333,0
57189,0
147423,1
136517,1
72975,1
474,0
2399,0
112524,1
116612,1
143071,0
141780,0
144923,0
119731,0
147126,1
124699,0
52728,0
148955,1
148425,1
8837,0
151250,0
106418,0
70370,1
90427,0
114184,0
27186,0
122867,0
88145,0
146814,0
150981,0
20795,1
116347,1
50850,1
92750,0
98871,0
25558,1
93591,1
47476,0
104047,0
20104,0
71384,0
110661,0
9705,0
131635,1
78192,0
24144,0
126587,0
60496,0
53509,0
116398,0
54124,0
92448,1
147371,0
44039,0
93074,0
115215,0
158506,0
15813,0
41758,0
121384,1
53900,0
72817,1
21247,1
138651,0
96628,0
58280,0
54901,0
117078,0
164908,1
30987,0
118826,0
20600,0
110561,0
139801,1
101315,1
82871,1
107628,0
150502,0
52752,1
36891,0
127902,0
18947,0
29714,1
141005,0
114466,1
54742,0
45664,0
112225,0
65033,0
105162,0
130963,1
2765,0
91613,1
58802,0
66972,0
62457,0
122819,0
11789,0
160962,0
140668,0
50443,0
14881,0
39508,1
59616,0
68134,0
24550,0
46902,1
115035,0
111549,0
160450,0
126484,1
69241,0
27465,0
144040,0
123890,0
107841,0
131132,0
34358,0
152965,1
16187,0
10890,0
121604,1
119962,0
123313,0
5477,0
37851,0
149042,1
46802,0
94418,0
113251,0
19096,0
32159,0
129102,0
80923,1
98932,0
76432,1
33477,1
130044,0
61322,1
47688,1
84930,0
144688,0
29521,0
56090,0
39548,0
156104,0
130392,0
60485,0
128474,1
145454,1
17505,1
136197,0
19850,1
151704,1
162995,0
153947,1
47095,0
86037,1
30352,1
155610,0
114671,0
27143,1
42274,0
58039,0
34140,0
146217,1
29678,1
131781,0
119722,1
135485,0
81428,0
79008,1
8820,0
106287,0
32096,0
91330,1
147055,0
90190,0
137221,0
164201,0
152273,0
115116,1
29088,0
6147,0
88372,0
150808,1
29781,1
6956,0
16071,0
655,0
5063,1
128504,0
125372,0
84749,0
78469,1
135683,0
60673,1
150833,0
6905,0
50522,0
142569,0
62970,0
52808,0
103825,1
49633,0
110566,0
14704,1
38411,0
133175,1
142491,1
45582,0
13757,0
33431,0
70699,0
136081,0
4640,0
127961,0
32187,0
50832,1
125860,0
139615,1
35745,0
144554,1
144841,1
154484,0
130691,0
31880,0
72319,1
55221,0
95130,0
45392,0
21371,0
40253,0
7441,0
109484,0
98688,1
30681,0
11328,0
26099,0
108236,0
121203,0
88549,0
120440,0
130776,0
111059,0
84777,0
42402,0
61816,0
11141,0
98069,1
107767,1
4154,0
9356,0
152948,0
26774,0
81255,0
29010,0
162121,0
118560,1
154110,0
8349,0
20449,0
136015,0
18493,0
71035,0
33681,0
104007,1
105505,0
73589,0
59968,0
134996,0
144092,0
139775,0
148003,0
54297,1
126092,0
49503,1
13366,1
52161,0
7288,0
777,0
58417,1
71669,0
22241,1
79515,1
143860,0
163970,0
127299,0
81270,0
128740,0
63051,0
17083,0
137072,0
96150,1
51554,0
137689,0
128239,0
149971,1
21733,0
138180,0
142299,0
123564,1
75697,1
5820,1
63067,1
89490,1
133190,0
125864,1
126007,1
69770,0
96783,0
157206,0
42291,0
153934,1
47736,0
158096,0
146034,1
26042,0
110169,1
89341,0
96915,0
107793,0
131553,0
30401,0
33316,0
85841,0
58066,1
138670,0
24888,0
151254,0
123471,1
163239,0
38738,0
55395,1
130410,1
100723,1
119720,0
120754,0
98735,1
122009,0
157554,1
49939,0
138321,1
18813,0
137838,0
3263,1
60067,0
34399,0
94928,1
63114,1
56701,1
150666,1
161533,1
2657,1
46300,1
151142,0
54314,1
33803,1
131993,1
53857,0
42150,0
72242,0
40438,1
144189,1
30878,1
73518,1
122517,0
76038,0
26013,0
102035,0
110392,0
85979,1
582,1
11722,0
128417,0
160486,1
158773,0
78777,0
137754,1
56473,0
128423,0
67403,1
74343,0
64889,0
155107,1
150841,1
46186,1
107146,1
82906,0
61118,0
74969,0
114364,0
54365,1
55963,1
61325,0
1087,0
157254,0
147950,0
8258,0
42053,0
157682,1
145867,1
29538,0
122143,0
2319,1
156830,0
128237,1
66641,1
146130,0
115298,1
63369,0
144890,0
152657,0
54212,0
92491,0
87374,0
69839,0
32236,0
84014,0
139192,1
114735,0
81902,0
26603,0
101409,1
15270,0
25030,0
127937,0
94502,0
55473,0
140560,0
78056,0
145496,0
109705,0
28677,0
6603,0
33604,0
88742,1
122013,1
101000,0
110250,1
66065,1
24818,1
54416,1
133789,0
17338,0
43726,0
48877,0
160602,0
135221,1
25113,0
93218,0
136659,1
70978,0
129390,0
87020,1
120340,0
50174,1
52784,0
67190,1
91761,0
935,1
61611,0
89036,0
110834,1
154443,0
153597,1
152940,0
57622,1
51521,0
45398,0
27996,0
85058,1
4672,1
63687,1
36253,0
122430,0
145025,0
2971,1
66179,0
113036,0
157642,0
133530,0
11587,0
16591,0
132582,0
46360,0
127573,0
128360,0
68632,0
80687,1
67419,0
2605,0
74563,1
121599,0
47004,0
18588,0
51806,1
29341,1
123959,1
138604,0
20187,1
97105,1
164247,0
132613,0
33730,1
127190,0
94724,0
28184,0
48580,1
75108,1
68880,1
44245,0
78711,0
40010,0
7407,1
28704,1
147331,0
44636,0
40560,1
25796,0
144713,1
9700,0
36219,0
156245,0
149853,0
129066,0
86778,1
37490,0
56122,0
5780,0
154099,0
8690,0
23717,0
111018,0
118383,1
39170,0
142288,0
80022,1
15377,0
86884,0
94581,0
58377,0
9928,1
119648,0
116455,1
144964,0
109881,1
13481,0
97945,0
98752,0
30319,0
133892,0
96592,1
123216,0
71288,0
6659,1
128637,1
70029,1
15207,0
67368,0
150337,1
160535,0
28229,1
164942,0
10992,0
147261,1
148695,1
393,0
86470,1
147573,0
64738,0
129661,1
77788,0
19456,0
11688,0
71239,0
56381,0
55986,1
129047,0
107075,1
155436,0
104377,1
83650,0
106464,0
73681,0
157189,1
13386,1
84807,0
152329,0
131765,1
32126,1
105014,1
24756,0
49294,0
103230,1
153896,0
115303,1
86201,0
115345,0
9147,1
58844,0
14143,0
96540,0
139803,0
74446,1
40910,0
55034,1
18538,0
128468,0
71510,1
36758,1
27987,0
88826,0
36108,0
138671,0
16745,0
78568,1
150937,0
3725,0
69557,0
30514,0
122137,0
85918,1
154406,0
46965,0
6732,1
81759,0
121389,0
79433,0
159747,1
141867,0
2452,0
96227,0
106619,1
44625,0
137991,0
6048,1
156545,1
156046,1
153271,0
85973,0
50750,1
61404,1
151980,0
126999,0
145741,0
72944,1
83391,0
141035,0
60283,0
110635,0
128150,1
48661,0
92514,0
29644,0
89713,1
85430,0
123943,1
16202,0
71204,0
23806,0
69583,1
15716,0
104974,0
164161,0
49570,1
124744,0
90990,1
94556,0
63422,0
30613,0
5625,1
96496,0
120828,0
51946,0
54233,0
135254,0
26654,0
66953,1
136165,0
51485,0
65726,0
134157,1
45921,1
44708,1
115665,0
127536,0
123354,1
24663,0
132205,0
108879,0
122700,1
86019,0
23791,0
106120,0
110099,0
33589,0
80190,1
39215,0
97211,0
46656,0
121088,0
39577,0
75549,0
80583,0
73717,0
66560,0
70384,0
58677,0
155533,0
65360,1
46932,0
51065,0
142311,0
113393,0
41871,1
101164,0
45096,1
29491,1
58047,1
114832,1
32574,0
96188,1
95293,0
116969,0
83937,0
84025,0
127055,1
159285,0
95370,1
85183,1
142648,0
49035,1
162873,0
4601,0
73485,1
160835,1
134077,0
63392,1
85537,0
52999,0
128797,0
146386,1
43714,0
87289,0
42503,0
60357,0
52071,0
93366,0
1496,0
18932,0
140666,0
52382,1
76131,0
153573,1
77989,0
62820,1
158867,1
8586,0
113027,0
35431,1
67644,0
108855,0
46540,0
149904,0
140809,0
104266,1
108669,1
26979,0
3026,0
126407,0
55608,1
40154,0
59184,0
140513,0
148660,0
120965,0
158969,0
136733,0
24134,0
134065,0
54185,0
48912,1
159114,0
140163,1
163173,1
98206,0
16469,0
19242,0
53533,0
144588,1
15421,0
33295,0
42100,0
84064,0
159505,1
52757,1
56027,1
37938,0
140067,1
66978,0
53047,1
139457,0
91391,0
77186,0
109243,0
92804,1
64760,0
43261,0
124617,0
53651,0
23733,0
107170,0
33491,0
101265,0
129877,0
90616,0
38144,0
17318,0
151739,0
128719,1
97400,0
112139,0
163461,0
157872,0
135173,0
42145,0
104317,0
116780,0
79166,0
108513,1
18363,0
38684,0
147819,0
56640,0
93469,0
163823,0
117541,0
160880,0
31929,0
127520,0
89587,1
141264,0
82632,0
118102,1
57011,0
67999,1
19249,0
152988,0
85282,1
127874,0
113178,0
143840,0
6311,0
80745,0
79349,0
92682,1
155206,0
93494,0
106149,1
89535,0
17396,1
112914,1
108476,0
76769,1
36284,1
31393,0
13003,0
82894,0
37006,0
111939,1
4337,0
96801,0
148800,0
46237,0
30710,0
63680,1
95447,1
107746,0
36012,0
55519,0
92139,0
5353,1
41025,0
8064,0
83898,0
157155,1
109703,1
91026,1
157498,1
60421,0
14898,1
106405,0
135225,0
108950,0
29750,0
82615,0
161793,0
94036,0
4749,0
19842,0
104379,0
164812,0
152426,0
161124,0
99230,1
147467,0
8200,0
40142,1
27922,1
147106,0
99105,0
55260,0
112966,0
135050,0
140667,1
81583,0
40454,0
30164,1
19879,1
149516,0
27639,1
154348,0
128309,0
53753,0
8198,0
26330,1
108768,0
43510,0
77915,0
133969,1
16295,0
104456,0
60868,0
111805,1
11475,0
80596,1
124293,0
119662,0
44322,0
138874,0
29680,0
114326,0
26448,1
4280,1
35392,0
56516,0
141733,0
136140,1
50194,1
70228,0
26422,0
161972,0
76089,1
163180,1
125292,1
64264,0
39619,1
133254,1
140315,0
109833,0
42283,1
103373,0
29029,1
70478,0
55746,0
2787,0
145720,0
35601,1
76952,1
22285,0
21047,0
123649,0
92814,0
101796,0
55113,0
43608,1
163548,0
150695,0
151044,0
137052,0
67570,0
135768,0
38003,0
31437,0
50419,1
106031,0
1209,1
66730,0
140430,0
26544,1
116010,0
28814,0
119031,0
44029,0
117552,0
34388,0
121773,0
93551,1
96481,1
114347,0
84755,1
109725,0
103554,1
9525,0
158325,0
27434,0
139092,0
16904,1
157138,1
42977,0
24762,0
129725,0
135774,0
77528,1
22886,1
55084,0
10543,0
153731,0
122698,1
37297,1
33028,0
46807,0
63838,0
122255,0
4124,1
1628,0
81569,1
144854,1
126744,1
29595,1
110121,0
87395,1
98685,0
54555,0
24077,1
145092,0
84812,0
52653,0
82301,1
47109,0
111330,0
32298,0
60476,1
57751,0
124916,0
97921,0
153462,1
50410,0
136891,0
22824,1
140370,1
90694,0
6567,0
79545,0
50496,0
15537,0
49657,0
118785,0
159752,0
113701,1
127687,0
115729,0
80563,1
53644,0
33517,0
143906,1
36221,0
128727,1
109817,0
72263,1
22393,0
151775,1
151493,0
109986,0
124124,1
92216,0
84594,0
66393,0
20855,0
116704,0
44853,0
95295,0
57335,0
130819,1
20792,1
162332,0
136570,0
143696,1
164109,0
72240,0
104757,0
2954,0
144870,1
64699,1
14802,1
94503,0
137704,1
69627,0
69702,0
87785,0
141152,1
100547,0
159122,0
12894,0
134466,1
161553,0
80905,0
76672,0
69110,0
41369,1
111078,0
4371,0
39708,1
6271,0
750,1
2518,0
23308,1
61964,0
130267,0
62803,1
121938,0
117545,0
35851,1
157274,0
669,1
43168,0
138981,0
141428,1
114599,0
50720,0
27765,0
90585,0
114302,0
10450,0
6016,0
39693,0
122836,0
45153,0
114863,0
118892,0
99961,1
146099,1
154953,0
51646,1
79907,0
92560,0
164157,0
63992,1
158741,1
45089,0
44758,0
18091,0
38691,0
17397,0
87661,0
33232,1
40933,1
5088,1
32260,1
18715,0
84901,1
134290,0
46156,1
32147,1
136278,0
121567,0
49653,0
12302,0
85408,0
83963,0
49404,1
91673,0
74707,0
74219,0
25506,1
21275,1
21031,0
157391,0
113925,0
98184,0
139257,0
155565,1
94394,0
11513,0
2973,0
53718,0
76278,1
85198,0
81358,0
91679,0
26624,1
90926,1
86547,0
77168,0
4968,0
43858,0
36426,1
63475,0
242,1
138525,0
1487,0
104784,0
50457,0
71155,0
63530,0
7801,1
84326,1
45870,0
76413,1
144862,0
139685,0
127745,0
22214,1
31494,0
156258,1
160931,0
68808,0
154656,1
138015,0
274,0
99467,0
112466,0
54937,1
151478,0
57222,0
87362,0
37511,1
86017,1
76419,0
133746,0
77810,1
45076,0
6937,0
117232,1
96331,1
36617,0
126967,0
133597,0
58233,0
80945,0
101404,0
16155,1
111630,0
133212,0
20936,0
134785,1
36801,0
153903,1
98420,0
19356,1
136279,0
126527,0
56784,1
19421,0
35613,1
17341,1
99608,0
103170,0
11761,0
12397,0
140377,0
85335,1
146621,1
85624,0
11594,0
56126,1
24537,1
157422,0
47019,0
95687,1
44373,1
58167,0
128216,0
1703,0
108391,1
18414,1
148638,0
35680,1
98459,1
150703,0
46226,0
134698,0
76196,0
5777,0
40781,0
41185,0
119375,0
162780,0
140886,0
164220,0
112316,1
118363,1
96178,0
46244,0
160827,0
100505,0
126234,0
121889,0
71773,0
22352,0
24597,0
40583,1
84501,0
143119,1
153599,0
136496,0
164255,0
24492,1
9909,1
158350,0
133849,0
76613,1
73212,1
18919,0
134156,0
127183,1
87343,0
12832,0
2710,0
117555,0
38786,0
125430,0
118276,0
45737,1
81839,0
126708,1
60081,0
136534,0
149726,0
21604,0
159195,0
1102,0
82651,1
5213,0
58608,1
57234,1
29,0
24371,0
113539,0
48365,1
24098,0
141813,1
4370,0
58579,1
145718,0
42029,1
142820,0
76465,0
84978,0
153702,0
128053,0
8158,0
65558,1
140187,0
3311,1
85996,1
146677,0
66219,0
49130,0
104445,0
84955,1
39890,0
58014,0
13168,0
87643,0
20777,0
121623,0
69668,0
30991,0
148324,0
47369,1
55597,0
160860,0
12215,0
56301,0
39659,0
140948,0
25957,0
82863,0
8872,0
132312,0
139245,0
36865,1
39986,1
71040,0
121854,1
118464,0
57276,1
82366,0
139256,0
136252,0
114744,0
151419,0
85731,0
136587,0
116225,1
93867,0
42162,1
36406,1
31485,0
60920,0
86668,0
48185,0
157078,0
120142,0
151613,1
83807,0
70520,0
9661,0
16113,1
120071,1
46097,0
106784,1
46472,0
34921,1
12977,0
24932,0
22577,0
84994,0
97602,0
53020,1
20610,1
38808,0
123435,0
74451,1
80580,1
56928,0
97544,0
366,0
18200,0
120257,0
157750,0
54520,0
43503,1
31762,1
55371,0
144821,0
129498,1
155635,0
25275,0
147209,0
50569,0
57461,0
110926,0
48224,0
52137,0
99239,0
163921,0
133072,0
44332,0
96956,0
75554,1
153742,0
37812,0
59531,1
73706,0
80592,0
58410,0
125625,1
68912,0
123228,0
62229,0
1919,0
54044,0
12925,1
126013,0
163128,0
112678,0
47848,0
26776,1
109479,0
75590,0
103077,0
100118,0
27250,0
133790,0
24000,0
123954,0
23644,0
93112,0
121844,0
8968,0
66661,0
27583,0
86551,0
106631,1
144453,0
120180,1
155344,1
124359,0
95636,0
62385,0
28434,0
46886,0
155155,1
85784,0
162137,0
14215,0
102664,0
118158,1
118505,0
142472,0
140451,0
137936,0
58020,0
11988,0
36837,0
143724,1
132505,0
117048,0
17810,0
43980,1
4336,0
48119,0
145970,1
155821,0
57429,0
117803,0
3518,0
124328,0
32376,0
106835,1
2926,0
71573,0
58421,1
51344,0
40835,1
137539,0
26597,1
47053,0
122546,1
44795,0
86267,1
160517,0
35174,0
46236,0
132245,0
122851,0
151712,1
160938,0
64732,0
123852,0
61160,1
100805,0
42828,1
10269,0
35487,0
142399,0
102855,0
71286,0
124000,0
74910,1
152399,0
3564,0
22046,1
126688,1
58120,1
7423,1
80950,0
93323,1
57302,1
148408,1
17857,0
8520,1
44203,1
73822,0
135783,1
27019,0
16193,1
28410,0
47563,0
105980,0
26302,0
132856,0
116064,0
21161,0
106732,0
161744,0
23293,0
87592,0
6282,1
53673,0
112849,0
70815,0
32155,0
89965,0
142248,1
84423,0
113145,0
29633,0
48931,1
160499,1
139191,1
70328,1
128736,1
122908,0
89577,0
77195,0
140984,0
102905,0
129254,1
46850,0
145268,0
19165,0
11970,1
8142,0
62536,0
134209,0
143415,1
164479,0
71307,0
113413,1
147406,0
98917,0
12674,0
145272,1
158804,0
15932,0
77831,0
93348,1
120843,1
35010,0
85036,0
100138,0
6718,0
23565,1
88454,0
125331,1
4472,0
82383,0
29554,0
118311,0
160308,0
12257,1
89390,1
114333,0
126867,0
26630,1
101923,0
53094,1
103366,0
120960,0
28601,0
39139,0
487,1
163188,1
63846,0
20861,0
145049,0
143850,0
154940,1
63400,0
67521,0
36197,0
110067,0
32634,0
98695,0
80333,1
19905,0
158412,0
46907,0
151457,0
32725,0
84467,1
61085,0
1292,1
148101,1
90347,0
151860,1
22679,0
21834,1
121466,0
126080,1
26877,0
31167,0
140460,0
22324,0
80717,1
15035,1
118543,0
60423,0
100603,0
138300,1
50399,1
124472,0
19467,0
36927,0
115996,0
50637,0
156045,0
65750,1
155389,0
102521,0
138539,1
99461,0
58947,1
116971,0
3154,0
78174,0
75639,0
44999,0
49321,0
139298,0
38905,1
5229,0
14466,0
122445,1
41982,0
138048,0
38645,0
77347,0
113691,0
90729,1
26391,0
91508,0
3880,0
97056,0
109035,0
115201,0
77272,0
4750,0
144198,1
126706,0
99701,0
54419,0
22595,0
72045,1
94534,1
137609,1
73984,0
30256,0
163049,0
2305,0
48520,0
73059,0
82562,0
149007,0
109967,1
158739,0
102827,0
58176,0
102071,0
158366,0
152026,0
98127,0
34282,0
60503,1
47712,0
55685,0
44575,0
15493,0
72745,1
59607,0
39496,1
92266,1
22400,0
105525,1
70036,0
125467,1
4025,0
56577,0
8127,1
28959,0
25100,0
18795,0
74783,0
163226,0
152040,0
29102,1
154969,1
19870,1
10766,1
6245,0
135518,0
151072,0
22467,0
143647,0
133219,1
133543,0
79679,0
101321,0
27694,0
6124,0
88552,0
19969,1
53584,1
54404,0
152879,1
131433,1
88504,0
106224,1
85117,0
124821,0
130173,0
56415,1
9732,0
131097,0
157057,0
119163,0
20326,0
2313,0
25058,0
112034,0
142773,0
5074,1
117057,1
270,0
57422,0
122008,0
163002,0
38336,1
136293,1
47629,1
148311,0
155869,1
50409,0
129738,0
147648,0
83052,0
52483,0
159803,1
21353,0
114585,0
41764,0
155095,0
5434,1
58015,1
80963,0
26578,1
68482,0
38115,0
107884,1
9246,0
159062,1
42214,1
49280,0
122882,0
70205,0
31579,1
30014,0
94403,1
151178,0
15629,0
48534,0
83530,0
60293,0
163549,1
121417,1
121992,0
114317,0
8915,1
132053,0
137762,1
158265,0
139818,0
21260,0
83872,0
73503,0
136164,0
123506,0
150896,0
25658,0
95726,0
86098,0
61595,0
112960,0
11727,1
70059,0
69465,0
124653,0
145364,0
95236,0
141193,1
9881,1
76860,1
54640,0
137224,0
1910,1
112000,1
72140,0
5800,1
158266,0
115427,1
33440,0
123397,0
104026,1
73260,0
125699,0
108537,0
62261,0
2119,0
115612,0
117112,0
108433,0
14380,1
92281,1
49085,0
54061,1
14518,0
101152,0
158215,0
47410,1
118905,0
116403,1
9740,0
19538,0
49220,0
95425,0
55325,0
105274,0
115876,0
96255,1
104642,0
107348,0
163520,0
63987,0
92760,0
11506,0
50503,0
110417,0
22945,0
114273,1
71637,1
32365,0
160152,1
95713,1
17170,1
43068,0
115640,0
37901,0
157877,0
145541,1
119635,0
31013,0
36036,0
164497,0
85641,0
79528,0
79946,0
74371,0
134817,0
41282,0
62341,0
31043,0
92597,1
62131,0
99253,0
10628,0
152692,0
91465,0
424,0
71064,1
128211,0
58506,0
3606,0
86004,0
119978,0
15595,0
66612,0
102135,0
109154,0
136799,1
33368,1
51579,0
19711,0
96983,1
125282,0
104474,0
1361,0
88506,1
133817,0
106710,1
111963,1
46863,0
402,0
132875,1
1700,0
78252,0
79784,0
10184,0
149246,0
43969,0
57621,0
106095,0
68089,0
147794,0
3948,0
77986,1
127938,1
145912,0
111467,0
123519,0
150049,0
116134,1
5753,0
131006,1
54587,0
149883,1
67284,1
131705,0
164770,0
12221,0
98110,0
87557,1
135407,0
107825,0
142651,0
112191,1
85257,1
84008,0
96338,0
65413,0
141854,0
107163,0
129351,0
2174,0
30512,0
128981,0
114045,1
121617,0
7054,0
71356,0
48013,1
161897,1
139059,1
54131,0
157834,0
102775,1
87847,1
8856,0
3066,0
15769,1
51190,0
103389,1
164560,0
133417,1
125544,0
99973,0
113110,0
80327,0
125896,1
156177,0
85969,0
11660,1
11003,0
9430,0
34948,1
154133,0
71832,1
147496,1
19495,0
163166,0
27814,1
18616,0
3383,1
38119,0
35146,0
42994,0
16621,0
58648,0
28798,0
89735,1
104439,1
164281,0
33869,0
108037,0
25105,0
10453,0
127700,0
45875,0
127886,0
40678,0
17259,0
124777,0
46083,1
59556,0
33107,0
108503,0
75364,0
163360,0
84760,1
141684,0
2110,1
99024,0
66241,0
43220,0
89108,0
18871,0
24611,0
101395,0
76272,0
144858,0
62920,0
39066,0
103934,0
84628,0
85976,0
133244,0
57607,0
112065,1
67759,1
150227,1
52710,1
83101,0
74486,0
87601,1
132964,1
137340,1
90593,0
27376,1
69832,0
161658,1
117685,1
95598,1
36663,1
147183,0
153570,0
50044,0
114428,0
103430,1
128896,0
110564,0
21719,0
134492,0
48533,0
121650,0
143630,0
93517,0
101022,1
100521,0
99668,1
89372,0
45413,0
24251,0
113272,0
77124,0
84862,0
71096,0
156648,0
16704,0
131441,0
66895,0
129258,1
2525,0
5717,0
117032,0
40351,0
1916,0
93082,0
19154,1
66182,0
14244,0
34739,1
70097,0
86805,0
46991,0
127508,1
88059,0
130574,0
33933,1
116613,0
95355,0
161805,0
119866,1
126289,1
111082,0
14616,1
118282,0
37175,0
23217,0
73781,0
28951,0
51545,0
10045,1
31183,0
129287,0
37460,0
68670,0
42888,0
75794,0
162168,1
122817,0
19394,0
160103,0
82338,0
56250,0
124630,0
1767,0
115952,0
158188,1
131068,0
135395,0
26407,0
141023,1
49584,0
20603,0
157543,1
131618,0
163534,0
126377,0
20336,0
113245,1
47209,0
92063,1
96409,1
11244,1
138695,0
100610,0
33102,0
110647,0
112356,0
152917,0
6439,0
140226,0
97376,0
114905,1
130796,0
22505,0
47307,0
15026,0
30136,0
44944,0
52490,0
16477,1
142927,1
150744,0
135576,0
141858,1
45381,0
137376,0
79243,0
3241,0
97146,0
88553,0
43198,0
156925,0
101745,0
163955,1
116826,1
49421,1
137981,1
17151,0
105026,0
70694,0
43363,0
83118,0
15387,0
26885,0
5945,0
104178,0
21125,0
142562,0
63186,0
115540,0
95863,0
119035,0
16372,1
19639,1
97509,1
38981,0
109579,0
134909,0
56347,0
58599,0
36299,0
18116,0
47447,1
36566,0
114674,0
112726,0
155453,1
44582,0
137194,0
119781,0
60240,0
78424,0
160351,0
70172,0
82543,1
118862,0
129625,1
62604,1
156570,0
69163,0
87698,0
28823,1
97985,0
71739,0
15894,0
164127,1
56079,1
66635,0
151460,0
155814,0
121753,0
42583,0
136266,0
106715,0
41232,1
156153,1
52096,0
132589,1
82768,1
13749,0
100141,0
18022,0
42786,1
49148,0
71128,1
124235,1
135364,1
63019,0
90169,0
44886,0
23118,0
112008,1
20405,1
63007,0
43537,0
78356,0
84186,0
77397,0
55264,0
81506,0
12615,1
11701,1
66189,0
25280,1
161009,0
139943,0
120847,0
24926,0
57534,1
339,0
141269,1
157397,0
51517,1
65605,0
7368,0
5499,0
145380,0
29205,0
132172,0
103860,1
81806,0
26264,1
151315,0
134802,0
113125,0
154873,0
110910,1
162489,0
68484,0
58699,0
33667,1
123160,0
142607,0
7773,1
59938,0
43682,1
127894,1
72911,1
157320,1
156227,0
148849,0
35722,1
126320,0
7964,0
161175,1
49858,0
83511,0
32379,1
80426,0
104443,1
154983,0
48936,1
76873,0
120734,1
16120,1
138996,0
104130,0
153489,1
102675,0
9510,0
49891,0
16039,1
103425,0
100088,1
93071,0
91233,1
104246,1
84108,0
124526,1
15949,0
23871,0
66600,0
141206,1
59270,0
60540,1
138155,0
90774,0
85260,0
63585,0
31467,0
32225,1
23351,0
35961,0
16136,0
83805,0
136946,0
125839,1
163419,1
9220,0
45969,1
40603,1
63754,0
5679,0
123291,0
50719,0
127080,1
6459,0
128475,0
45490,0
98672,1
152934,0
121401,1
27198,1
155651,0
121573,0
59190,1
31761,0
101706,0
52804,0
112094,1
4195,1
53976,1
8844,0
54874,0
76527,0
60562,0
5275,0
63973,0
33823,0
159408,0
712,0
28740,0
5108,0
33621,0
75048,1
79172,1
127383,0
155722,1
151658,0
163077,0
127835,0
95307,0
36353,1
157817,0
127213,0
35241,0
24920,0
105538,1
5708,0
42051,0
148189,0
114762,0
11185,1
100520,0
17364,1
123374,0
54531,0
21591,0
124179,0
152958,0
107656,0
101873,1
25939,0
120218,0
11317,0
4141,1
121805,1
2314,0
39090,0
64200,1
120361,0
62801,0
48448,0
131614,0
109621,0
148268,0
23690,0
105145,1
23956,1
107818,0
80225,1
57537,0
32515,0
87458,0
53525,0
145182,1
126199,1
10761,0
39039,1
97752,1
152699,1
109797,1
92755,1
82585,0
132472,1
152537,1
51948,0
82278,0
100033,0
49326,0
73785,0
127380,0
29433,0
40327,0
152734,0
141647,1
65598,0
85832,0
46151,1
64591,0
7983,1
41639,0
3524,1
66782,0
137500,1
23052,0
126149,0
29460,0
89150,0
145075,1
99626,0
37354,0
154425,0
64107,0
79447,1
146008,0
94839,0
8514,0
92182,1
12683,0
136663,0
32399,0
159325,0
165008,1
119628,0
160177,0
81062,1
75515,0
138905,0
144803,0
75832,0
34689,0
120301,0
38508,0
129069,1
119530,0
25240,1
159987,1
41837,0
33846,0
141072,0
121486,0
19112,0
111910,0
82370,1
10126,1
19662,0
34915,0
96756,0
82012,0
146487,0
39671,0
9151,1
14710,0
84102,0
14742,0
70222,0
25605,0
163912,0
90199,0
25359,0
136258,0
145246,0
61162,0
140352,1
110101,0
52008,0
141291,0
14624,1
119545,1
445,0
40383,0
140665,0
25712,0
151735,0
157357,0
161628,0
112797,0
96449,0
6935,1
60605,0
97378,1
67627,0
100162,0
60803,0
159798,0
42638,0
161949,0
98478,0
59575,0
30398,0
126695,0
10097,0
29058,0
118139,1
93087,0
69356,0
25716,0
59326,0
37581,0
129223,0
147828,0
42960,0
134842,0
115106,0
82957,0
163460,1
116715,0
93671,1
86071,1
28298,0
90420,0
61357,0
84201,1
45293,0
1807,1
88410,1
103569,0
49251,1
37989,0
14782,0
134266,1
57877,1
44798,0
49728,0
105524,1
78887,0
154183,1
137692,0
143729,0
101367,0
50204,0
87439,0
132718,1
77992,1
2497,1
146756,0
43758,0
163501,0
66846,0
140684,0
57927,0
417,0
53499,1
145894,0
60892,1
144270,1
11084,0
41806,0
57761,0
151692,1
16703,1
122339,1
58382,0
123120,0
105707,0
5604,1
74611,0
164189,0
13947,0
105633,1
118015,0
133434,1
5652,0
33770,0
26595,0
31521,0
152624,0
106996,0
14589,0
100030,0
64413,0
139316,0
62893,0
105763,0
115363,1
107130,0
144886,0
18911,0
151309,0
16004,0
154060,0
31275,0
139225,1
108168,1
130872,1
92250,0
116132,0
43391,0
143129,0
65347,0
5588,0
56116,0
111529,0
100812,0
10697,1
4626,0
27784,1
90563,0
64012,1
4079,1
81671,1
104296,1
715,1
104199,0
22139,0
56654,0
30033,0
97015,0
45161,0
122601,1
127284,0
4300,0
143858,1
59963,0
149114,0
72028,0
123142,1
98351,0
24637,0
156686,1
94582,0
120311,0
136526,0
71206,0
162382,0
32677,1
126860,1
113355,1
143980,0
137827,0
134730,0
18785,0
10892,0
84794,0
25883,0
15920,0
26814,1
140996,1
131309,1
137059,1
16939,0
96270,0
77943,0
24009,0
21989,0
70310,0
16266,1
60104,0
52575,1
27883,1
74341,0
45129,0
23234,0
123200,0
9393,0
132141,0
43453,0
66546,0
18357,0
143079,1
331,1
13446,0
60416,1
75456,0
61756,0
130281,1
26673,0
27373,0
12222,0
9742,0
76448,0
27762,0
91543,1
83075,1
154219,0
46074,1
116717,1
2935,0
108766,0
18168,1
12745,0
36995,0
50423,0
67628,1
79997,1
2007,1
154142,0
13547,0
41096,0
10204,0
54871,0
100847,0
163086,0
65791,0
114822,0
127387,1
94508,1
102436,0
17202,1
38491,0
38762,0
142868,0
159105,1
127275,0
47356,0
103453,1
128280,0
97356,0
97809,1
38755,0
7426,0
101497,0
58768,0
31416,0
90095,0
124244,0
110815,0
1914,0
115719,0
161457,1
95266,0
155109,0
17442,1
31544,1
859,0
92077,0
136302,0
88801,0
7294,0
65375,0
3942,0
139970,0
78848,1
82036,0
80107,0
164377,1
26609,1
2330,0
73730,1
112131,0
32091,1
65449,0
128561,0
150317,0
58384,0
62475,0
21121,0
87784,1
14437,0
8376,0
34802,0
146447,0
93711,0
38016,0
7318,0
133897,0
162839,1
129461,1
91264,0
4063,0
88654,0
20731,0
151753,0
63833,1
7477,1
114086,1
136809,0
81722,0
123835,1
130271,0
105242,0
15253,0
42863,0
1023,0
89748,1
148127,1
8807,0
148634,0
26693,0
123050,0
73208,0
39249,0
92441,1
79607,0
30317,1
117581,0
91990,1
153671,0
26898,0
58899,0
141405,0
98250,0
81054,1
16656,0
144392,1
96803,1
156335,0
63952,0
162164,1
82614,0
134926,1
5541,0
74787,1
32308,1
107003,0
64950,1
154812,1
57314,0
33781,0
61502,1
63545,0
76577,0
52113,0
51377,1
132685,1
161831,0
29276,0
148356,0
9045,0
82980,0
36763,0
43385,1
99589,0
120682,0
97965,0
148709,0
100217,1
32022,0
56875,0
39818,1
61968,0
11029,1
58259,0
63497,0
51997,0
57668,0
55931,1
44227,0
48378,1
125548,1
70070,0
47173,0
85776,0
55909,0
62035,0
9833,0
34535,0
132739,0
53111,0
121851,0
27167,0
97367,0
100317,0
126070,1
97126,0
25173,1
32949,0
65247,1
81017,0
73582,1
71323,1
75256,1
38677,0
3389,0
79208,0
123936,0
91238,0
105299,0
1350,1
12219,0
118762,1
34216,1
62799,0
68112,0
56311,0
32604,0
10020,0
122985,0
42913,0
86366,0
67215,0
45808,0
9685,0
82181,0
61751,0
24053,0
18671,0
128807,0
155395,0
160438,0
150020,1
104787,1
31317,0
127910,0
48090,1
142228,1
159584,0
56082,0
104776,0
30321,0
117897,1
134288,0
71742,0
40813,0
158899,0
124035,0
88363,0
8353,1
24228,1
42864,0
94311,0
23977,0
121520,1
22869,0
58507,0
91282,1
142261,0
46909,0
117616,1
44080,0
44409,0
90233,0
118263,1
5306,0
150414,0
1342,0
90071,1
141373,0
100041,0
128904,0
163929,1
18679,1
116719,1
52748,0
61637,1
73383,1
140076,0
67014,0
131840,0
8301,1
126479,1
107556,0
44750,0
104755,0
154929,0
90052,0
3247,1
119944,1
83990,0
111419,0
128549,0
127924,1
105074,0
42092,0
117563,0
44658,1
122750,0
97114,0
150856,0
49638,0
19773,0
2640,1
50036,0
29631,0
131352,0
61880,0
20997,1
54941,0
44560,1
133092,0
106560,0
58692,1
53598,0
44725,0
73673,0
20813,1
51285,1
93309,0
6430,0
85041,0
137858,0
130519,0
13803,0
116772,0
13197,0
129217,0
104627,0
147734,0
77048,0
85480,0
82832,0
144680,0
87889,1
4878,0
52325,0
134711,0
73906,1
124221,1
96455,0
114381,1
140870,0
117344,0
149831,0
163504,1
93942,1
21862,1
133491,0
1674,0
131722,1
52846,0
19481,0
106406,0
5884,1
73352,0
92859,1
27005,0
5805,0
136630,1
96818,0
82716,0
151272,0
59940,0
146024,0
49356,1
148999,0
73417,1
14017,1
137426,0
44738,1
66418,0
23286,0
141133,0
62080,0
133090,0
10068,1
41865,0
85400,1
56815,0
135787,1
110931,1
111904,0
59421,0
105800,0
25867,1
78590,0
148310,0
84888,0
29658,1
16681,1
63323,1
103269,0
126997,0
55017,0
148203,0
21630,1
367,0
102600,1
97075,0
51741,1
59330,1
43126,0
40573,0
13265,0
73568,0
16303,0
129972,1
74568,0
87625,1
63188,0
91249,1
134807,0
22435,0
141821,0
149599,0
16729,0
89431,1
122464,0
56175,0
42309,0
120120,1
150214,0
29226,0
47610,0
49491,0
63810,0
135291,1
12409,1
46724,1
130462,0
999,1
137837,0
54246,0
56364,1
131387,0
142641,0
74525,1
71233,1
155737,1
4317,0
61257,1
63412,0
38602,0
94434,1
164263,1
73227,0
64263,0
2400,1
71598,0
9747,0
32170,0
22543,0
34232,0
7902,0
44145,0
85098,0
90115,0
6132,0
79264,0
144401,0
43156,0
12455,0
163191,1
67626,0
160647,1
102383,0
70430,0
31835,1
144555,0
158973,1
70397,0
71274,0
85467,0
47249,0
128090,0
89234,1
22415,0
7529,1
64006,0
162506,0
108381,1
120435,1
132153,0
107521,0
154981,1
148939,1
80902,0
18025,1
11080,0
91597,0
117784,0
64262,0
7493,0
55540,0
127557,0
66032,0
39667,0
99588,0
147286,0
143102,0
31021,0
72057,0
68259,0
97218,0
85043,0
136884,0
81929,0
37623,0
52955,0
1352,0
126098,0
120888,1
85142,0
103566,0
162405,0
80433,0
162893,0
137069,0
123253,1
118099,1
9181,0
63314,0
89791,0
83143,0
107185,0
115856,0
148000,1
106659,0
163062,0
55646,0
118994,0
17562,0
14093,1
116206,0
132445,0
25029,0
38199,0
63628,0
164758,0
4642,1
57926,0
147091,0
74083,0
159335,0
109197,1
22558,1
73426,0
133498,0
98452,1
86653,0
31613,0
78504,0
112031,1
156207,1
124422,0
160420,0
80217,0
21680,0
67111,0
106890,0
18477,1
100313,0
33382,1
133462,0
115181,0
16259,0
105889,0
125958,1
110573,0
152032,0
2124,0
143220,1
12058,0
106438,0
116189,0
77249,1
23579,0
100102,0
99522,0
140611,0
116204,1
66145,0
91913,0
116700,0
97467,0
134028,1
88317,0
127724,1
98040,0
15367,0
125809,1
119069,1
148418,0
72611,0
164386,1
49431,0
112976,1
57225,0
5928,1
91104,1
98107,1
66221,0
124305,0
150019,1
82060,0
149877,1
87369,0
77270,1
146821,0
81432,0
119217,0
21073,0
100306,1
58408,1
82365,1
41816,0
84348,0
117666,0
10929,1
128910,0
123409,1
240,0
91685,0
19412,1
26739,0
87470,0
159676,0
14627,1
66282,0
90062,0
91415,0
28778,0
75465,1
20787,0
109877,0
66677,1
30148,0
112922,0
71410,0
24677,0
141303,0
84310,0
131967,0
11301,0
34569,0
21159,0
149093,0
23145,1
5582,0
133062,0
45547,1
37454,0
117516,0
11101,1
99918,1
88355,1
140016,0
2427,1
84253,0
19472,1
154514,0
80024,0
59018,0
135184,1
10040,1
113354,0
150027,1
16886,0
156160,0
98565,0
95190,1
40028,0
9556,0
100743,0
22256,1
160265,1
28498,0
6636,0
5837,0
4851,0
138624,0
46342,1
74953,0
90093,1
121101,0
15759,0
116819,0
113507,1
14950,1
104132,1
120968,1
42957,0
13578,0
86183,0
12046,0
50495,0
52658,0
118539,0
163696,0
48681,0
7483,1
28,1
158980,0
161355,0
20204,0
44803,1
89947,1
109783,0
29728,0
9244,0
18912,1
125616,1
160800,0
131947,0
135806,1
98094,0
10339,0
93140,0
99860,1
77155,0
45171,0
37045,0
130354,0
82399,1
94658,1
74415,1
53489,0
142193,1
143746,0
90123,0
12285,0
60523,0
34372,0
7653,0
32835,0
155965,1
126296,0
12501,0
13914,0
71258,0
98553,0
75676,0
134825,0
42243,0
124531,0
164224,0
21948,0
10843,1
84504,0
134308,0
122141,0
44044,0
83810,0
45397,1
115992,0
114958,0
125054,0
70495,1
82625,1
107740,0
1879,0
68169,0
1928,1
61560,1
140027,0
26456,0
66848,1
14301,0
121574,0
14664,0
143314,0
43795,0
66334,0
67755,1
157200,0
80358,0
73251,1
112372,1
77545,1
148405,0
132116,1
71878,1
52125,0
113194,0
48280,0
72508,0
27321,0
101254,0
79132,0
130607,0
151628,0
9775,0
100017,1
99497,1
107117,1
126376,0
4983,0
99837,0
42378,0
114122,0
151998,1
51480,1
130817,0
23645,0
136689,0
123000,0
129121,0
78939,0
63062,0
161941,0
20893,0
94549,0
80117,0
113863,0
138201,0
34796,0
147582,1
118218,0
53336,0
59988,1
96855,1
123598,1
102326,1
21578,0
34764,0
68814,0
79748,0
96716,0
132860,0
124693,1
135451,0
38868,0
20348,1
116931,0
155333,1
69828,0
90275,0
21919,0
34979,1
133301,0
130474,0
152437,0
123555,0
16562,0
39313,0
17985,0
103303,1
104861,0
118854,1
137319,0
88491,0
13313,1
2414,1
70563,0
79871,0
103159,0
147553,0
19374,1
147591,0
65949,0
66105,1
75449,0
142425,0
68800,0
94493,0
14098,0
18208,0
131272,0
58643,0
151669,1
103411,1
56284,1
69179,0
43238,0
24566,1
8443,0
95655,0
151556,0
62857,1
158335,0
78510,0
65695,1
160675,0
75101,0
92700,1
155028,0
66912,0
102532,0
66975,0
133288,1
119816,0
146871,0
79412,0
135968,0
102755,0
53268,0
126115,0
723,1
138941,1
38778,0
33147,0
14088,0
113525,0
59248,0
108073,1
3628,0
80322,0
76531,0
159333,1
137857,0
139135,1
115628,0
102635,1
21924,0
87401,1
135542,0
154388,0
65365,0
52288,0
74180,1
7669,0
144294,1
66905,0
145013,0
70180,0
122664,0
1824,0
43814,0
92298,0
43628,0
36978,0
14908,0
150730,1
31357,0
3539,0
88903,0
132107,0
154000,0
5803,0
128403,1
128671,0
37412,0
154605,0
53466,0
100597,0
63524,0
55604,0
581,1
113357,0
41015,0
78488,0
132398,1
90783,1
80114,1
105415,0
47113,0
77938,1
125196,1
107696,0
25107,1
81604,0
103022,0
102458,0
48350,0
60382,0
84005,0
35505,0
151118,1
109299,0
74299,0
26235,0
65298,0
94252,0
4594,1
109702,0
140639,1
53371,0
69736,0
9641,1
124464,0
1946,0
100283,0
109505,0
97499,0
17145,1
50899,0
74511,0
143958,0
27878,0
41123,0
106742,1
125538,0
73185,0
102462,0
104583,1
127179,1
55218,0
142922,1
103633,1
124196,0
31185,1
117578,1
52047,0
50074,1
107595,0
86541,1
137636,0
18824,0
103150,1
105,0
127795,1
161823,0
74048,1
42451,1
12124,0
90294,0
91939,0
23687,0
110795,1
57960,0
127281,0
13039,0
95286,0
30610,0
47322,1
48334,0
58636,0
83324,1
95843,0
62507,0
133740,1
79667,0
50442,1
73667,1
45294,0
149659,0
41903,0
100841,1
130859,0
147081,1
157698,0
95273,0
98743,0
57781,0
158020,1
49517,0
101910,0
86860,0
9062,1
33261,0
102194,0
111428,0
44304,1
17422,0
19838,0
61344,0
103601,0
68709,0
39063,0
157464,0
1207,1
143971,1
122099,1
98504,1
157162,0
86782,0
55175,1
34491,1
136199,0
73074,1
6191,0
103322,0
1391,1
111354,0
51625,1
10312,1
113212,0
105044,1
122022,1
13244,1
118734,0
2595,0
94860,1
71317,1
87751,1
40729,0
65956,0
7660,1
55859,1
143931,0
22782,0
140010,1
17834,0
95862,1
22500,0
119242,1
164658,0
273,0
71143,1
82132,1
18547,0
82116,0
25272,0
86560,1
161236,0
57594,0
138745,0
129294,1
61203,1
121483,0
137088,0
40852,1
70075,1
80311,0
37377,1
82263,0
55385,0
139885,0
143175,0
25930,1
84952,0
156130,0
158849,0
75349,0
124083,0
10559,0
153817,1
137587,1
136459,1
88786,0
112877,1
72797,1
141275,0
154962,0
117219,0
69611,1
18859,1
136020,0
55322,1
142460,1
155289,0
19315,1
46777,1
159487,0
73493,0
96117,0
84443,1
54274,0
130548,1
54600,0
83456,0
95151,1
4372,0
127210,0
157252,0
78685,0
72167,0
30264,0
55580,0
94053,0
147442,1
51297,1
38517,0
77151,1
152611,1
54504,1
68368,1
17229,1
152573,0
27071,0
64441,0
46275,0
159008,0
60163,1
126328,0
161663,0
22799,0
149147,1
158386,0
49300,1
92159,0
95997,1
102551,1
144634,0
26394,1
130583,0
65044,0
148612,0
121894,1
6490,0
83772,0
149986,1
163140,1
2308,0
113562,0
142379,0
81284,1
39110,0
3831,1
69229,0
19322,0
126463,1
26301,0
66174,0
48143,0
115981,1
132976,0
108486,0
120594,1
106126,1
132300,1
136229,0
85424,0
36711,0
82969,0
30577,0
101165,0
97162,0
7303,0
45492,0
76977,0
56491,0
74635,0
15660,0
139247,0
146092,0
88201,1
124572,0
2005,1
142578,0
14989,0
143572,1
140659,1
115002,0
113561,0
33525,0
116452,0
47091,0
94194,0
37072,0
159470,0
65433,1
144897,0
118907,1
102537,0
24779,0
63231,1
38386,0
1864,0
101279,0
123272,0
114299,0
72412,0
152238,0
2992,1
36175,0
149523,1
20435,0
10170,0
18455,0
66985,0
125303,0
95894,0
45319,0
5189,0
109969,1
6977,0
751,1
118538,0
14342,0
135667,0
36283,1
48398,0
82576,0
111675,1
130508,0
54998,0
6102,0
103393,1
148481,0
161984,0
31862,0
122597,0
34330,0
156017,0
9608,0
98664,1
94519,0
136491,0
124189,0
30113,0
78885,0
89934,0
139124,0
31230,1
151207,1
164282,0
88480,0
31843,0
108053,0
163218,0
87739,1
9762,0
77473,0
157660,0
141335,1
101964,1
77949,0
22379,1
101196,0
160352,1
22539,0
20820,0
155188,0
105178,0
36638,1
80251,0
40760,0
164631,0
137582,0
91612,0
7916,1
137469,0
25518,0
150447,0
2270,0
19399,0
7582,1
133437,1
25855,1
92013,0
148925,0
46539,1
113714,0
46746,0
92701,0
110868,0
7350,0
68243,0
119461,0
131986,0
82294,1
67929,0
94494,0
20561,0
26794,0
58276,0
5731,0
34519,0
113148,0
51760,0
13643,1
88259,0
153951,0
19272,0
17381,1
15442,0
73368,1
143301,1
47308,1
123802,0
56242,0
160461,1
164947,1
137888,0
104614,1
38500,0
18302,1
59226,1
121748,1
49311,1
151599,0
43719,0
77597,0
59815,0
98087,1
77619,0
4779,1
66391,0
19526,0
89962,0
85103,1
11136,1
13072,0
164341,0
164694,0
135710,1
122572,0
50481,0
15401,0
54179,0
149504,0
140543,0
58622,0
146085,0
117798,1
45313,0
118133,1
45901,1
40780,0
155162,1
21552,0
115376,1
111190,0
12029,1
148701,0
92926,1
161660,0
146916,0
151438,1
36386,0
50165,0
53724,0
103340,1
74782,1
21566,0
7770,0
67292,1
4220,1
67256,0
159132,0
69487,0
58067,1
45961,1
55134,0
58092,1
118473,0
46750,0
64036,0
137115,1
42902,0
99056,1
139765,1
7730,0
153339,0
135641,0
161885,0
94567,1
149406,0
98521,0
106689,0
12250,1
148915,0
7553,1
37107,0
51183,1
151752,1
68370,0
83855,0
48641,1
58487,1
150286,0
104319,0
161696,1
143795,1
112266,0
99318,1
140374,0
87593,1
139220,1
89683,0
30043,1
118819,1
2413,0
17117,0
60493,1
113921,0
101523,0
26834,1
74148,1
72183,0
36328,1
71502,1
98047,0
134642,0
56080,1
54068,0
127542,0
151180,0
158781,1
120504,1
147338,0
6698,0
112720,0
134824,0
22158,0
138352,0
117384,0
65050,1
22190,1
80975,0
45551,0
140248,0
62638,0
153412,0
106676,0
53938,1
121240,0
120894,1
23310,0
8815,0
76632,0
2988,0
85389,0
18860,0
10677,1
155611,0
92499,0
133590,0
111721,0
132301,0
67706,1
99184,0
116072,1
31718,1
138299,0
80202,0
14391,0
99058,0
23592,1
139407,1
137716,0
75545,0
62874,0
121739,0
38331,0
45992,0
76899,0
42876,0
46369,0
84671,0
115636,0
48517,0
119756,0
27490,0
65970,1
25708,0
109765,0
83926,0
26366,0
60394,0
144745,0
90225,1
7577,0
43035,1
156809,1
65930,0
14249,0
59544,0
59696,0
12869,0
7256,0
65252,1
51865,1
135994,0
128564,1
15206,1
10652,0
36103,1
137467,0
121381,1
23471,0
153027,0
17316,0
131109,0
139975,0
95631,0
8400,0
95571,0
103834,1
118007,0
29914,0
30382,0
63081,0
18998,1
13691,1
127225,0
120047,0
156705,0
81357,0
106076,0
30074,1
119278,0
110171,0
151598,1
9914,0
87386,0
15089,0
103397,0
121382,0
70263,0
40370,0
88071,1
27494,0
80826,1
85367,0
55238,0
123404,0
140404,1
46642,0
88026,0
121301,0
42526,0
66292,0
36287,0
154897,0
40317,0
70053,0
149295,0
60842,0
153470,1
44620,1
98729,0
27667,1
51896,0
52887,0
66633,0
96543,0
84394,0
3593,0
74293,1
126041,1
121767,0
15153,0
58080,0
154279,0
63467,1
29773,0
49391,0
156330,0
9679,1
131415,1
122305,0
29329,1
99723,0
5532,0
21330,0
966,1
127905,1
85184,0
108440,0
93534,0
149087,0
38765,0
88925,0
84204,0
13931,1
87224,1
87551,0
88635,0
66954,0
135947,1
129643,0
89352,1
147978,0
4284,0
43892,0
14962,0
161609,0
46536,0
162117,0
38484,0
12796,1
33970,1
116220,1
56303,0
162336,0
7920,1
81970,0
46524,1
160380,0
59775,0
139718,0
153115,0
141337,0
121055,0
158869,0
158924,0
68060,0
119362,1
30418,0
22495,1
11334,1
101760,1
162566,1
99083,0
15680,0
31247,0
147544,0
92590,0
43672,1
98865,0
69849,0
131973,1
133822,0
19733,0
144949,1
38918,1
129829,0
163619,0
138945,1
59040,1
96674,0
26396,0
58291,1
36381,1
31376,0
144786,0
164835,0
158658,0
91976,0
61198,1
4660,0
150715,0
67876,1
74157,0
148647,0
108115,0
65642,0
32847,0
109673,1
104566,1
46985,0
103296,1
139171,0
83479,1
130199,1
158459,0
125492,0
145106,0
123771,1
27613,0
6613,0
65985,1
1464,0
131894,1
24836,0
130404,0
9873,1
14414,0
74070,1
51952,0
129664,0
39605,0
101513,0
84188,1
55341,0
92583,0
82746,0
34193,0
150916,0
59035,0
69072,0
89655,0
105895,1
91942,0
128454,0
123021,0
64746,0
157065,1
25476,0
321,0
145279,0
93908,0
89241,0
66071,0
21490,1
49632,0
26548,0
70865,1
86934,0
306,1
105694,1
79563,0
45671,0
144196,0
5102,1
24415,0
147863,0
37864,0
47734,1
28598,1
38710,0
17270,0
8518,1
62286,0
109115,0
33159,1
138207,0
88456,0
163620,0
89594,0
128870,0
83559,1
20110,1
5374,0
18881,0
119108,1
154924,0
163396,0
111537,1
58305,0
111974,0
56263,0
87033,0
109963,0
111321,0
71314,1
25169,0
125053,1
129588,0
102701,1
125591,0
42435,1
77152,0
58191,0
23220,1
4347,0
102989,0
91825,0
20736,0
45467,0
60168,1
3921,0
38302,1
44046,0
124410,0
73018,0
81751,0
168,0
53566,1
18691,0
139797,0
53906,1
162242,0
8497,0
130248,1
72042,0
124621,0
64754,0
49899,0
41821,0
61204,0
87482,0
145857,0
129268,0
146073,0
69054,0
82602,1
40972,1
37919,0
61559,1
56684,1
73874,0
32160,0
154862,1
149642,0
87063,1
113909,0
19892,0
113353,0
84301,0
114181,0
11442,0
103975,0
136442,1
110371,1
85133,0
738,1
33428,0
93144,1
127197,1
19858,1
88637,1
146833,0
160441,0
33223,0
157059,0
74096,0
22915,0
38299,0
43407,0
47840,0
81660,0
89370,1
94561,0
81808,1
69433,0
62790,1
61107,1
130400,0
146494,0
128761,0
54378,0
11224,1
155757,0
49945,1
93286,0
104035,1
119996,0
154647,1
132095,0
3253,1
77459,0
155233,1
18770,0
116162,0
2364,0
6797,0
38456,0
22349,0
103042,0
7243,0
24855,0
588,1
34927,0
126769,0
18829,0
37263,0
106727,0
65359,0
113140,0
36958,0
41971,0
157474,0
164579,0
123322,1
89326,0
153394,0
52594,0
120271,0
19780,1
124786,0
112330,1
112281,0
93081,0
22364,0
21717,0
78289,0
163680,1
53093,0
143738,0
99000,0
89978,0
45825,0
131426,0
109170,1
71959,0
18875,1
103868,0
13964,0
25767,1
2669,1
50106,1
117789,1
15446,1
54426,1
6626,0
43092,0
80519,0
18219,1
137157,1
65061,1
39898,0
76183,1
68156,0
60427,0
12143,0
18080,1
28102,0
18782,0
127982,0
96719,0
145416,0
133872,0
139968,1
85525,0
98119,1
75876,0
8323,1
73694,0
95296,0
115204,0
25502,1
26799,0
84591,0
115019,1
82861,1
93508,0
136419,0
135248,0
102449,0
69598,0
75767,1
126434,1
14713,0
10358,0
162943,0
119076,0
82600,0
102391,0
105229,1
38217,0
114278,1
129081,0
36827,0
56579,1
84873,0
16839,0
26855,0
67689,0
20193,0
4127,0
158272,1
97642,0
121795,0
45491,0
91790,0
78863,1
30931,1
44655,0
3017,1
57330,0
58261,0
3653,1
146289,0
124865,1
158199,0
2148,0
110462,1
135925,1
76583,0
19185,1
132058,1
6155,0
105569,0
125000,0
151812,0
20581,1
43162,0
5220,1
56923,0
154244,0
6886,0
34533,1
160972,0
152214,0
44918,0
38613,1
7263,0
38879,0
19314,0
154164,0
51711,0
105673,0
99636,0
63815,0
85150,0
45280,0
18818,0
103070,0
55415,0
43923,0
71295,0
17908,0
109162,1
52786,1
47491,1
36459,0
84345,1
120316,1
103106,1
16758,1
70578,0
84336,0
144739,0
80680,0
29655,0
31008,0
136386,0
81446,0
120995,0
20579,0
119021,0
146703,1
77722,1
64470,0
6204,1
2245,1
79012,0
81104,0
78604,0
119796,1
4862,0
9862,0
40173,1
3652,1
127512,1
12330,0
36349,0
163536,1
67687,0
24935,1
147571,0
78505,1
46829,0
52497,0
6226,1
45406,0
111346,0
41921,0
109435,0
75346,0
22847,1
52442,1
131546,0
164343,0
30515,0
101665,0
27678,0
10308,0
130419,0
113703,0
142086,1
136079,0
158131,1
41056,0
55703,0
50391,1
116838,0
32910,0
150832,1
58923,0
96966,0
82870,1
64955,1
138029,0
104772,1
3071,1
144781,0
114805,0
1063,1
148045,0
158128,0
62010,0
129591,0
58209,0
96119,0
30793,0
153549,0
4620,0
82697,1
129944,0
155369,0
80471,0
160570,1
150207,0
14498,0
145010,0
21169,0
45323,0
72855,0
97647,0
148548,1
112575,0
33931,0
28558,0
69573,0
17120,1
146884,0
90813,0
157114,0
94867,0
92596,0
106142,0
157166,0
16196,1
72199,0
87366,0
34547,1
78785,1
46046,0
56465,1
102336,0
2836,0
81015,0
54769,0
13204,0
22725,0
153285,1
12871,1
55753,1
120429,1
66131,1
15485,0
157346,0
97849,0
117241,0
81989,0
90932,0
92937,1
78838,0
50202,0
146384,1
61499,0
89320,0
113341,1
40756,0
152947,0
112782,0
130241,0
77870,0
42357,1
68346,0
94176,0
52988,0
105254,1
25016,0
23562,0
126751,0
152456,1
159302,0
87080,0
145005,0
41396,0
49438,0
136089,1
143070,0
11893,0
157697,1
140631,1
2665,0
4534,0
22773,0
29398,0
16397,1
85720,0
149178,0
105850,0
112409,0
19640,0
3191,1
103172,0
140349,0
48307,0
68062,0
45635,0
88213,0
163349,0
71099,0
64647,0
29519,0
144141,0
54508,0
129767,0
67038,1
68492,0
119487,1
42292,0
73186,0
15310,0
38435,0
164266,1
136794,1
158663,0
51387,0
65351,0
158960,1
80483,0
106629,0
61762,0
88328,1
149299,1
87338,0
24878,1
29147,1
37136,0
8519,0
100864,0
82603,1
149238,0
99217,1
5107,0
102982,0
19168,0
56884,0
108164,0
74989,0
44372,1
134662,0
158380,0
105227,1
129736,0
118107,0
73608,0
138792,0
136722,0
145858,0
118166,1
76562,0
126050,1
69610,0
24902,1
81719,1
157069,0
47630,1
146484,0
144289,0
136205,1
35469,0
87000,0
148142,0
64399,0
40777,1
62308,1
131096,0
131078,0
10493,0
91198,1
69492,1
113668,0
106960,0
114270,0
132459,0
150868,0
67431,0
97839,0
122372,1
48109,1
64042,0
141899,0
9769,0
52099,0
129712,0
98256,0
84801,0
19656,1
79338,0
104958,0
634,1
155413,0
28175,0
34823,0
152586,0
24763,0
108782,0
22489,0
84123,0
145451,0
141613,1
86501,0
39995,0
103620,0
95665,0
142366,0
8141,1
122065,0
65863,0
9064,1
27594,1
69049,1
133540,1
55870,1
64641,0
58966,1
107965,0
16855,1
19988,0
54046,1
129808,0
111338,1
133202,0
150223,1
51694,0
154719,0
111213,0
162978,0
8018,0
102603,0
31293,0
86140,0
21912,0
53920,1
99030,1
145923,0
126548,0
113432,0
114159,1
143517,0
77497,0
21706,0
145716,1
149050,0
146214,0
74703,0
126487,0
50898,0
137347,0
70031,1
61122,1
154203,1
90386,1
121066,0
113382,0
36293,0
123560,0
22396,0
15908,0
51705,0
62746,0
131300,0
125371,1
153025,0
25095,0
75921,0
155732,0
77208,0
113143,0
2548,1
25553,1
129718,1
151917,0
112719,0
160509,1
140964,0
135668,0
99072,1
6524,1
106051,0
44907,0
55222,1
69234,1
84742,0
119292,1
27668,0
161407,1
132181,0
97364,0
62563,0
164503,0
115068,0
112022,0
132905,0
100817,1
122328,1
98038,0
957,0
63701,0
57665,0
100503,1
94972,0
102612,0
55394,0
20630,0
100964,0
27072,1
116151,1
77841,0
143940,0
146283,0
126946,0
145543,1
97740,0
44770,0
117768,0
121002,1
68339,0
76238,1
123624,0
124287,0
99510,0
8582,1
37326,0
129957,0
49181,1
66352,0
134305,0
109163,0
126395,0
155861,1
57444,1
96991,1
14159,0
157169,1
93293,1
68975,1
75374,1
62640,1
152661,1
104053,0
164537,0
95081,0
20702,0
32984,0
76219,1
24852,1
40250,0
94225,0
13720,1
73428,0
73962,1
69174,0
153001,0
153999,1
118713,1
784,0
95415,0
74150,0
57137,0
155921,0
130343,1
26763,0
108580,0
34589,0
79175,1
138894,1
154544,0
47728,0
121125,0
85919,0
63073,0
133397,0
81944,0
93956,0
70094,1
85049,1
123623,0
67453,0
36653,1
72859,0
85753,0
91393,0
6769,0
47170,0
101624,0
66584,1
10248,0
20280,0
42522,0
134310,0
135773,1
128242,1
61710,1
163088,1
100100,0
128103,1
2924,0
71825,1
4900,0
78329,1
16294,0
101692,0
56955,0
72867,0
164324,0
160503,1
76046,0
126819,0
46480,1
125948,0
12190,0
48713,1
108706,1
135791,0
13764,0
116045,1
51719,0
62907,0
26403,0
42705,0
134872,0
90534,1
68228,0
57343,0
135929,1
10332,1
127394,0
23321,1
158340,0
18159,0
153676,0
98121,0
115931,0
90785,1
139955,0
24574,0
50375,0
59272,1
59924,0
20558,0
149214,1
58578,0
30055,0
49924,0
99403,0
127495,0
63836,0
21617,0
80348,1
94069,0
101789,0
118932,0
26128,1
61548,0
92128,0
120228,0
9956,1
5095,0
152630,0
51181,0
119290,1
63613,0
120986,0
7494,0
101122,1
93320,1
55799,0
8100,0
98431,1
42636,0
116441,0
106227,0
49176,1
147202,0
17724,1
143948,1
18380,0
147287,1
75412,0
28342,0
8355,0
21391,1
122136,0
48347,0
977,0
50068,1
52344,0
45156,0
17454,0
137401,0
121672,0
16218,0
24744,0
40749,0
28009,0
34251,0
162676,0
127840,1
4250,0
75494,0
36369,0
127839,0
27657,0
140764,0
83034,0
109012,1
10506,0
91098,0
130929,0
133574,0
138752,1
122561,0
80052,0
20738,0
157282,1
71887,0
11429,0
108570,1
150895,0
162554,0
124648,1
134357,0
163300,0
98539,0
134844,1
59430,0
140562,1
127176,0
71423,1
28150,0
6782,0
130879,1
16764,0
109357,1
64422,0
133577,1
4876,0
154503,0
108048,1
40066,0
150428,0
40477,0
152650,0
17964,0
123282,0
145555,0
142430,0
16444,1
165,0
150783,0
147833,0
112392,1
56153,0
113825,1
102161,1
34101,0
48516,1
152375,0
161052,0
143758,1
42416,0
124565,0
27995,0
99845,1
101025,1
120723,0
108738,0
119169,0
75869,1
159655,0
117304,0
124383,0
12340,0
14929,1
2302,1
145410,1
80277,0
84260,0
156608,1
28793,0
61642,0
35575,0
9860,0
107370,1
150105,0
132742,0
13175,1
93604,1
147702,1
5032,0
65283,1
62510,0
12704,0
32233,0
116251,1
128742,1
116861,1
49527,0
51511,0
160541,0
56693,1
84522,1
74927,0
55020,1
97930,1
60270,1
145283,0
122120,0
160492,1
113845,0
90920,1
45383,1
93516,0
28473,0
32712,0
90613,0
120574,0
7699,0
138017,1
105105,0
24374,0
116036,1
93527,0
30384,1
150192,0
142179,0
21451,1
157622,0
61231,0
42515,0
56231,0
126321,0
155657,0
5641,1
11358,1
77406,0
4541,0
156918,0
54826,1
130715,0
147424,0
44934,1
140531,0
106098,1
164693,1
102401,0
133553,1
88688,0
1177,0
68215,0
164322,0
58329,0
58461,0
53456,0
82087,0
82289,1
84792,1
121541,0
150418,0
50488,0
20628,0
112620,1
43978,1
137940,1
67557,0
88408,1
157937,0
85009,0
4954,1
83748,1
27077,0
75849,1
151161,0
120461,1
84787,1
153571,0
63519,1
153166,0
47225,1
135757,0
36387,0
145633,0
84068,1
116744,1
133430,0
48607,0
99029,1
125627,0
86839,0
33056,0
164649,0
131379,0
129931,0
99779,0
102264,0
107437,1
5787,1
100173,0
113364,1
87585,0
124737,1
33272,0
164144,1
50292,0
88795,0
49967,0
136214,0
85815,0
11578,1
144025,0
114272,0
6895,0
137748,1
62614,0
103679,0
32370,0
154444,0
58897,1
134456,1
74809,0
152407,1
89749,1
106021,0
140802,1
77752,0
82364,0
104799,1
106222,0
96738,0
78081,1
120358,1
50715,0
55135,0
20821,0
157367,0
141086,1
135723,0
54306,0
482,0
8103,1
71169,0
101926,0
35563,0
141213,1
78459,0
153433,0
113218,0
134101,0
161242,0
32983,0
125667,1
40064,0
73795,0
145294,1
40936,0
83678,0
144845,0
86693,0
36177,0
63368,1
134578,0
104936,0
57499,0
100601,1
27251,0
160813,1
135154,0
145717,0
73690,0
47405,0
23923,1
31214,1
109780,0
129470,1
9099,1
123265,0
67186,0
25911,1
151699,0
16960,0
164228,0
150208,1
86157,1
125130,0
18508,0
101302,0
161651,1
82796,1
140537,1
9760,1
159447,0
136105,0
96917,0
28606,0
68705,1
49455,0
115306,0
98803,0
112057,0
123495,0
46072,1
37972,0
132545,1
56599,0
123525,0
52661,0
126767,0
66152,0
19244,0
14025,1
109107,0
103551,0
49658,0
88168,0
160758,0
80803,0
137870,0
134504,0
53026,1
8410,0
1705,0
106260,1
46677,0
130863,1
9658,1
161649,0
68149,0
111804,0
40876,1
128918,0
105580,0
119891,0
150489,0
154355,0
111270,1
130771,1
49867,0
68184,1
16793,0
164371,1
109425,0
69772,0
147902,0
42003,0
150622,0
158565,0
20380,0
136936,0
5726,0
15261,0
163826,0
123937,1
153268,1
141287,0
10691,0
139386,0
103186,0
43142,0
140319,0
154452,1
70524,1
65785,0
41454,0
126990,0
148031,0
97058,1
158473,0
24342,1
37200,0
107953,0
105746,0
85320,1
64523,0
126239,0
2190,0
163550,0
106792,0
146346,0
35462,0
114902,1
151169,0
37637,1
48305,0
71139,1
48016,1
120268,0
64698,0
15809,0
58016,1
68918,0
90037,1
21813,0
112527,0
39900,0
40256,0
45853,0
122449,1
95070,0
5950,0
18694,0
31657,1
130810,1
23769,0
94568,1
6128,1
78034,0
142541,0
103907,0
99867,0
66765,0
124595,0
83679,1
135798,0
133071,0
130907,0
150971,0
130218,1
43118,1
117840,0
125684,1
116558,1
117379,0
74694,0
15265,0
99090,0
43480,0
102441,0
104791,0
89529,0
93211,0
83783,0
102640,0
17862,1
152705,0
131282,1
12653,1
124923,1
102984,1
115908,0
23536,0
2558,0
162187,1
112515,1
34500,1
55732,0
80530,1
155545,0
151608,0
3589,1
113406,0
117714,0
97659,0
94492,0
39235,0
77216,0
102483,0
25684,0
119851,1
164279,0
12758,1
144003,1
89610,0
19768,1
57617,0
106163,1
69026,0
66327,0
143636,0
15712,1
126796,1
20430,0
128196,0
8763,0
146730,1
95661,0
32374,0
161117,1
116623,0
81580,0
109206,0
40809,1
123356,0
91688,1
101883,0
11421,0
55780,0
24416,1
51782,0
90416,0
40545,0
19877,0
19947,0
12606,0
147367,0
50506,0
130773,0
142088,0
153758,0
158299,0
101079,1
13119,0
159164,1
25299,0
79759,0
30411,0
17370,0
161643,1
55616,1
117653,1
149674,0
138205,0
5208,1
125677,1
85732,0
36149,1
160653,0
104341,1
116475,0
131994,1
76736,0
19633,0
147216,0
104891,1
40822,0
9144,1
25211,0
110607,0
45247,0
76427,0
52855,0
11663,0
11296,0
162963,0
161463,0
62264,0
128748,0
59110,0
137734,0
128571,0
24582,0
31164,0
78615,0
37058,0
142817,0
10525,0
144186,0
50195,0
66030,0
143806,0
81338,0
81200,0
44188,0
17939,0
41978,1
4708,0
83371,1
38553,0
29565,0
60312,1
34613,0
2304,0
112593,0
107274,1
103625,0
117454,0
72438,1
30789,1
31158,0
96661,0
84452,0
56356,0
143452,0
27386,0
103766,1
51471,0
146082,0
39354,0
40849,0
122454,0
4736,0
99246,0
34031,1
3597,0
84815,1
83500,0
66135,0
164342,0
20654,0
22563,0
151710,0
56346,0
153434,0
16905,0
42601,1
83995,1
56879,0
66619,1
118095,1
85602,1
127677,0
63473,0
27159,0
126061,1
59875,0
109488,0
42609,0
82252,1
37566,0
49388,1
14563,0
91868,1
5575,0
12260,1
58441,0
13716,1
131913,1
115001,0
98605,0
5984,0
34987,0
131518,0
48835,0
62000,0
107051,1
69304,0
34123,0
51474,0
60214,0
62393,0
164941,0
104623,0
158456,0
139292,0
60348,0
57905,1
13482,0
89420,0
22580,1
112024,0
140285,0
11104,1
20999,0
143379,0
72976,0
61904,0
126594,1
88902,0
21974,1
96655,1
32061,0
26766,1
21342,1
158318,0
31856,0
143807,0
137904,0
20930,0
21934,0
34876,1
59753,0
17548,1
86436,0
91714,0
28480,0
120226,0
58682,0
84854,0
73221,0
82933,1
3715,1
116473,1
136084,0
161034,1
116660,1
157683,0
9025,1
50017,1
154789,0
154529,0
26122,1
81939,1
151500,0
161287,0
9026,1
35448,0
81870,0
127865,0
90767,0
146577,1
136261,0
89585,0
118504,0
30337,0
115816,1
105095,1
48509,1
112285,0
2009,0
127875,0
120251,0
107651,1
110279,0
107135,1
55401,0
133,0
118142,1
133131,0
125851,0
100137,0
134132,0
30855,1
104920,1
8495,1
36061,0
90782,0
164630,0
59387,1
143890,1
80892,0
17689,1
39950,0
156194,0
117514,1
135897,0
131764,0
152649,1
73942,0
10258,1
125712,0
99037,0
122133,0
51392,0
7330,0
140746,0
27675,0
51798,0
4192,0
162496,0
110864,0
142285,0
31189,1
78445,1
78485,0
24739,0
126644,0
55351,0
58206,1
123618,1
138643,1
135177,1
29965,0
162210,0
92225,1
17461,0
47669,0
96159,0
163926,0
82429,1
137649,1
120407,0
135755,0
38934,0
88459,0
73432,0
162431,0
68007,1
143345,1
119506,0
77861,0
122163,0
92986,0
103202,1
94263,0
90896,1
97154,0
111662,0
96507,0
75660,1
156244,0
126238,0
70146,0
63592,1
34940,0
14708,0
95760,0
132572,0
34476,0
141059,0
149402,0
27282,1
91094,1
29025,0
156303,1
15965,0
123065,1
100072,0
84620,0
24491,1
86205,0
64601,0
51577,0
84258,0
99781,0
31825,0
82281,0
19469,0
90737,0
54192,1
132129,1
35923,0
122327,0
87372,1
140976,0
137694,0
161911,1
133205,0
67884,1
132913,1
86909,0
50493,0
66202,0
95350,0
32405,1
73365,0
12295,0
88761,0
124507,0
129924,1
157123,1
44662,1
87025,1
122928,1
47953,1
163561,0
68917,0
47845,1
20845,1
62593,0
139399,0
71221,0
1301,1
96554,1
159592,0
75521,0
60507,1
73197,0
142977,0
62506,0
14061,0
44544,0
105824,0
81880,0
79484,0
145993,1
136135,1
32426,0
108213,1
142979,1
155703,1
48217,1
24540,0
66217,0
112775,0
57428,1
121286,0
158173,0
153154,1
126410,0
38819,1
106089,0
25740,1
161797,0
58168,0
148048,0
13233,0
128500,0
144285,0
140484,1
164102,0
115152,1
124556,0
149071,1
104937,1
108014,0
46703,0
97463,0
17762,0
80294,0
81811,0
33207,0
47640,1
51237,0
157860,0
28787,0
158051,0
152150,0
143603,0
81484,1
125632,1
16868,0
135487,0
19271,0
27142,0
114402,0
5280,0
76719,0
74793,0
99985,0
72700,1
48969,1
114009,0
144957,1
3098,0
6819,0
119543,0
56535,0
19778,0
109216,1
135428,1
2385,0
147046,1
9368,1
101950,1
766,0
39222,1
54226,1
95121,0
94249,0
13575,0
114611,0
14832,0
13371,0
10620,0
11725,0
153038,1
4176,0
65994,0
99624,1
82704,0
111303,0
28368,0
155994,0
129613,0
125714,1
142076,1
35353,0
141141,1
67750,0
118572,0
33142,0
26829,0
97944,0
160699,1
125960,0
64010,1
141727,0
95799,0
101037,0
17705,0
153779,1
13699,0
128091,1
149888,0
165013,0
54524,1
149592,0
129535,1
22117,0
89878,0
21341,0
99154,0
85353,1
132574,0
104714,0
70689,1
82478,0
130176,0
127478,0
78114,1
94989,0
118708,0
92121,1
5340,0
12339,0
19638,0
109759,0
100059,0
132373,0
159882,0
53157,0
155699,0
150625,0
67456,1
15861,0
145999,0
154701,0
140259,0
110351,0
62197,0
18797,0
91117,0
103537,0
143027,0
123972,0
34990,1
137445,1
134773,0
24223,0
9435,1
67303,1
12161,0
91832,1
57475,0
117900,1
63674,0
2839,1
116560,1
80123,0
47007,0
129914,0
141528,1
29550,1
156471,1
156785,0
7460,1
60704,0
118523,1
159441,0
67916,0
68884,1
82239,0
44346,0
133185,0
72994,0
93532,0
7796,0
145136,1
101023,0
7638,0
73439,0
100947,0
79354,1
119256,1
99048,0
97474,0
31065,0
164003,1
89194,0
78173,0
119138,1
116514,0
114523,0
9436,0
14899,0
164129,0
20418,0
12598,0
26628,1
806,1
138390,0
43006,0
66170,0
18095,0
33788,0
118954,0
140390,0
132840,0
107114,0
52874,0
7473,1
110077,0
81451,0
128183,0
119864,0
22412,0
119094,0
133617,0
82955,0
17965,1
19006,1
150440,0
20791,0
28140,0
128791,0
72997,1
134622,0
73709,0
122345,0
74737,1
53941,0
19498,0
159210,0
65331,0
99954,0
150983,0
112320,1
40418,1
36106,0
12857,0
164001,0
105287,0
69955,0
66412,1
131254,0
89085,0
150102,0
81802,0
114603,0
148840,0
43122,0
111475,1
83863,1
78537,0
33574,1
145189,0
20080,0
76627,1
147686,0
111713,0
77703,0
127458,0
58250,0
53590,0
160269,1
77789,0
60852,0
162562,1
19854,0
55027,1
161650,0
150302,0
7159,0
109512,0
51367,1
106597,1
120546,0
67573,1
72796,0
157695,1
102854,1
109305,0
103045,0
82518,1
16069,1
58126,0
101146,0
145911,0
144833,0
125060,0
39269,0
63773,0
91431,1
132112,1
164206,0
152442,0
149799,0
97762,0
67569,0
117617,0
16235,0
74022,1
63874,1
158603,1
12471,0
65784,0
66264,0
68560,0
145590,1
93801,0
18736,0
88758,0
135014,1
111694,0
24782,0
148017,0
65239,0
109364,0
139326,0
113946,1
25064,1
23420,0
4700,0
35866,0
48034,1
45713,0
98010,1
123917,0
5215,0
63540,0
62163,0
42200,0
148547,1
17033,1
39629,1
106395,1
77190,1
131726,0
44896,0
25599,0
154842,1
52679,0
88794,0
83639,0
146317,1
1630,0
91345,1
159552,0
97311,0
26682,0
50587,0
62832,0
81514,1
95202,1
62106,0
95011,0
116104,1
116665,1
83756,0
125823,0
133342,0
149834,0
98310,1
66649,1
114829,1
43226,0
41033,1
137256,0
34736,0
82089,1
130940,1
6166,0
36519,0
144197,1
119216,0
113917,0
133395,0
5762,0
89668,1
88313,1
75214,0
30157,1
65074,0
53777,0
99475,0
67195,0
121402,0
25588,1
144809,1
52625,1
26811,0
146068,1
15573,0
19250,0
159315,0
68623,0
31558,0
128362,0
133143,1
112558,0
20119,1
70971,0
160030,0
153222,0
67616,0
135588,0
64121,0
33978,0
22175,0
113585,0
34119,0
22002,1
57204,1
144403,0
51586,0
29428,1
160799,0
79714,0
133293,0
50921,0
36572,0
58728,0
56331,0
161322,0
102417,1
42442,0
103814,0
64943,0
156072,0
38518,0
151634,0
83427,0
109565,1
34218,0
20988,0
89077,0
76928,0
152868,1
150067,1
149668,0
137396,0
146324,1
87149,1
96676,1
120286,0
164721,0
46209,0
158098,0
82821,1
102227,0
104510,1
53827,0
100540,0
14688,0
86040,1
59218,1
134666,1
131045,0
155638,0
42048,0
147236,0
35245,0
57771,1
111436,1
92046,0
115301,0
85147,1
141410,0
84236,0
113902,1
77582,0
114990,0
93057,0
150442,0
181,0
7631,1
127401,0
40942,1
144155,0
13572,0
162740,1
27296,1
1493,1
161675,0
122594,0
21775,0
146028,0
58533,0
114983,0
7864,0
34247,0
112810,0
67860,1
15704,0
14965,0
80846,0
98498,0
69910,0
2880,1
36256,0
53660,1
94915,0
54797,0
148773,0
99356,0
94564,0
67152,1
157665,1
107788,0
78004,1
118986,0
77757,0
131173,0
28891,1
75404,1
25791,1
53289,0
78064,1
111509,0
133222,0
162832,0
73913,0
130138,0
86066,1
132712,0
21045,0
125585,1
139995,0
149151,0
115156,0
133902,0
143171,0
132454,1
65282,1
163567,0
40242,0
89900,0
38559,0
157261,0
1489,0
106148,0
156647,0
1033,1
50887,0
65099,0
42361,0
24279,0
59560,0
163692,0
103762,0
157875,0
23199,0
35783,0
67241,0
107470,0
6359,0
43077,1
145688,0
24108,0
52954,1
92683,0
142071,1
111600,0
18852,1
148021,0
10624,0
3508,0
146959,0
113055,0
30788,0
7164,0
45017,1
11484,0
95588,0
67619,0
121187,0
124739,1
124294,0
50653,0
48932,1
74493,0
134483,1
89496,1
10887,0
107044,0
113233,1
135064,0
119764,1
85057,0
35056,1
12718,0
86647,1
88881,0
29504,1
130025,1
17809,0
31218,0
108946,1
5449,1
45390,1
100244,0
42188,1
131463,0
30017,0
117707,0
17674,0
62615,1
59436,0
81463,0
129393,0
51406,1
130357,1
38208,0
54115,0
11382,0
126369,0
9461,0
80968,0
19872,0
30845,0
18717,1
34194,1
126111,0
152259,0
22681,0
123490,0
162894,0
110195,1
25258,0
154316,0
148359,0
17596,1
159553,0
44940,0
71961,0
66423,1
57424,1
27252,0
24899,0
112125,0
28397,0
119582,0
85625,0
52916,1
152616,1
34312,0
115833,0
54166,0
151891,1
98445,1
130881,0
141153,0
112615,0
93973,0
42067,0
39009,0
56446,0
100737,0
4485,0
2594,1
70017,0
28743,0
108057,0
90399,0
55508,0
53738,1
59067,0
88151,1
141258,1
29463,0
48170,0
159235,0
118569,1
13687,0
27528,0
3835,0
6101,0
137887,0
61929,0
146633,1
71470,0
131624,0
123931,0
100375,0
109337,0
134003,0
32645,1
58315,0
82339,0
133059,0
87621,1
100080,0
93613,0
132063,0
101252,1
93843,0
140450,1
90051,0
127044,0
83660,0
73515,1
163432,0
33684,0
78763,0
40239,1
94406,0
138335,1
63600,0
32918,1
35112,0
91073,0
109518,1
17827,0
34025,0
144167,0
157696,0
5429,0
80997,0
145721,0
99976,1
109870,0
99453,0
39000,0
126180,0
62508,1
46062,0
43818,0
30109,0
81147,0
58700,1
134052,0
15339,1
26005,0
81362,0
47918,0
43353,1
8308,0
159983,0
66114,0
25215,0
120534,0
30547,0
34056,1
51665,0
119593,0
46009,0
86411,1
50745,0
90224,0
121922,0
33022,0
88649,0
69167,0
142130,0
147418,0
72004,0
122914,1
93341,0
37309,0
109226,1
19193,0
164147,0
66229,0
135466,0
22390,0
51186,0
71127,0
42720,0
62956,1
51172,0
51777,1
63061,0
22715,0
49140,0
127638,1
111668,0
56699,1
47246,0
129084,1
126697,1
84238,0
104473,1
498,0
94879,1
33413,1
151877,1
117079,0
41613,0
150993,0
25433,1
33388,1
23812,1
65796,1
79858,0
13895,1
105984,0
9242,0
134090,1
7934,0
94264,0
22292,0
116507,0
31714,0
121241,0
96468,0
135134,1
73148,0
55674,0
115662,0
137200,1
57348,0
140741,0
159002,0
152558,0
47235,1
153658,0
149965,0
23181,0
94012,0
55587,1
34394,0
107354,1
140222,1
75078,0
117,0
52268,0
139816,0
19578,1
3051,0
146428,1
51820,1
140939,0
25528,0
122340,0
75796,0
58601,1
148891,0
143304,0
141414,0
31513,0
88288,0
109263,1
52496,0
37057,0
127369,1
129666,0
77742,0
115554,0
94462,0
64860,1
149647,0
163757,1
107994,1
134182,1
156511,0
162065,0
163783,0
120621,0
54943,1
51206,0
2798,1
127869,1
156793,0
39776,0
72850,1
46673,1
97167,0
35588,0
106307,1
21997,0
114235,0
32208,0
8463,1
140844,0
88511,0
64286,1
4684,0
77529,0
58054,0
64976,0
40339,1
24922,1
32339,0
76421,0
7218,0
143613,1
34359,0
98828,0
130142,1
67219,0
13470,0
85333,0
132989,0
84430,1
98809,0
19453,1
150121,0
73967,1
151565,0
48442,1
144054,1
161851,0
135608,0
14439,0
114276,1
142805,1
117090,1
48351,1
102535,0
163861,0
42605,0
120572,0
138570,1
109042,0
32913,1
15241,0
96443,0
106590,0
50812,0
24867,0
102618,0
30802,1
115760,0
104767,0
99519,1
165016,0
93687,0
81987,0
68,0
5900,0
61349,0
32428,0
20013,0
118393,0
160522,0
111892,1
25876,0
153885,1
152638,0
26041,0
137972,0
112097,0
103298,1
49629,0
88298,0
159935,1
164008,1
43074,0
138215,1
73363,0
144386,0
160924,0
101936,0
43024,0
58453,0
157653,0
37117,0
6898,1
21015,0
10290,0
47000,0
41910,0
70571,1
126666,1
53169,0
119192,1
14473,1
104748,0
18635,0
124978,0
80549,0
99645,0
113956,0
100115,0
129001,0
57047,0
151762,0
95813,0
120033,1
128983,0
17002,0
127771,0
55886,0
127579,0
72208,1
2217,0
104239,0
57601,0
57526,1
16175,1
98398,0
146657,0
30546,1
135537,1
86149,1
57793,1
119146,0
127263,0
31602,0
51456,0
3721,0
69431,0
107415,0
53702,0
63347,0
70745,0
27126,0
96105,0
97333,0
60205,0
14318,0
14846,1
63575,1
13007,1
81664,0
50721,0
103505,0
112643,0
134149,0
18543,0
41189,1
142438,0
100630,1
44685,0
139320,0
132907,1
35838,0
156841,1
103892,1
141385,0
40685,1
145951,0
4210,0
36612,0
38148,0
147062,0
1210,0
45987,0
121582,0
113436,0
53261,1
80312,0
126847,1
131349,0
104905,0
127650,1
11512,0
135460,0
76620,0
17459,1
2158,0
35321,1
57135,0
27871,0
154116,0
138867,1
123975,1
58604,0
15544,0
147619,0
62518,0
139551,0
161081,0
144344,1
60144,0
74375,1
8250,0
76900,0
137860,0
98642,0
136585,1
130159,0
150516,0
127444,0
128437,0
83475,1
47844,0
45819,1
88117,0
116790,0
68628,0
87146,0
70393,0
40861,0
97842,0
22876,0
21445,0
145490,0
136406,0
50041,0
135493,0
69233,0
90588,0
26177,0
26867,0
91844,0
61529,1
83825,0
164093,0
112553,1
44925,0
58025,0
88256,0
133181,0
53997,0
120663,0
93850,1
61274,0
76643,0
71122,0
154212,1
138056,0
156503,0
143681,1
91709,0
31474,0
118913,0
99625,1
18531,0
17929,0
1950,0
94936,0
79895,0
81146,1
77945,0
54980,1
79575,0
42254,0
65233,0
67380,0
162864,1
98486,0
95214,1
17607,0
116524,1
49100,0
18760,0
112093,0
152185,1
83796,1
161950,0
93787,0
117855,1
156075,0
59959,0
119995,1
143073,0
131359,0
132842,0
15004,0
146921,1
67992,0
124928,0
59379,0
65675,1
53672,1
16366,0
23316,0
64611,1
155850,0
150925,1
135583,0
56828,1
37014,0
157946,1
138314,0
84733,0
123924,0
65289,0
49174,0
123513,0
64630,0
83062,1
74858,1
157108,0
80108,0
121518,0
85824,0
100830,0
18374,0
104549,0
78725,0
29307,0
138153,0
36046,0
101010,0
76743,0
58955,0
6687,0
106197,1
106484,1
161271,0
139200,1
4931,0
11823,0
140538,0
154755,0
39945,0
112514,1
36446,1
73232,1
117815,0
106769,0
55528,0
161051,1
91430,1
31573,0
81863,0
77771,0
35567,1
143653,1
157727,0
2418,0
103895,0
159456,0
63105,0
113265,1
90506,1
49776,1
15001,0
54367,0
34032,1
7855,1
15448,0
71473,0
20587,1
153864,0
4449,1
22621,0
120689,1
117211,0
91779,1
69738,1
62301,1
57411,0
90658,0
117402,0
62998,0
62670,0
115897,0
127331,1
114106,1
3567,0
42884,0
26009,0
115766,1
164542,0
159362,1
27557,0
67859,1
81737,0
45352,0
159508,1
46294,0
47428,0
34244,1
101929,1
141253,0
97605,0
162568,0
162975,0
127933,0
73380,1
51858,0
115543,0
150994,1
145612,1
30697,1
86685,1
10615,0
8922,0
104945,0
73638,0
27830,1
114063,0
69198,0
61693,0
27523,1
123445,1
20924,0
45295,1
114672,1
137921,1
145677,0
2661,0
117915,0
131032,0
100624,0
145324,0
73989,0
130425,0
50480,0
29879,1
65469,0
128267,0
134514,0
138276,0
47310,0
100768,1
84904,0
157869,0
71628,1
157769,0
45082,1
60317,0
57488,1
120907,0
19430,0
20009,1
130085,0
134410,0
118574,0
128991,0
62486,0
2698,1
2256,0
133048,0
156520,0
3032,0
78742,0
154568,0
60849,0
140823,0
115593,0
159304,0
2077,0
138957,0
142888,0
41398,0
31046,1
67294,0
122095,0
32422,0
69047,0
4898,0
146765,0
123367,0
109336,1
45946,0
127487,0
132353,0
143179,0
17642,0
40730,0
29427,0
21826,0
116270,0
47884,1
25341,0
15985,0
123848,0
64862,0
132761,1
15386,0
138465,0
84859,1
42001,1
64674,0
102063,0
158088,0
103597,0
116446,0
67774,0
21998,0
40725,0
161213,0
103410,0
114584,0
69766,1
60407,0
158619,0
41177,1
75018,0
109489,0
21482,0
131171,0
68359,1
74146,0
156097,0
62093,0
110595,1
27058,0
70442,1
85280,1
118193,0
111862,0
132673,0
12642,0
50427,1
100882,0
119867,1
120513,1
106811,1
109389,0
135301,0
27743,0
44094,0
67469,1
65304,1
20265,0
52438,0
37344,0
160767,0
38360,0
68636,0
146903,0
74423,0
162701,0
95752,0
160273,0
13416,0
64298,0
59125,0
61228,0
22589,1
31946,0
88660,0
120100,0
435,0
148651,1
5527,0
60302,1
137513,1
16897,0
100466,0
78080,0
135057,1
25070,0
13665,0
41176,0
91088,0
46813,0
48805,0
39491,0
107031,0
43326,0
126283,1
46359,1
103617,1
637,0
151728,0
153484,1
91551,1
40912,0
124138,0
59257,0
17914,1
77024,0
146827,0
75240,0
140991,1
49282,0
158353,1
140772,1
74862,1
30572,1
135404,1
40313,0
119817,0
104142,0
13080,0
118514,0
154140,0
34913,1
3251,1
9839,0
104631,0
26605,0
2059,0
32302,0
55505,0
89199,1
26279,0
75706,0
160238,1
130441,1
119691,0
39720,1
5503,0
140712,0
57231,1
120297,0
5553,0
73659,0
116128,0
159125,0
88012,1
103722,0
116021,0
17631,0
114413,0
56233,0
21524,0
34375,0
34187,0
73907,1
127951,0
72713,0
149282,0
106091,0
89014,1
39099,0
122697,0
89217,0
79383,0
68029,0
77472,1
40815,0
160911,0
75194,1
117443,1
116836,0
61177,0
97053,1
40826,0
115025,1
99431,0
54003,1
160703,0
70326,0
5904,0
142392,0
12495,0
134126,1
93019,0
160260,0
46526,0
129962,0
48151,1
23547,1
104207,0
27566,0
70900,0
137455,0
133708,0
89157,0
64962,1
22634,1
5048,0
2086,1
141992,0
19111,1
55215,0
157150,0
69187,0
62830,0
143403,0
164524,0
76011,1
57931,0
78682,0
71091,0
127505,1
37384,0
124437,1
57416,1
57754,1
14676,0
17130,0
17860,0
22034,0
40161,0
17734,0
355,0
8287,0
153937,0
115943,0
49788,0
12155,0
61721,0
6593,0
122479,1
16559,0
65240,0
72483,0
34112,0
25996,0
158000,0
162111,1
79054,0
101443,1
7794,1
19512,0
133024,1
67325,0
163028,0
83647,0
50452,0
30417,0
126526,0
33649,0
36610,1
127328,0
34156,0
150638,0
51931,0
93443,0
96691,1
159834,0
133704,0
58220,0
114349,0
36026,0
17167,1
23336,0
152413,1
138940,0
164821,1
147016,0
39006,0
161632,1
63145,0
42271,1
43756,0
101242,0
133151,1
106036,0
138532,0
50142,0
141900,1
91068,0
16094,1
31462,1
29541,0
90764,1
61575,0
85429,0
67885,0
90113,1
41094,0
125097,0
128947,0
34209,0
50439,0
95699,0
72275,1
158461,1
82445,0
88017,0
53177,0
41612,1
54861,0
43737,0
118380,0
104774,0
148374,0
66129,0
150421,0
123746,1
125145,0
159236,0
121234,0
89815,0
71462,0
29266,0
54452,0
95270,0
103570,0
29464,1
83909,0
25298,0
86539,1
60638,0
80268,0
154674,0
77250,0
4875,0
63721,0
34378,0
67678,0
160816,0
16037,1
115727,0
59613,0
144909,0
86136,1
158724,0
68011,0
15687,0
898,0
83345,0
92149,0
146151,0
98406,0
50155,0
102587,0
57833,0
20521,1
65613,0
112677,1
71194,0
118056,0
86955,0
99422,0
125187,1
133438,0
159174,1
18879,0
5507,0
38278,0
103481,0
114851,0
108125,0
63302,1
141626,0
150134,1
151215,0
153257,0
164460,0
110811,0
36737,1
20802,0
45928,0
109169,0
110105,1
140464,1
91069,0
117199,0
154076,1
78566,0
44835,0
14520,1
112554,0
88543,0
110212,0
19485,0
70954,0
76588,0
144931,0
26702,1
61736,0
49979,1
149461,1
141208,0
126924,0
1981,1
164888,0
151329,1
9551,1
47542,0
88163,1
89020,1
50962,1
114975,1
141482,0
95678,0
16899,1
162304,0
123143,0
133429,0
157183,1
25270,0
136556,0
33983,1
49799,0
63072,0
8477,1
133860,0
33121,0
66864,0
87105,0
105210,0
45968,1
56200,1
83346,1
101580,0
113115,0
26695,0
106356,0
102419,1
141062,1
44116,1
87981,0
14888,1
65526,0
57033,0
53723,0
24992,0
119994,1
17374,1
10567,0
160119,0
160468,0
40123,1
149015,0
67944,1
87133,0
75107,0
91554,0
125294,0
85410,1
20169,1
89023,0
1616,0
108071,0
57015,0
17071,1
58820,1
121013,0
152428,0
43233,0
70020,0
110298,0
33619,0
154120,0
16991,0
59688,0
36245,0
30570,0
87251,0
24325,0
118570,0
19384,0
136198,1
1763,0
80417,0
76826,0
21970,0
69800,0
82519,0
153694,0
135681,0
47535,0
53357,0
139590,0
25415,0
122034,1
107749,1
86853,0
99888,0
161840,0
122856,1
70886,0
87993,1
21208,0
137629,0
125003,0
32527,1
128491,0
13428,0
100205,0
74466,1
69412,0
50213,0
104333,1
150468,0
4089,0
116461,0
91297,0
121462,0
29242,1
24095,0
18429,0
26618,0
82312,0
103557,0
21789,1
108988,0
161158,0
141910,0
121622,0
6371,1
31212,1
4780,0
141181,0
2854,0
148566,0
57024,1
28130,0
21410,1
30318,1
159963,0
18788,1
138890,0
51093,1
128801,0
115170,1
38223,0
50571,0
12897,1
55783,1
45285,0
43190,1
43451,0
41824,0
102228,0
130696,0
33676,0
35243,0
152212,0
96937,1
31660,0
96187,1
7286,0
4228,0
119981,0
136487,1
25974,0
103837,0
5055,0
130358,0
53224,0
156554,1
30509,1
164421,0
15027,0
63685,0
69423,1
83740,0
72689,1
97042,0
138025,0
131805,1
81905,0
137547,0
141342,0
36111,0
129371,1
91815,1
130530,0
117547,0
156297,1
122866,1
98953,0
65145,0
9934,0
105645,0
101529,1
94052,0
37441,0
37896,1
104340,0
41735,0
11216,1
84531,1
72553,1
64452,0
72149,0
115663,0
88750,0
38033,0
157120,0
69441,0
55030,0
7424,1
148175,0
112992,1
31267,0
29021,1
123811,0
49922,0
16677,1
19894,0
62242,0
102068,0
96584,0
151714,0
14283,0
161433,1
24839,0
1333,1
99909,0
33276,1
160293,0
65841,0
117806,0
150185,0
103470,0
37607,0
136879,1
370,1
108283,0
19914,0
144206,0
20559,0
107631,1
115803,1
12627,0
30476,1
44236,1
85991,0
71890,0
146883,1
155478,0
71822,0
83378,0
75791,1
80012,0
42104,0
12395,1
117404,0
27135,1
149350,0
127945,0
99573,0
87531,0
146719,1
97323,0
41744,0
143702,0
70358,0
160309,0
90765,0
94854,0
145533,0
114329,0
42470,1
54038,0
10157,0
8817,0
46135,1
3410,0
66521,1
153389,1
68052,0
145766,0
71192,1
142381,0
73494,1
67127,1
61021,0
130094,0
159782,0
112135,0
150041,1
80668,0
102930,0
34555,1
116334,1
153521,0
145123,0
162769,1
67002,0
95673,0
44622,0
68197,0
156390,0
75172,1
91001,0
93935,1
62809,1
29085,0
98970,1
108447,0
34098,0
81586,1
113696,0
99210,0
19940,0
13761,1
52822,0
12052,1
63589,1
82956,0
145971,0
77414,0
13682,1
56756,0
127459,0
124823,0
57061,0
79192,0
130397,0
25392,1
57586,0
118726,0
130480,0
4661,0
29745,1
74876,1
151952,1
7739,1
21055,0
137601,1
55977,0
86954,1
63402,0
89758,0
137242,0
162929,0
164676,0
59329,1
113221,0
19433,0
92850,1
152192,0
77044,0
24317,0
146635,0
69902,0
58118,0
125243,0
100651,0
101362,1
164202,1
74645,0
23976,1
123036,1
70468,0
76792,1
58196,0
51052,1
61873,0
39833,1
97332,1
117692,0
134963,1
107566,0
68230,0
148250,1
5862,0
152414,0
72301,0
98989,1
9225,1
164728,0
24538,1
164020,0
45699,0
149891,0
68844,0
107753,0
82477,0
163048,0
42250,0
94924,0
156381,0
100835,1
83100,1
101603,0
99424,1
60192,1
94531,0
110676,0
28815,0
21140,0
120392,1
28916,0
74385,0
5944,1
66331,0
15379,0
146501,0
137223,0
36417,0
60260,1
67507,0
86095,0
87819,0
55785,1
35164,0
129915,1
52915,0
36400,1
111606,0
81877,0
16276,0
109899,1
87694,0
27172,0
11925,0
77997,0
45037,0
112522,0
69177,0
35104,0
20533,1
53836,0
43319,0
137544,0
118040,1
47434,0
122379,1
57405,0
158207,1
148372,0
45575,0
6635,0
33058,0
55211,0
143761,0
128238,0
158648,0
119570,1
116640,1
16349,0
54002,1
29189,1
63928,0
156660,0
44377,0
131134,1
74007,1
54873,0
98376,0
65414,1
130182,0
152614,0
128802,0
119327,0
71877,0
83137,0
80756,0
163264,1
59384,0
62446,0
125362,0
79249,0
7727,0
100960,1
91505,0
45814,0
4099,0
9334,0
107158,0
160389,0
31104,0
35771,0
17878,1
52985,0
526,0
64466,0
41243,0
48971,1
142484,0
43161,0
55615,0
116996,1
90623,1
52214,0
68784,0
18494,0
12479,0
61890,0
117813,0
104674,0
21097,1
83393,1
128290,0
119366,0
72669,1
96835,1
148916,1
70405,0
167,0
147565,1
42103,0
65409,0
98558,1
20163,0
79727,0
27191,1
94643,0
57066,0
103008,1
155883,0
33727,0
76972,0
47678,0
74865,0
51780,0
117827,1
96856,1
76090,0
62399,0
67913,0
42350,0
93173,0
108633,0
18924,0
83644,0
8609,0
142428,1
39678,1
3374,0
7895,0
163276,1
120956,0
33994,1
73062,0
155293,0
76518,1
52027,1
4738,1
122297,0
68958,0
13685,1
112279,1
80094,1
106327,0
93401,0
144628,0
154895,0
25543,1
119838,0
156176,0
158511,1
139682,0
56689,0
47221,0
46355,0
157118,0
150179,0
122757,1
23546,0
116738,0
55545,0
97302,0
34920,0
103285,1
102315,0
60176,0
147389,0
112533,0
108350,1
101163,0
25862,0
79585,0
61830,0
79725,0
106210,1
57213,0
116652,1
128900,1
69924,1
103998,1
68583,1
103912,0
22360,0
136060,1
27663,0
142645,0
6196,0
120397,1
103287,1
12075,0
53693,0
45653,0
159214,0
65328,0
35384,1
152895,1
136353,0
161530,1
33852,1
72864,0
39795,1
112723,0
31896,0
41038,0
113015,0
25922,0
116294,0
49353,0
27123,1
94243,0
87024,0
160840,1
33851,0
12485,0
80798,0
86237,1
17174,0
21887,0
13102,0
33653,0
1921,0
155195,0
121346,0
27681,0
154243,1
146704,0
84038,0
32613,0
60814,0
101541,0
55029,0
51949,0
124965,0
93106,0
150252,1
111044,1
118347,0
88245,1
208,0
112482,0
73850,0
57902,0
82115,0
85272,1
17590,0
70959,0
82776,1
100665,0
155655,1
51935,1
63149,0
6488,0
161954,0
124046,0
29128,0
6472,0
61844,0
137596,0
97821,0
17650,1
5732,0
135631,0
98123,0
138560,1
30371,1
121442,0
151196,0
145185,0
155393,0
124213,1
67921,1
85096,0
11748,1
146583,0
20203,0
75906,0
107873,0
102026,0
112130,0
61026,0
72324,1
66795,0
135264,1
78301,0
100479,0
95379,0
84220,0
115299,0
97579,1
115741,0
149102,0
150576,0
2803,0
145492,0
54535,0
115721,0
94882,0
153677,0
36770,1
105458,1
37925,0
11681,0
112744,0
42489,0
150959,0
117712,0
116983,1
3335,0
120710,1
295,0
19863,1
126004,0
128554,0
50342,0
41563,0
3160,0
9068,0
4298,0
87911,0
105021,0
127090,0
24624,0
74649,0
23355,1
66712,0
110712,0
37878,1
29722,0
50900,0
31344,1
82403,0
150863,0
58478,0
54332,0
163137,0
37982,0
64794,0
26446,0
8126,0
2395,0
103582,0
15515,0
92559,0
110987,0
24212,0
12174,0
10919,0
11816,0
25824,0
69679,1
54770,1
157819,0
164229,1
154559,0
100691,0
92519,1
141456,1
34402,0
39631,0
42817,1
99277,1
66058,0
85453,0
139242,1
139307,0
70646,0
94349,0
94790,0
93219,1
52338,0
144467,0
27545,0
38344,0
163025,1
83068,1
6992,0
17264,0
75499,0
69861,1
89821,0
131323,0
72871,0
119474,1
156751,1
95891,0
38698,0
34408,1
19524,0
67803,0
77040,1
104462,0
36344,0
108945,0
135354,0
70631,0
97083,1
125351,0
50778,1
13394,0
107333,1
125193,0
150039,0
86203,0
68061,1
128921,0
71432,0
98520,1
96794,0
80450,1
107459,0
97518,1
130015,1
103385,0
88969,1
127144,1
140938,0
46806,0
145299,0
61288,1
73668,1
25044,0
134540,0
77221,0
108613,0
157723,0
17131,0
91448,0
12177,1
148585,0
24343,1
127688,0
118790,1
8206,0
140421,0
101630,0
4553,0
125764,0
119629,0
10319,0
63999,0
110603,0
57379,0
50173,0
12756,0
117944,0
24338,1
164126,0
153098,1
39608,1
140203,0
113269,0
122257,1
110546,1
31728,0
79618,0
136938,0
49422,1
24844,0
107572,0
102392,0
131901,0
73933,0
138555,0
107964,0
16790,0
99704,1
89951,1
69418,0
104348,0
26376,1
69946,1
95480,0
69019,0
49052,0
94677,1
145445,0
142022,1
108939,1
103719,0
121038,1
161719,0
19950,1
110320,0
11884,0
5685,0
69144,1
48860,0
146315,0
53954,0
48828,1
101666,1
90121,0
77598,1
125449,1
107210,0
92283,0
129392,1
153432,1
66529,0
74121,0
36934,0
45477,0
61544,0
153531,0
41793,0
126894,0
109507,1
95609,0
100288,0
160219,0
77710,1
1237,0
77426,0
22917,0
64267,0
22334,1
109754,1
19162,0
25185,0
65501,1
45880,0
41122,0
61973,1
35805,0
127524,0
44672,0
133363,0
19331,0
163331,0
1419,0
49233,0
106185,1
120056,0
18130,0
77948,0
56783,1
153408,0
82300,0
139863,1
14004,0
32449,0
62629,0
137121,0
61557,0
82769,1
157735,0
153581,0
129261,0
119347,0
132704,0
73696,1
136397,0
129148,0
27920,0
86797,1
114728,0
10485,0
93821,0
119112,0
153049,0
135778,1
34708,1
155058,0
89386,0
146794,0
28675,1
150408,0
43561,1
9504,0
140799,1
23442,0
90710,1
5595,0
61360,0
159068,0
22269,0
132516,0
57797,0
8167,0
99935,0
61957,0
85373,0
141633,1
45021,0
62753,0
59712,0
27305,0
146881,0
13247,1
117604,0
13028,0
129235,0
71907,0
74354,1
11166,0
54550,0
67304,1
74971,0
52567,0
112776,0
141115,1
131535,1
38156,0
73864,0
83526,0
58617,1
126745,1
134367,1
52067,0
69999,1
46910,0
77120,0
108530,0
88078,1
52436,0
1581,0
160690,0
57764,0
78338,0
110097,0
64716,1
26809,0
34188,1
93944,0
137909,0
30520,1
144134,1
24710,1
163150,0
48453,1
118827,0
110997,0
125876,0
55142,0
159610,0
135556,0
12414,0
96968,0
89984,0
107395,0
63691,0
56410,0
27422,1
162560,1
77319,0
10794,0
149805,0
36071,0
3520,0
106501,0
32887,0
66743,0
29196,0
64054,0
104292,0
74081,0
69925,0
50994,0
49508,1
1327,0
27899,1
161853,1
101411,0
6588,1
146737,0
109712,0
93026,0
56264,0
24695,0
14292,0
64872,0
116012,1
102329,1
58190,0
143207,0
79300,0
93126,1
70983,1
51363,0
73998,1
58445,0
2002,0
142033,0
30469,0
88331,1
112152,0
156188,0
96553,0
111146,0
87281,0
151356,1
95602,0
143236,0
163250,1
72378,0
56508,1
108198,0
127171,1
284,0
106246,0
49565,1
26341,1
72965,1
155397,0
22738,1
6783,1
28742,0
54082,0
11092,0
94799,0
122810,0
17372,0
130638,0
136043,0
78097,0
10056,0
101170,0
142317,0
70902,0
23024,0
122956,1
162383,0
105331,0
10940,0
9861,1
157134,0
30287,0
71994,0
117960,0
34435,0
89493,0
162907,1
45910,0
49543,1
31106,0
160017,1
107629,0
34041,1
92017,0
11783,0
25098,0
124193,0
111589,1
55493,0
43692,1
64326,1
75109,0
47167,0
80894,0
98968,0
140085,0
72594,0
86769,1
97547,1
3867,1
90528,0
92689,0
29571,0
81838,0
108743,1
49998,0
70816,0
89053,0
116341,0
65687,0
105712,0
138755,0
139821,1
64686,0
37526,0
78284,0
38018,0
96955,0
43460,0
19065,0
79854,0
95683,0
136201,0
145644,0
68928,1
18534,0
30346,0
19735,0
125164,1
473,0
119454,0
88756,0
86423,0
23284,1
50297,0
46683,1
131506,0
52886,1
111518,0
55342,1
26590,0
67953,1
160824,1
37829,0
92437,1
157340,0
160467,0
153317,0
114367,1
67242,0
35646,0
1183,0
97558,0
94326,0
57941,1
61348,0
30212,0
83257,1
8428,1
126308,1
12105,1
40141,0
46113,0
88444,0
109652,0
161746,0
76066,0
1854,0
145548,1
137392,1
5379,0
59645,0
3422,1
159264,0
6055,0
76132,0
20878,1
96224,0
142013,1
924,0
146333,0
101184,1
43184,0
114504,0
147693,0
82484,1
25267,0
117926,0
137007,1
5609,0
138080,1
41766,0
74770,0
21130,0
56634,0
164216,0
98696,0
64227,0
18524,0
18929,0
106895,0
81601,0
17931,0
53076,0
66739,0
106361,0
125350,0
28278,0
6074,0
11969,0
99370,0
141215,0
32304,0
154057,0
99929,0
90126,0
83363,0
52730,1
160254,0
149540,0
91981,0
45798,0
1876,0
41383,1
673,0
7715,1
138064,0
67366,0
143405,1
124746,0
114200,1
114242,0
160001,1
43614,0
79771,0
122624,0
8613,1
69197,0
41679,0
69061,1
35284,0
133775,0
18729,0
118743,0
115930,1
143426,0
148267,0
47215,0
119263,1
115830,0
142109,0
116755,0
5554,1
97388,0
72062,0
71540,1
87430,0
27564,0
79988,0
144462,0
130128,0
161535,0
110686,1
108727,1
68403,0
25128,0
10655,0
125541,0
98218,0
41050,1
32545,0
37149,0
141775,0
100627,0
82136,0
7040,0
48658,1
103097,1
85486,0
140705,0
101544,1
159756,0
42677,1
159407,0
116567,0
109354,1
105090,0
64019,0
23639,0
25878,1
159638,0
36843,0
84485,0
60910,1
59929,1
125355,0
12482,0
43868,0
100108,0
7349,0
58322,0
148573,0
53334,1
159667,1
157095,0
130673,0
154992,0
47905,0
90496,0
119518,0
102627,0
14074,0
142488,1
72699,0
4432,0
119907,0
153327,0
35315,1
16859,1
137289,1
121461,0
89231,0
91417,1
52427,0
122512,0
13644,0
125435,0
31927,0
126223,1
17491,0
113760,0
83886,0
99011,0
82038,0
39943,0
88237,0
154848,1
6462,0
46890,1
39069,1
83225,1
25303,0
100832,0
58338,1
134899,1
101687,0
134044,1
121750,1
100307,1
159792,1
150582,0
114538,0
80834,0
17520,0
35485,0
35519,1
116262,0
78263,1
112740,0
16981,0
139868,0
8699,0
55563,0
76580,0
161796,1
163727,0
159297,0
69884,1
98186,0
160397,0
76578,1
158860,1
11655,0
52341,0
66119,0
59401,1
136054,0
99561,0
34936,0
32700,0
31124,0
63790,1
135144,0
78971,0
148461,1
67095,1
67367,1
33110,0
131225,0
68725,0
24544,0
48719,1
164112,1
8185,1
23352,0
9127,0
136433,0
11146,1
109129,0
16775,1
111037,0
114319,0
17250,1
132984,1
12412,1
48198,0
100799,1
47082,0
78721,0
30629,0
2357,0
138768,0
89054,1
8080,0
30940,0
13055,0
3314,1
92214,0
120653,1
136993,0
138261,0
158236,0
11002,0
59979,0
114878,1
59697,1
151530,0
163652,0
76950,1
159320,0
6888,1
128340,0
130346,1
136357,0
56965,1
69501,0
22647,0
148980,0
153687,1
112608,0
45695,0
61641,0
20103,0
49173,0
113132,0
32296,0
6713,0
11557,0
154131,0
72362,1
122050,0
156223,0
20023,1
72501,0
56386,1
87039,0
134971,1
3356,0
114365,0
134822,1
67946,0
111363,1
70545,0
29132,1
74491,0
100293,1
36614,1
10509,0
59323,0
50485,0
67253,0
16814,0
149446,0
32446,1
68436,1
73191,0
57987,0
160076,0
90540,0
6747,1
57635,0
135043,0
150124,1
63950,0
102960,1
55074,1
51686,1
32927,0
133992,0
108977,0
80672,0
81156,0
163866,0
124142,0
41736,0
31791,0
144830,0
14578,0
22834,1
39919,0
161238,0
16662,1
44792,0
43555,0
127461,0
154855,1
55682,0
158945,0
129510,0
84693,0
71969,1
121842,0
90741,1
25418,0
13368,0
113740,0
12480,0
122588,0
46820,1
141096,0
121201,0
98797,1
161099,0
153149,0
5286,0
35518,0
162087,0
75369,0
78575,0
131741,1
143884,0
105298,1
89785,1
2200,1
152587,1
95001,0
22755,0
121333,0
145852,0
141555,1
32181,0
119189,0
111777,0
153617,1
97274,0
125850,0
85445,0
111673,1
26319,1
15839,1
36859,0
3966,1
160993,1
89088,1
122980,0
77527,0
152658,1
32720,0
65,1
89954,1
124774,0
102748,0
144279,0
32641,0
105190,0
320,0
138578,0
152289,0
14815,1
83557,1
74106,1
3599,1
77967,1
6329,0
36228,0
81276,0
148776,0
16846,0
46875,0
162289,0
26135,0
96177,0
99878,1
162810,0
110137,0
17320,0
74082,0
111840,1
104901,0
77067,1
90828,1
39008,0
46016,1
82000,1
32283,0
13822,1
54951,0
17847,0
14686,0
132973,0
109024,0
93282,0
135536,0
151120,0
125378,0
100147,0
13551,1
71503,1
156573,0
107875,1
62408,1
153099,0
88083,1
114524,0
162721,1
135286,0
147482,0
108105,0
56067,0
49720,0
66877,0
103396,0
59706,0
71655,1
20384,1
60757,1
100377,0
69380,0
6619,0
10933,0
16636,0
141769,1
56662,0
122386,1
64958,0
72648,0
94441,0
55763,0
147889,0
114521,0
65125,0
123781,0
92540,0
39786,1
107606,0
35228,1
91653,0
103807,1
150310,0
113785,0
93779,0
36574,1
149166,1
113734,0
62478,0
75341,0
14932,0
83948,1
47047,1
1675,0
22843,0
87217,0
1035,1
95212,1
120852,0
142953,0
27773,1
110237,0
95963,1
114295,0
89323,0
109438,0
50278,1
152222,0
20701,1
58776,0
121006,0
40204,1
144399,0
3951,1
155560,1
22873,0
71271,0
104271,0
58586,0
110495,1
120695,0
92153,1
157073,0
38154,0
103253,1
73475,0
160419,0
84640,0
106465,0
8164,0
74713,1
109495,0
84076,0
111468,0
16568,0
133323,0
89242,0
5497,0
132465,1
136916,0
17127,1
68608,0
4884,0
38795,0
126274,0
50924,0
88375,1
107781,0
113116,1
78770,0
15752,1
130619,0
52852,0
1383,1
54281,1
94456,0
119786,0
107558,1
36800,0
114041,0
79684,0
45813,1
56262,0
22538,0
138413,0
87253,0
159566,0
33439,0
105765,1
86851,1
110432,0
2311,0
64577,0
146932,0
136763,0
93800,1
109156,0
159288,0
33948,0
2647,0
78317,0
7106,1
85561,0
40652,1
117628,0
142882,0
48546,1
120152,0
87620,1
74974,1
6461,0
101054,0
6548,0
91661,0
145355,1
54457,0
73698,1
8209,0
27928,0
43942,0
136113,0
9121,0
8611,0
19397,0
75895,0
25942,0
3511,1
160563,0
141609,0
130046,0
28448,1
87277,0
121473,1
158842,1
39980,0
88959,0
60982,0
155214,0
85222,0
17648,0
72040,1
86230,0
128138,0
62984,0
35609,0
18068,1
102171,0
61489,0
163651,1
52372,0
29511,0
32885,0
126890,0
91586,0
129271,0
29736,0
51288,0
3391,0
3090,0
54909,0
19147,0
60689,1
156377,0
90324,0
100687,0
131157,1
147706,0
161045,1
97515,0
81758,0
101119,0
140115,0
152492,0
79398,1
101253,0
161834,0
134071,1
89888,0
34701,0
33289,0
103528,1
74093,0
152568,1
111376,1
32964,0
25399,0
9994,0
80816,0
132624,0
147534,0
144367,1
103974,0
105564,0
31732,0
14521,0
126758,0
19529,1
117725,0
78854,0
64068,0
35182,0
45451,0
6113,0
96593,0
101516,0
89245,1
72925,0
125160,0
118874,1
100608,0
6986,0
80758,0
41667,1
79849,0
41975,0
35370,0
112007,0
45056,0
32450,1
156783,1
97036,0
8389,0
22220,0
72402,0
16971,0
122682,0
38446,0
69390,1
94260,0
19153,0
144084,1
38547,0
54324,0
17558,0
94470,0
32912,0
129000,0
15575,1
15118,0
158153,0
150729,0
121856,0
98075,1
105903,0
22219,1
116,0
88164,0
90086,0
135589,0
20660,1
123588,0
103918,0
7962,0
139926,0
77429,0
89846,0
63741,0
77755,0
27116,0
160544,1
82040,0
14410,0
114321,1
90517,0
49454,1
81915,0
49191,0
109039,0
7776,1
49791,0
27785,0
41049,0
147179,0
128207,1
133020,1
103421,0
63128,1
112505,0
154268,1
111620,0
117023,0
144100,1
157387,0
61503,1
56476,0
47049,0
98747,0
85181,0
56181,0
94018,0
160852,0
155792,0
136725,0
68812,0
63163,0
56223,1
103458,1
48613,0
11691,0
16026,0
21441,1
45385,0
36838,0
15969,1
136359,0
61425,0
38703,0
24256,0
22669,0
90849,0
15822,1
128479,0
77516,1
140615,0
99579,0
131212,1
80275,0
10189,1
3324,0
57729,0
29654,0
139065,1
22903,1
15226,0
132295,1
136704,0
1073,0
152290,0
56282,0
36216,0
36510,0
11767,0
114047,0
124622,1
63761,0
75220,1
96038,0
96735,0
54603,0
139110,1
60257,0
138252,1
135414,0
83093,0
103275,0
54440,1
15762,1
44927,0
109729,0
30342,0
39727,0
66722,1
154741,0
149292,1
60068,0
71932,0
48794,1
7086,1
135550,0
135940,0
142709,0
29207,0
156451,0
64583,1
78157,1
14347,0
88501,0
79187,0
112571,0
40855,0
163348,0
116576,0
91212,0
100865,0
128190,0
76694,1
52768,0
147115,0
81405,0
122800,0
78781,0
69231,0
72499,0
31345,0
64624,1
105565,1
114953,0
156180,0
80341,0
49713,1
25080,1
116705,0
38494,0
115184,0
3986,0
34889,0
70016,1
90756,0
116164,1
124820,0
110727,0
5348,1
34976,1
25180,0
31673,0
46543,1
41726,0
35178,1
82994,0
87948,0
145921,0
43918,0
134978,0
34774,1
7879,0
113517,0
112869,0
91483,1
118180,0
136901,0
101476,0
53481,0
4380,0
158644,1
54084,0
103733,0
131455,0
84983,1
106514,0
107386,0
159207,1
91665,0
125984,0
120376,0
21203,1
70973,0
72547,1
135031,0
126339,0
17790,0
138150,0
155241,0
44337,1
54343,0
105828,0
73374,0
150417,1
105609,0
95906,0
91746,1
142236,0
89613,0
127198,0
82378,0
23356,1
78328,0
53813,0
19563,0
27991,0
157334,0
105953,1
90213,1
48215,0
21954,0
159574,0
100192,1
110185,0
5925,0
114685,0
103105,1
71413,0
46122,0
142783,0
24191,1
122123,0
153586,1
1069,0
20212,1
15538,0
76711,0
30678,0
135146,0
7153,0
26522,0
107020,1
131327,1
90725,0
4356,0
12553,0
25821,1
37913,1
65143,1
127900,1
112426,0
73519,0
55861,1
160118,0
41394,0
6091,1
81914,0
22447,0
108439,1
136740,0
81626,1
23862,0
4667,0
68951,1
3197,1
10031,1
43002,0
151023,0
101465,0
120990,0
149311,0
70613,0
22967,0
116531,0
87486,0
162281,0
161971,0
151797,0
48698,1
150363,0
109980,0
36516,0
83126,0
45736,0
144348,0
117191,1
62218,1
57577,0
98501,1
97722,0
64621,0
21555,1
115914,0
163415,0
104680,0
86393,0
25424,0
44352,0
105899,0
87411,0
126625,0
51976,1
49333,0
155013,0
61138,0
159709,0
38882,0
29484,0
113200,0
14403,1
46723,0
135756,0
157929,0
66175,1
104313,0
72801,1
39384,0
18621,0
139921,1
152636,1
139163,0
115046,1
86080,0
147409,0
42265,1
45710,0
4835,1
96414,0
107961,1
149724,0
14392,0
90652,0
131251,0
86085,0
67952,0
103378,0
44435,0
156890,0
32231,0
78334,0
109956,0
10463,0
8821,0
70547,1
8934,0
115847,0
26641,0
108011,1
76000,1
17807,0
135124,0
121930,0
113204,0
107269,0
163719,0
109789,0
156230,0
8215,0
97856,0
91428,0
130252,0
84455,0
67392,0
69132,1
36929,1
138640,0
107917,0
78614,0
139206,0
131189,0
110896,0
34670,0
85113,1
105119,0
113454,1
4429,0
139878,0
8714,0
125166,0
119105,0
48618,0
70450,0
39288,0
137899,0
101981,0
116830,1
36808,0
159860,1
151307,0
95857,0
139151,1
31056,0
39120,0
29981,0
157633,0
115059,0
137298,0
95551,0
127942,0
113142,0
129742,0
122962,0
23574,0
150712,0
19881,1
104190,1
44301,0
91894,0
136179,0
112048,0
18143,0
124070,1
33651,0
128197,1
133486,1
145985,0
61840,0
145614,0
161129,0
42777,0
24015,1
104131,0
135990,0
135310,0
100895,0
32291,0
156424,1
91848,0
109001,0
39277,0
29054,0
100096,0
152095,0
78333,1
28514,1
5844,0
157999,0
25766,0
53264,0
68489,1
37416,0
745,0
101738,0
57312,0
132664,0
133375,0
51693,0
33626,0
17785,0
22551,1
71674,0
34905,0
144635,0
126954,0
22601,0
110126,1
51188,0
31140,0
160568,0
61170,0
10536,0
12096,1
164231,1
38238,0
127952,1
34113,0
45282,0
38264,1
153336,0
12242,0
139219,0
109143,0
90364,1
98872,0
150996,0
42362,0
85946,0
33932,0
99272,0
119062,0
50028,0
127239,0
157668,0
8173,1
58021,0
87727,0
94504,0
103198,0
53746,0
26080,1
41663,0
160496,1
61504,1
18432,0
120715,1
36041,0
2034,1
138429,0
118063,0
10916,0
134037,0
89263,0
144039,0
160578,1
151015,0
151572,0
26780,0
87106,0
48477,0
77614,0
128860,0
61998,0
39781,0
66029,0
61524,0
158328,0
63060,1
121319,0
133063,0
158900,0
153211,0
131591,0
56999,0
7371,0
36736,0
63179,0
143554,1
115689,0
42983,0
12955,0
45996,0
35490,0
144463,1
128257,1
136911,1
75916,1
144257,0
142192,1
40570,1
96494,0
71138,0
91938,1
78442,0
52629,0
109610,0
66052,0
57593,0
109006,0
54606,1
51628,0
141694,0
48154,0
152891,0
32319,0
5580,1
130100,0
89392,0
100068,0
69727,1
38132,0
73944,0
104479,0
98180,1
64503,1
26815,0
15219,1
16034,0
56482,0
8070,0
151147,0
98935,1
31439,0
75965,0
140384,0
153321,0
99009,0
105834,0
122498,0
82833,1
122641,0
156666,0
5424,0
53847,1
113247,1
248,0
7689,0
51743,0
113270,0
150088,0
84726,1
107525,1
83793,1
147373,1
48619,0
97503,1
148960,0
133204,1
149812,1
145536,0
147781,0
128531,0
82049,1
5067,0
105341,1
153385,1
107344,1
114049,0
53951,0
37966,0
143521,0
149285,0
155678,0
13182,0
148249,0
85128,0
95544,1
97798,1
149403,1
22561,0
87368,0
153683,0
62101,0
158582,0
117369,1
117835,0
145225,1
9084,1
97450,1
18628,1
48634,1
107448,0
40152,0
56801,0
20,0
83215,1
70274,0
385,0
129111,0
29587,0
90282,1
43292,1
158383,0
17538,0
96154,1
87312,0
65618,1
141297,0
129079,0
111685,0
48003,0
16504,1
162283,0
93096,1
17126,0
18354,1
49286,0
847,1
90388,1
100961,1
63634,0
100206,0
161713,0
154114,1
118920,1
14235,1
139393,0
123420,0
41927,1
96434,0
149751,1
146830,0
17946,0
66117,1
42895,0
158852,1
126104,0
85323,0
150686,0
90065,1
20922,0
3274,0
77147,1
65945,0
107334,1
85306,0
73044,1
48042,0
32255,0
97714,1
80482,0
84714,1
32205,0
80156,1
103502,0
71828,0
84449,1
36305,0
88009,1
2392,0
15652,0
100159,0
163740,0
18330,0
68502,1
38165,0
23849,0
7885,0
31088,1
38286,0
97235,0
60076,1
81630,0
95122,1
20769,0
160631,1
36876,1
2408,1
75315,0
119621,0
64857,1
1577,0
36384,0
128976,1
88933,0
21647,0
71025,0
120622,0
104329,0
143977,0
151644,1
136842,0
42974,1
123427,0
58420,0
41082,0
4330,0
103203,1
111226,0
103942,1
100572,1
83576,0
26737,0
45956,0
148464,0
11476,0
90674,0
121194,1
132550,0
163541,0
59474,0
48429,1
151756,1
5450,0
151427,0
23863,1
82878,0
104059,0
47314,0
100049,0
2074,0
75752,0
104857,0
42119,1
109437,0
18453,0
76785,0
71095,0
160266,1
142062,0
111201,0
29202,0
5087,0
59076,1
99851,0
25945,0
31574,1
68629,0
96289,0
118196,1
158287,0
18245,1
76640,0
3775,1
26812,1
38245,1
29677,0
46661,0
149702,1
94635,0
148327,0
85959,0
116493,0
139930,0
83702,0
7716,0
64479,1
160759,1
72150,0
1940,0
124182,0
1711,0
3821,0
57895,0
66694,0
76750,0
97193,0
65058,0
99427,1
18568,0
29660,0
131968,0
111712,0
71334,0
131151,0
150111,0
69645,1
164526,0
30522,0
113875,1
134159,1
137443,0
98020,0
7683,0
41832,1
84610,0
46466,0
121307,1
113535,1
115567,0
3384,1
37369,0
109991,0
100399,0
92073,0
157135,0
25181,1
127614,0
134350,0
92123,0
155639,0
2690,0
121782,1
79446,0
164172,0
46366,0
10432,0
26250,0
148799,0
15842,0
17514,0
87753,1
30559,0
48765,0
104894,0
9093,0
16106,0
70489,1
101716,1
57320,0
154640,0
76875,0
98601,0
97442,0
58760,0
4224,0
99931,0
104140,1
46374,0
135656,1
71346,1
63490,1
19810,1
152753,0
67488,0
121999,0
163622,0
134627,0
116598,1
38707,1
157311,0
38600,0
101747,0
23564,1
19318,0
32932,0
128446,0
7967,0
121692,1
68192,1
31002,0
160613,1
103182,1
38127,0
118624,0
163258,0
113729,0
161964,1
119211,0
129592,0
47565,0
72470,0
156175,0
38261,0
958,0
134469,0
153006,0
125808,0
67252,0
31409,1
124690,0
163398,0
45006,1
103075,0
124583,0
10062,0
103889,0
127205,1
32323,0
46120,1
131963,0
70725,1
10242,1
41538,0
127217,0
145826,0
28211,0
40967,0
131730,0
155141,1
13632,0
121030,0
63053,0
164830,0
23169,1
40717,0
5619,0
77993,0
102745,0
109627,1
132706,0
125884,1
92405,0
60465,0
111290,0
79694,0
73056,0
111603,0
101659,0
33169,0
164072,0
15664,1
149693,0
35706,0
26720,0
122294,1
109159,1
86334,0
125111,0
136532,0
95445,0
13183,0
50019,0
61093,0
130668,0
142622,0
130834,1
53810,0
72139,0
42847,0
110412,0
84656,1
134523,0
56649,0
85106,1
139815,0
115387,0
62731,0
110612,0
97221,0
89805,0
74030,0
25369,0
29995,0
52545,0
107691,1
119338,0
1215,1
157418,1
67184,0
147134,0
142928,1
138693,0
161464,0
70642,0
22898,1
111132,0
70587,1
3449,1
63786,0
47764,0
118382,0
44131,1
46172,1
95747,0
91988,0
21463,0
45419,1
116373,0
15757,0
162319,0
8273,1
41646,1
49244,1
31313,0
148911,1
90550,0
26701,0
89016,0
21209,0
6503,0
23548,0
81766,0
86165,1
112738,0
135128,1
80924,1
83396,1
91971,0
103000,1
59961,0
143360,0
2805,0
125228,0
87398,1
98446,1
39624,0
60206,0
98704,0
141765,0
150760,0
92209,1
83376,0
5646,1
38415,1
105573,0
52919,1
94940,0
125998,0
54042,1
55567,0
90200,1
145907,1
48749,0
101095,0
89259,0
114297,0
21325,0
76717,1
140071,1
161056,0
2589,0
144718,1
124500,1
27311,0
105706,0
93079,0
23126,0
117906,0
18144,0
47430,0
82897,0
136465,0
9741,0
6960,0
140367,0
31519,0
101772,0
57598,1
71348,0
74845,0
88088,1
70346,0
31599,0
44052,0
104267,0
98425,0
99013,0
138037,1
122197,0
33006,0
43135,1
156842,0
124961,0
108696,0
22370,0
99468,1
29953,0
60271,0
95264,0
119154,0
156484,1
116290,1
29157,1
94760,0
61468,1
71525,0
72048,0
100735,0
55713,0
112129,1
116454,0
84316,0
31057,0
43879,0
103370,0
35279,0
9681,1
32958,0
97064,0
152113,0
9364,1
118082,0
76187,0
112021,0
60714,0
151919,0
122211,1
39772,1
3666,1
103924,0
17246,0
138735,0
110363,0
33543,0
102652,0
15885,0
125185,0
143919,1
78049,0
155809,1
20279,1
20342,1
149468,0
57918,0
71396,0
66648,1
35616,0
120190,0
10817,0
155185,0
26408,0
57831,0
1176,1
69136,0
144243,0
80609,0
88689,0
121190,1
79539,1
53665,0
16272,1
44020,1
162404,1
123451,1
56489,0
149850,0
107650,1
89055,1
19023,0
5730,0
100583,1
11777,0
23400,0
146321,1
75396,0
139253,1
101520,0
23415,1
73773,1
11959,0
53359,0
28015,0
19721,1
117044,0
128086,0
105793,1
156406,0
114195,0
7518,1
61275,0
34502,0
148932,0
89724,0
110192,0
22429,0
139853,0
48670,0
19478,0
574,0
139066,0
3364,0
7274,0
150571,0
153080,1
43259,1
38276,0
46812,0
111902,0
147050,0
63247,0
95162,0
105124,0
148159,0
122296,0
99015,0
147054,0
969,0
43307,0
56035,0
97745,0
30060,0
49337,1
139666,1
109417,0
133554,0
84692,0
30865,0
33583,0
155799,1
89040,0
48231,0
139846,1
67743,0
52944,0
99859,1
97247,1
47296,1
16099,1
139125,1
118549,1
78520,0
146825,0
35456,0
35905,1
78451,0
73414,0
89783,0
39731,0
16112,0
48404,1
64538,1
134073,1
27474,0
119561,1
50244,0
10472,0
120433,0
93210,0
84480,0
154209,1
25138,1
140740,0
28539,0
47194,1
54420,1
69735,1
28919,0
73296,0
81195,0
107952,1
23929,0
44230,0
32844,0
77682,0
137683,0
59928,1
88255,1
53592,0
1024,0
117941,0
119355,0
67100,0
804,1
141376,0
164556,0
17286,0
32400,1
119255,0
46099,1
137714,0
5517,0
114277,0
41833,0
159825,1
155444,0
132057,1
112073,0
97187,0
37023,1
75759,0
30848,0
71578,1
19742,0
77038,0
8924,0
164123,0
18984,1
105705,0
89517,1
140621,0
153532,1
51988,0
54721,0
49694,0
80230,0
107765,1
111495,0
163599,0
54543,0
79580,1
37912,0
126011,0
77079,0
149466,0
8257,0
78163,0
129182,0
137674,1
49412,0
2995,0
8467,1
56686,1
13965,1
86319,0
74303,0
61246,0
58476,0
37404,1
147970,1
114183,0
44297,0
160844,0
74170,0
26360,1
130793,1
29756,0
76710,1
134311,0
44207,0
136940,0
121717,0
120335,0
95871,1
68340,1
111544,0
70693,0
42510,1
39112,0
30486,1
66239,0
51712,0
161370,0
55848,1
17423,1
107508,1
145995,0
45432,1
125749,1
157,0
83234,0
155294,0
49826,0
138430,0
111890,0
137650,0
67653,0
58414,1
133922,0
86160,0
17784,0
126638,1
133455,1
151647,0
13797,0
74810,0
158268,0
93253,0
439,0
72968,1
91614,0
90077,0
95842,0
2464,0
56536,1
120563,1
136748,0
153963,0
65905,0
21696,0
5662,1
116711,0
8096,0
36366,0
28499,0
101114,0
58292,0
57294,1
135563,0
82427,0
16262,1
97559,0
10705,0
142681,0
119993,0
106524,0
30653,1
21624,0
82709,1
60725,1
77309,1
140554,0
160453,1
95208,0
156767,0
144518,0
12321,1
33576,0
19686,1
18618,0
66038,1
155633,0
123900,0
104702,0
52634,0
37937,0
122168,0
17394,0
26808,0
154405,0
54190,0
119431,1
120442,0
160910,0
109465,0
68450,0
46055,0
131270,1
24532,0
95232,1
112851,0
78132,0
91549,0
151379,1
47860,0
78423,0
16907,1
59965,1
161908,1
112452,0
108335,1
128867,1
65103,0
160967,0
129610,1
50811,0
126584,0
8862,0
43709,0
63641,0
111045,1
15164,0
27653,0
118251,0
55373,0
22391,1
144115,0
28023,1
46449,0
145480,0
84981,0
102578,0
31849,0
52098,0
33018,1
63948,0
84262,0
8715,1
157327,0
74255,0
14409,0
156635,0
122114,0
118916,0
88081,1
48071,1
21794,1
97122,1
4662,0
32145,0
11890,1
19616,0
80784,0
50993,0
90887,1
71727,0
129754,1
159188,0
142886,1
28359,0
108060,0
858,1
110812,0
33106,0
79602,0
121465,0
115290,0
115504,0
104706,1
18456,1
106578,0
125576,0
102790,1
67772,1
122072,1
95614,0
153307,1
26437,1
52437,1
128234,0
163588,0
161260,0
70513,1
100066,0
22650,1
65385,0
80594,0
129751,1
13825,0
115275,1
77928,0
48362,0
76817,1
116416,0
16256,0
63723,0
19353,0
117460,0
17733,0
106773,0
46499,0
22209,0
9337,0
12547,1
114984,0
170,0
150713,1
46020,0
105020,1
120011,1
22674,0
114950,1
727,0
69311,0
103869,1
100567,1
110076,0
137397,1
116259,0
8700,0
126225,0
148787,0
146849,0
49635,0
57029,1
44176,1
50132,0
100167,0
92828,0
137900,0
72252,0
16827,0
84701,0
141706,1
79487,1
28802,1
69232,1
96295,1
141246,1
151407,1
97219,0
128497,0
109767,1
97137,0
13474,0
86378,0
95107,0
22160,0
143732,1
34663,0
142760,0
75666,0
133365,0
3239,0
39923,1
19459,1
91486,0
75478,1
164795,0
5937,0
90483,1
47822,0
99520,0
127265,1
103241,1
21711,0
31882,0
156136,0
49407,0
105434,0
113404,0
88895,1
63419,1
41384,0
62247,0
54872,0
150967,1
56165,0
71053,0
121801,0
128929,1
94838,0
140970,0
109445,0
143121,0
104373,0
142214,0
106584,0
104685,0
82672,0
113171,0
73964,1
36712,0
78982,0
45015,0
10931,1
22918,0
16717,0
124474,0
163078,1
100009,1
7066,0
160829,0
105070,1
106164,0
69021,0
82046,1
52876,0
115034,0
136495,0
53396,1
120137,0
13059,1
157943,1
120354,0
75851,0
81367,1
35162,0
62279,1
110748,0
82741,1
140851,0
162303,1
91054,1
104368,1
114207,0
154052,1
34387,0
56905,0
85124,0
20968,0
27027,1
36755,0
68245,0
81831,1
35980,0
44040,1
27665,0
150835,0
6534,0
21136,0
122403,0
91756,0
62869,1
99442,1
119623,0
119534,0
41099,0
57555,0
96127,0
69904,0
154979,1
71389,1
4647,1
85411,0
141120,0
45896,1
77206,0
85344,1
55822,0
129823,1
69116,1
52946,0
116202,1
22316,0
143060,0
74100,0
121631,0
82159,0
44698,0
9344,0
125041,1
64332,0
71750,0
158642,1
61089,1
146785,0
107534,0
34630,0
133979,0
135530,0
40687,0
66127,0
76837,0
33198,1
145683,1
29455,1
13314,0
51430,0
21507,0
107915,0
108182,0
157101,1
20216,0
59633,1
46997,1
129518,1
18056,1
3839,0
126711,1
44683,0
98003,0
127297,0
114730,0
158826,0
11739,1
80466,0
87642,0
29841,0
66167,0
90153,0
93003,0
122338,1
78011,0
138328,0
31459,1
147064,0
26515,0
153072,1
68059,1
36839,0
155652,1
17838,0
18307,0
98527,0
113655,0
65084,0
41835,1
15067,1
125406,0
93423,1
3641,1
47029,0
138835,0
116868,0
127586,0
89002,1
132662,0
930,0
14051,0
84042,1
121102,1
51619,1
159353,1
126578,1
144298,0
113409,0
37578,0
56906,0
108304,0
122793,1
157565,1
86453,1
56651,1
157842,0
10426,1
97239,0
66196,0
7327,0
118049,0
94565,0
38719,0
76234,0
44220,0
37284,1
147952,1
127146,0
103808,0
41161,1
5236,0
27615,0
76222,0
84032,0
72141,1
28860,0
24307,1
73442,1
81624,0
33060,0
73939,1
95807,1
162129,0
96641,0
43086,0
29561,0
25525,0
56173,0
25312,0
49539,0
59362,1
12474,1
152775,0
33633,0
26540,0
39966,1
13054,0
29392,1
131229,0
101231,1
164447,0
118621,0
70319,0
607,0
111308,1
84095,1
92368,0
60642,1
42538,0
115576,1
146705,0
93805,0
108505,0
154725,0
8789,0
9437,0
83828,0
146685,1
127807,1
124209,0
141389,1
101038,0
157194,1
26599,0
112950,0
16145,0
114913,0
4593,0
143320,1
101298,1
50917,0
34174,0
32536,0
77059,0
143181,1
78582,0
143312,0
102115,1
33501,1
16832,0
120587,0
148531,0
157054,0
137781,0
64247,1
70573,1
83568,1
147738,1
46228,1
66701,1
56627,1
145447,1
20302,0
89723,0
66046,0
106447,0
105579,0
75002,0
12367,1
144908,0
64307,0
94736,0
98757,0
141548,1
113762,0
101721,0
69620,1
148734,0
69829,1
55048,0
47785,1
145507,0
7356,1
12719,0
51839,0
156329,0
52328,0
162605,0
150076,1
18908,0
10651,0
138422,0
80383,0
55754,0
153602,0
10538,0
101868,0
12935,0
136850,0
26762,0
17236,0
152255,0
125389,0
45954,1
144354,0
103585,0
57826,1
132043,0
134443,1
164190,0
128122,1
128750,0
102205,1
13636,1
90238,0
71901,1
109191,0
152304,0
130672,1
99513,1
126189,0
4711,0
5632,0
86959,0
60340,0
111838,0
104602,1
63947,0
20715,0
101650,0
76708,0
153793,1
65303,0
66894,0
106225,1
23115,1
139013,1
153729,0
115206,0
30782,0
42830,0
91285,0
136775,0
117371,0
86622,0
19377,1
117988,0
122708,1
40183,1
90891,0
97318,1
45053,0
62589,0
134967,1
150063,0
133423,0
95249,0
100422,0
123107,0
24124,0
102427,1
143161,0
5155,0
144922,1
85560,1
91087,0
118362,0
98210,1
64520,1
147829,0
99251,0
113073,1
78476,0
71924,0
116942,0
143262,1
154516,0
144618,0
69420,0
126681,0
112165,0
80247,0
106840,0
37609,0
6297,1
96547,1
53604,0
151675,0
17759,0
108881,1
29118,0
71119,0
142980,0
149667,0
20407,0
59150,0
127303,0
94049,1
67852,1
29338,0
30490,0
156692,0
31699,1
151127,0
127195,0
111041,0
139119,1
49011,0
131303,1
131831,0
134537,0
69641,0
98133,0
58062,0
161825,0
145745,0
163323,0
87575,0
133820,0
26748,1
157862,0
122559,1
148820,1
110888,0
74218,1
24859,0
65872,0
111586,1
81991,0
95242,1
144888,1
35270,1
100265,0
216,0
87542,1
40991,0
44361,0
61253,1
110828,0
162518,0
71812,0
126580,1
29493,0
28136,0
6757,0
26639,1
26647,1
69659,0
65741,1
97688,1
28769,0
104850,0
140675,1
89148,0
60034,1
5105,0
74291,1
87898,0
111717,0
7807,0
121472,0
30761,1
147716,1
5224,0
127079,0
3137,1
69451,0
34605,1
78916,1
41929,0
100488,0
149321,0
92244,1
31529,0
126381,0
10849,1
51096,0
126129,0
63941,1
36016,1
120755,0
87734,0
139302,1
120459,0
159518,0
142960,0
22388,1
5873,0
159920,0
15215,0
56433,0
85050,0
140028,1
154606,1
96011,0
67009,0
144349,0
7191,1
86944,1
142194,0
86981,0
136978,0
114564,0
13655,0
5431,1
70321,1
114245,1
61589,0
149011,1
105636,0
129211,1
64650,0
157510,0
53837,0
40356,1
108947,0
153810,0
2508,0
91811,0
51524,0
50883,1
72728,0
12496,0
164442,0
49654,0
36326,1
72978,0
614,1
153765,0
136858,1
146222,0
161256,1
74894,0
117743,1
140169,0
4419,0
14041,1
142955,0
160082,0
19999,1
80082,1
4126,1
56951,0
95664,0
42596,0
25539,0
68313,0
70561,0
143330,0
32687,1
20920,0
108430,0
113577,0
29787,0
19672,1
125647,0
76561,0
44430,0
17448,0
106592,0
20801,0
14011,0
141681,0
56438,0
43372,0
70832,0
98422,0
50369,1
113939,0
58593,0
106819,0
83860,0
81666,1
103944,1
102073,1
21048,0
27400,1
99795,0
130362,0
119187,0
88626,0
151057,0
112576,0
133060,0
152045,0
130719,0
56912,0
20296,1
133580,0
81704,0
106342,0
7576,0
41843,0
32831,0
29975,1
135465,0
129573,1
18645,1
21243,1
64526,0
78731,0
129247,0
35415,0
113893,1
157887,1
30531,0
138400,0
153074,1
4305,0
158069,0
109919,0
75513,0
111137,0
108005,0
106323,1
91657,0
70330,1
70915,0
4819,0
21177,0
149135,0
54279,0
22655,0
161901,0
160077,0
150300,1
132485,0
59281,0
155054,0
97210,0
43132,0
125767,1
101798,0
27015,1
79844,0
70744,0
154349,0
32368,1
46173,0
154853,0
121158,0
44276,0
44615,0
60994,0
164211,1
144538,0
50591,0
160465,0
58524,0
144930,0
134663,0
101997,0
123441,0
94274,0
139541,0
143410,1
126626,0
82845,0
12206,0
11569,0
18507,1
107639,0
68475,0
17410,1
44557,0
4484,0
93997,1
77764,0
106073,0
159884,0
76502,0
37641,0
33135,0
11714,1
22310,0
45229,0
14596,0
139468,0
93888,1
22906,0
61317,1
123273,1
29015,0
57982,0
93863,1
46262,1
37877,0
54256,0
3281,0
139199,0
41207,0
103573,1
135104,0
10198,0
110990,0
6237,0
67459,1
101304,0
117752,0
108329,0
118428,1
57044,1
5528,1
74784,0
69853,0
33280,0
114886,0
23422,0
162059,0
22473,0
105351,1
158921,1
156946,0
135072,0
110804,0
141227,0
41849,0
24058,0
158212,0
55298,0
147677,0
114097,1
121335,0
15777,0
96973,0
101387,0
90321,0
81232,1
69975,0
81708,0
48226,0
5898,0
132139,0
136695,0
2374,0
126563,0
59455,0
19696,0
67396,1
14491,0
48922,0
125056,0
128722,0
123986,0
20288,0
114927,1
9207,0
109672,1
63127,0
60106,0
2830,0
129937,0
138483,1
46617,0
156572,0
97143,0
22487,1
77286,1
126060,0
122,0
105191,1
138473,0
141947,1
8691,0
34514,1
79682,0
70540,0
118978,0
138363,0
76334,0
97871,0
43173,0
147558,0
43221,0
88991,0
144843,0
90811,0
70913,1
102942,0
76426,1
114091,0
20468,1
52439,1
72684,0
64358,0
12678,0
33982,1
125360,1
35136,0
79992,0
44922,1
108015,0
140903,1
128394,0
97256,0
161648,0
131915,0
84736,0
4054,0
37406,0
38268,0
125161,1
155285,0
112379,0
50617,0
163422,0
39025,0
74643,0
15009,0
79663,1
53776,0
133765,0
114699,0
35061,1
33047,0
134638,0
67364,1
156413,1
86620,0
31495,0
97840,0
54650,0
122640,0
133973,1
10162,0
149211,0
151938,0
48795,0
15668,1
9428,1
100037,1
76954,0
120630,1
118833,0
28030,0
116424,0
135949,0
118339,0
60164,0
156087,0
9453,0
61805,0
114532,0
43831,0
106712,0
79565,1
2049,0
11049,0
147168,1
46318,0
72063,1
10962,0
124936,0
31756,1
143437,0
49291,0
3611,1
123757,0
130090,1
4061,0
20293,0
34037,0
117227,0
158063,0
14426,0
76366,0
83921,0
69185,0
24442,0
54435,1
19385,0
147219,1
78293,0
82558,0
141462,0
11459,0
110430,0
123505,0
90152,0
114714,0
32097,0
32707,0
33471,0
71149,0
118285,0
114246,1
56475,1
3167,0
162964,0
40953,1
119395,0
69836,0
90735,0
4283,0
65206,0
26916,1
155504,0
68494,0
109098,0
19336,0
18962,0
82397,0
39763,1
82876,0
27261,0
48316,0
56532,0
145332,0
60238,1
80223,0
78968,0
20508,0
1244,0
85277,0
24720,1
16273,0
1410,1
139674,0
160232,1
44057,0
146269,0
64168,0
93623,0
60277,0
125366,1
42449,0
106670,1
108355,0
69974,0
119360,1
136385,1
93977,0
145661,0
77071,0
99925,0
154550,0
49104,0
159030,0
33378,0
58234,1
53052,1
485,1
150082,0
124461,0
30400,1
141573,1
131889,0
41463,0
152610,0
53046,0
145830,0
157319,0
115145,0
141229,0
60170,0
56121,0
39083,1
122383,0
111349,0
153002,0
15858,0
133673,0
116850,0
18965,0
12214,0
82285,0
30970,0
23719,0
112366,1
138887,0
140908,0
19537,0
30292,1
131630,1
112993,0
25868,1
136290,0
13609,0
32262,0
149816,0
59493,0
109804,0
53789,0
144655,0
142959,0
126717,1
116639,0
52467,0
3021,1
134326,0
8165,0
5334,0
136411,0
92796,0
40806,0
156634,0
70922,0
91935,1
33129,0
20175,1
20385,0
91677,1
91485,1
8906,0
143080,0
133778,1
96450,1
153334,0
77244,0
135145,0
149910,1
158243,0
75405,1
137814,0
109996,0
143793,1
146039,0
78738,0
26324,1
151971,1
156617,0
53876,1
17179,0
156960,0
2131,0
27462,0
49132,0
141785,0
110037,0
132961,0
100802,1
13112,1
128311,0
128424,1
84790,0
159635,1
111155,1
60010,0
16526,0
113232,1
80150,0
58096,0
81191,0
36529,0
120500,0
721,1
57829,0
107317,0
157209,0
56074,0
16894,0
28177,0
136453,0
44017,0
105781,0
144526,1
12654,0
128201,0
84407,1
93467,0
27120,1
53007,0
17450,0
43346,0
120983,0
68176,1
58575,1
143264,0
91674,0
60433,1
118041,0
32010,1
6766,0
133694,0
159766,1
97306,0
59396,0
103639,0
46254,0
39778,0
70200,0
100710,0
154763,0
111443,0
18970,0
56663,0
97991,1
28701,0
50835,0
43228,1
103046,0
98870,0
69265,0
121809,0
111422,1
119110,0
149235,0
118955,0
100008,0
119144,0
105471,0
85905,0
149817,0
95243,0
50580,1
43484,0
127761,0
56453,1
129546,0
158227,1
85767,0
111440,0
7147,0
42261,1
152188,0
149864,0
34069,0
2749,1
50649,0
162424,0
130533,0
5481,0
155795,0
12585,1
109615,0
118442,0
62376,1
115890,0
8878,0
141933,0
46456,0
36246,0
140301,0
41501,0
35036,0
103575,1
21368,0
21328,0
163877,0
41771,0
130821,0
123106,0
126881,0
116533,0
97705,0
111359,1
60785,1
53999,0
143864,0
109307,0
35302,1
32965,0
37009,0
129696,1
11682,0
145812,0
141169,1
132785,0
155343,0
32846,1
85377,0
146632,1
1559,1
99794,0
83389,1
160556,0
62392,0
42532,1
89335,0
156963,0
145192,0
19268,0
47904,0
118517,0
31348,0
2703,0
6279,0
131266,1
87825,0
160059,1
60033,0
160724,0
40990,1
35777,0
130322,0
69961,0
95652,1
36602,0
4857,0
160927,0
21473,0
77833,1
104578,0
85751,0
38968,0
112090,0
53868,0
142100,0
139833,0
104071,0
164057,0
152645,0
99465,1
86235,1
56320,0
8707,0
48786,0
122542,1
17092,1
154345,0
41305,1
72276,0
93616,0
60166,1
39241,1
129976,0
27378,0
96860,1
31788,1
83885,0
72241,0
59098,1
159420,0
6529,0
48446,0
149074,0
154038,0
117441,0
114551,0
76764,0
49904,0
79905,0
155361,0
35781,0
39274,1
3734,0
105139,0
128863,0
9619,1
23848,0
130439,0
105520,0
369,0
30283,1
4021,0
123846,0
56348,0
99690,0
124671,0
138452,0
20507,1
68983,0
70311,0
62014,0
43394,0
94149,1
49200,0
121183,0
119640,0
107120,1
37150,0
15623,0
49051,1
75566,0
30180,0
160584,0
66124,0
97735,0
43817,1
150311,0
162641,0
122180,0
141730,1
142133,0
44885,0
88621,0
96777,0
83026,0
47995,0
65209,1
163860,0
100279,1
139412,0
3760,0
93357,0
140454,0
8182,1
125289,0
5058,0
96764,0
132542,1
26316,0
152385,0
121022,0
72576,1
139009,0
119457,0
111766,0
52190,0
28091,1
21822,0
89146,0
43852,1
2487,0
157700,0
104582,1
33885,0
76516,0
134566,0
35714,0
138131,0
101572,1
62549,0
163292,1
103343,0
39841,0
130382,0
62851,0
132006,1
147727,0
53170,1
99809,0
128233,1
85419,0
6807,0
27361,0
120293,0
127245,1
5317,0
123395,1
76639,1
81797,0
66142,0
135307,0
83486,0
144263,0
31790,0
155681,1
62051,1
85652,1
68570,1
75344,1
55139,1
100446,0
152797,1
63957,0
26991,0
77719,1
54169,1
139429,0
38175,0
106830,1
8130,1
45337,1
128215,1
85427,0
49208,0
17915,1
34902,1
73084,0
142652,0
60017,1
55170,0
91883,1
131262,0
62147,0
123774,0
133759,1
161905,0
96744,1
35664,0
132176,1
134118,1
86064,0
160340,1
126006,0
28714,0
18994,0
51233,1
17675,0
146231,1
109021,1
80470,0
27255,0
33843,0
15522,0
49034,1
59348,1
81508,0
135423,0
151158,0
155666,0
125394,0
135657,1
137628,1
154824,0
10735,0
37874,0
93684,0
36019,0
138908,0
61519,0
154844,1
113953,0
124769,0
73300,0
130081,0
14476,0
142495,0
73552,0
110652,0
146770,0
59237,1
83522,1
1683,0
132877,1
150240,0
6543,0
14663,1
164645,0
161619,1
149867,0
20097,1
83791,0
17221,1
29692,0
29620,0
119122,0
17954,0
24213,1
142441,1
12378,0
31122,0
101309,0
100725,0
93207,1
24652,0
106802,1
143692,1
112001,0
150770,0
142202,1
157825,0
120526,1
74376,1
95629,0
71146,1
126693,1
155954,0
38369,0
18319,0
136454,0
157216,1
14632,0
27705,0
54704,0
32172,1
89232,0
138544,0
136598,1
26243,0
14760,1
38288,0
16911,0
44596,1
20566,0
33067,0
96163,0
18714,0
145935,0
78650,1
114780,0
105418,0
52451,0
54729,0
29618,1
108384,1
88438,1
163312,0
141985,0
162569,0
41829,0
65199,0
155794,0
96742,1
35238,1
32762,0
14323,0
158416,0
95979,0
139530,1
6053,0
33625,1
132427,0
109196,1
135483,0
96122,0
37004,1
6287,1
45753,0
16056,0
129099,0
139701,0
135175,0
92165,0
109658,0
128037,0
6614,1
95291,0
34742,0
45233,0
48012,0
137381,1
52315,0
35535,0
51844,0
101244,0
103791,0
31384,0
124941,0
25380,0
26787,0
120955,1
137009,0
156883,0
162859,1
2644,0
12284,0
138749,0
20270,0
63758,0
63143,0
153636,0
148756,0
116019,0
78739,0
138438,0
41877,0
24568,0
149492,0
40359,1
101259,0
148363,0
140230,0
82424,0
118557,0
148770,1
69086,1
142434,0
113159,1
79796,0
30458,0
21610,0
157771,1
4956,1
17175,0
123044,1
52666,0
73391,1
86705,1
133319,1
57718,0
44938,0
28372,0
89784,0
23883,0
162661,0
73516,0
6487,0
145102,1
89823,0
128079,1
127255,0
74304,0
43325,1
7068,1
15340,0
104010,0
116376,0
114582,1
155079,0
122832,0
1065,0
101558,0
54875,0
134565,0
131711,0
4973,0
144341,0
8748,1
117824,0
34397,0
70085,0
129369,0
68746,0
155494,1
102887,0
84257,0
13297,0
125278,0
65629,0
6668,1
86635,1
158422,0
121421,0
39743,0
132435,0
101248,0
116184,0
124108,0
154043,0
29524,0
144013,0
144334,0
148765,0
116518,0
40770,1
115448,0
40081,0
50944,0
103169,1
23283,0
68080,0
117675,0
96831,0
41093,0
122724,0
73083,0
101828,0
64513,0
134858,1
25191,0
76948,0
122359,0
125785,0
64393,0
84622,0
114592,0
89305,1
56639,0
46662,1
56504,0
64467,0
121078,1
2637,1
85482,0
89654,0
159127,0
81469,1
62652,0
12352,0
36419,1
96854,0
34984,0
83443,0
164264,0
17449,0
139978,1
88427,1
103795,0
120831,0
5041,0
30814,0
145269,0
141527,1
123030,0
156553,0
91057,0
69912,1
78139,1
71719,1
32914,1
41204,0
39703,0
45944,0
152292,1
44104,1
58609,1
85593,0
105534,0
133738,0
116950,0
61583,0
24516,0
15209,0
106166,0
60515,0
96707,1
91798,0
24857,1
85716,1
124476,0
17749,0
39423,0
111651,0
81995,0
1199,0
132847,0
87658,0
88935,0
151636,1
82280,0
104159,1
126065,0
50705,0
117466,0
92322,0
106902,1
58200,1
150864,0
34392,0
158584,0
107967,1
33275,0
125566,0
159115,0
113560,0
151882,1
86863,1
23861,1
14741,1
33895,1
164472,0
123432,0
64153,0
90017,1
138587,1
52181,1
136674,0
97372,0
75511,0
122891,0
24238,0
137542,0
15354,0
159637,0
157072,0
32704,0
104647,1
4030,0
107934,0
3111,0
45176,1
72971,0
31012,0
87564,0
12828,1
92805,0
133532,1
152051,0
150548,0
69299,0
86111,0
90418,0
82219,1
38991,0
50690,0
29223,0
132692,0
120400,0
12191,0
162965,1
103171,1
86108,0
103801,0
88472,0
112110,0
70909,1
154144,0
27964,1
51590,0
82492,0
162060,1
27236,1
159058,0
49953,1
69333,1
160598,0
34145,0
96441,1
162290,0
154069,0
62833,0
122368,0
133163,1
103454,0
69570,0
55172,0
163208,0
130778,0
10555,1
5850,1
49211,0
158326,0
163015,0
34604,0
56920,0
105843,0
43435,0
8342,1
155911,0
141737,1
27209,1
146479,1
9940,0
131981,0
139087,1
88802,0
148348,0
12737,0
60627,1
5976,0
51212,1
108178,0
35914,0
38107,1
149948,0
38972,1
108192,0
145135,1
53721,1
82139,1
113901,1
71509,0
68110,0
8493,0
117493,0
61437,1
65528,0
30880,0
98670,0
133054,1
107273,0
80986,1
127569,0
90634,0
26538,1
8102,0
63096,1
14201,0
38930,1
150908,1
38794,1
159713,0
119495,1
120926,0
35059,0
124049,0
5364,1
164746,0
99111,1
41,0
68244,0
107009,1
126270,1
81971,1
158774,0
145456,0
24255,0
74837,1
75106,0
33466,0
59181,1
66293,0
56152,1
164635,1
7099,0
9328,0
1665,0
103441,1
148803,0
100893,0
21878,0
131720,0
33179,1
82923,0
93948,0
75978,1
160528,0
153184,1
158903,0
80344,1
138494,1
27553,0
79509,0
40614,1
30138,0
163170,0
11664,1
93952,0
79313,1
121315,1
122486,1
15404,0
51549,0
31507,0
74898,0
100514,0
93034,1
36914,0
42026,0
8692,0
64391,0
82018,1
142635,1
137085,0
13145,0
46955,1
138821,0
92936,0
15021,0
145233,0
22560,0
79184,0
155151,0
148767,0
130816,0
61289,1
14973,0
5654,0
160701,0
5515,1
121691,1
161420,0
29916,1
103025,0
20474,0
107360,0
18315,0
127029,0
18128,1
100969,0
35215,0
95396,0
126157,0
50394,0
60882,1
74487,0
119804,0
91785,0
126818,1
32879,0
6486,0
142713,0
113721,0
106785,0
98044,0
46635,0
96138,0
100020,0
145886,1
91491,1
93922,0
74153,0
20397,1
78219,0
106492,1
103405,0
155080,0
149949,0
59906,0
32618,1
19906,1
103457,1
62748,0
44067,0
28528,0
130993,0
17096,1
21438,0
36533,1
101273,0
93415,0
105680,0
36936,0
51815,0
26635,0
150769,1
61523,1
68006,0
35237,0
159845,1
138382,0
15163,0
89195,0
51159,1
97382,0
23568,0
98307,0
73569,1
114600,0
68508,0
136291,0
135674,1
118664,1
142642,0
4017,0
1132,1
122212,0
48147,0
88558,0
149342,0
71219,0
99613,0
133795,1
106772,1
71499,1
89151,0
69239,0
132599,1
158189,1
31639,0
86280,0
356,1
88763,0
22699,0
118230,0
122518,0
46315,0
153096,1
8755,0
73230,0
116497,0
152278,0
19759,0
105270,0
4645,0
134756,0
132250,0
141680,0
142671,1
24392,0
70650,0
163700,0
163993,1
119191,0
155555,0
20459,0
117178,1
129505,0
12980,1
50740,1
137670,1
16182,0
42081,0
55541,1
34571,0
44187,1
83169,1
38734,0
69028,0
90509,0
29162,1
75117,1
2278,0
57104,1
40610,1
139330,0
27795,0
31981,0
97636,1
140331,0
62650,0
9170,1
97889,1
12753,0
88310,0
13468,0
28090,0
83637,0
80386,0
159892,0
18980,0
56370,1
104686,1
45815,1
51881,0
39939,0
26356,1
146166,1
90026,0
56102,0
153863,0
154717,0
80887,0
104806,0
71454,0
139625,0
5326,0
11192,0
121630,0
129952,0
137151,1
144669,0
100821,0
65244,0
48614,0
105248,0
111153,0
153943,1
52348,0
38627,0
119359,0
98387,0
120740,0
47976,1
42612,1
129860,0
63410,1
162278,0
25063,1
64772,0
147680,1
156645,0
37313,0
97668,0
44777,0
102341,1
119848,0
21365,1
65639,0
17274,0
41458,1
135427,0
48748,0
73658,0
6300,1
73125,0
72568,1
55368,0
136677,0
60896,0
142722,1
156217,0
99606,0
129072,1
46012,0
161792,1
123277,0
94351,0
156653,0
158289,1
16537,1
63730,0
46143,0
96568,0
4416,0
5202,0
82392,0
40636,1
97910,0
31365,0
87340,0
56178,0
15276,0
67420,0
18042,1
117192,0
72773,0
78327,0
117706,0
154157,0
6837,0
158962,0
50718,1
60956,0
29319,0
63269,0
87029,0
13583,0
39719,0
144388,0
113514,0
164226,1
81489,0
134480,0
110947,0
97419,0
158815,0
99939,0
44800,0
49787,0
55123,0
80369,0
154250,1
34900,1
108689,0
3438,0
30213,1
8049,0
162630,0
65452,1
32588,0
77259,0
102325,0
133815,1
27602,0
65648,1
120556,0
60978,0
64537,0
41596,0
86266,0
70517,1
162878,1
102420,1
153262,0
61989,1
11979,0
153877,0
85692,1
36762,0
24535,0
86844,0
675,0
41717,0
150075,0
18974,0
84270,0
5270,0
136516,0
88315,1
79813,0
148181,1
67715,1
138689,1
150333,0
7048,0
141464,1
153721,0
64536,0
15598,0
118983,0
154051,1
118212,0
82584,0
154818,0
132166,0
30394,0
15913,0
11151,0
85566,1
151740,0
19237,1
132422,0
148026,0
101171,1
24809,0
49733,0
54593,0
21271,0
6563,1
60848,0
112669,0
150605,0
141526,1
7777,0
104475,0
28952,0
156587,1
67010,0
57495,1
85829,0
4840,0
72306,0
22899,0
14826,0
8633,1
89800,1
155912,0
88190,0
158194,0
85729,0
129949,0
152768,0
36907,0
145401,1
152423,0
42400,1
95540,0
60634,0
99085,0
72420,0
89408,0
2860,1
125245,1
41200,0
153818,1
19031,0
28252,0
105120,0
103123,1
70844,0
163050,0
154626,0
114360,0
75920,0
4279,0
44512,1
70049,0
137613,1
10896,0
109675,0
14865,0
44333,0
787,1
139288,0
25434,0
13035,0
150731,1
74924,0
99619,0
105037,0
35446,1
47212,0
47211,0
2911,0
20954,0
84359,1
122823,1
152771,0
108010,0
64651,1
105923,1
3116,0
86720,1
9125,0
31518,1
65850,1
120436,0
90249,1
46137,0
95196,0
19642,0
65973,0
152228,0
157445,0
23947,0
41448,1
121477,0
112794,0
99084,0
52122,0
125737,0
122996,0
10561,0
147273,0
12841,0
154543,0
109807,0
62176,1
142784,0
156614,0
101266,0
3103,0
80819,0
100506,1
8328,1
112222,1
132436,0
36257,0
10421,0
68900,0
6699,0
86067,1
150338,0
46555,0
95618,0
132790,0
64672,0
28811,0
17297,0
158094,0
155136,0
52825,0
86427,1
2716,1
75723,1
152606,0
98941,0
47530,0
31545,1
18698,0
158937,0
158046,0
2581,0
94815,0
72039,0
45420,0
215,1
138001,0
142991,0
26361,0
139285,0
63777,1
114563,1
74499,0
6236,0
40342,0
45588,0
136802,0
16240,0
57967,0
47797,0
132013,0
147541,0
56893,0
71466,1
152247,0
126156,1
97817,0
139802,1
154563,1
157604,1
39020,1
140656,0
2340,0
55529,0
53825,1
97132,0
43044,1
7193,0
77609,1
129255,0
54270,1
74689,0
71517,1
23646,0
48887,0
107040,0
106589,0
115461,0
146983,0
42512,1
149271,0
88413,0
68926,1
29494,0
21227,0
92707,0
136664,1
49249,1
66154,1
76795,1
67353,0
92272,0
37653,1
36354,1
61657,1
52258,0
48258,0
33695,0
84941,0
93059,0
153821,0
155759,0
39446,0
92308,0
66112,1
22909,0
96448,0
137090,0
84689,1
37698,0
52807,1
136377,0
154223,0
23079,0
74641,0
63209,0
11817,0
110170,1
11333,1
54106,1
135388,0
108978,1
35780,0
31645,0
128800,0
115198,0
123552,0
148337,0
13211,0
150842,0
141350,0
76564,0
96863,1
140172,0
122679,0
162742,1
136023,0
16436,1
11156,0
78278,0
78085,0
502,0
144351,0
106412,0
63690,1
148113,0
49913,0
110047,1
1696,1
131298,0
63142,0
157243,0
49971,1
62828,0
127457,1
25980,1
19631,1
153836,0
56963,1
24668,1
91920,0
131763,1
121722,1
35271,0
75191,0
87228,0
106544,0
116041,0
134473,0
60254,0
134931,0
107573,0
33962,0
138271,0
99514,0
31066,0
106215,0
157364,1
99396,1
144951,0
46041,0
160206,0
149005,1
65275,1
72918,0
47495,0
131839,1
132682,1
96387,0
46717,0
94566,0
5097,1
6944,0
68737,0
162003,0
32730,0
85383,1
122964,1
73370,0
30251,0
36448,1
141750,0
103486,0
160347,1
6278,1
126540,0
47509,1
73454,0
157381,0
125136,0
87888,1
66151,0
58288,0
96167,1
134056,0
40707,0
53311,1
126951,1
115970,0
76249,0
163017,0
69650,0
19069,0
163008,0
77234,1
79233,0
111828,0
157780,0
87420,1
77900,0
118474,0
128971,0
14032,0
134694,0
148487,0
45715,1
3651,0
95490,0
122393,0
54738,0
124545,0
141166,0
78681,0
149568,0
93756,0
92619,0
114862,0
116126,0
7017,0
63867,1
65136,0
113700,0
91484,0
4039,0
156385,0
131485,0
27975,0
64109,1
32871,1
58571,0
76274,0
25050,0
23893,0
60233,0
129650,0
20171,0
67178,0
24092,1
26556,1
157245,0
80147,1
135505,0
163215,0
132463,0
10859,1
50137,0
61353,0
39183,0
107885,0
31062,1
101317,0
111807,0
149887,0
111200,0
151974,0
91163,1
122582,0
21549,0
2242,0
7764,0
85752,1
160623,0
13772,0
156734,0
104514,0
77047,0
5295,0
50542,0
70820,1
7251,1
27502,1
109575,0
16117,0
91151,1
8266,1
159623,1
156144,0
19043,0
25951,0
33530,0
19793,0
64859,0
99802,0
91205,0
122162,0
55191,1
17265,0
131628,0
97913,0
113093,1
18177,0
118803,1
30193,0
40946,0
134624,1
81218,0
25360,1
94100,1
13996,0
71737,0
76705,1
81725,0
13502,0
161665,0
64229,1
4891,1
96720,0
61982,0
84728,1
153486,1
55348,0
155702,0
108408,0
124295,0
139261,0
24428,0
157382,1
89273,0
159686,1
163657,0
51448,0
116427,0
107077,1
28121,1
106496,0
81165,0
139260,0
74240,1
123478,0
713,0
110291,0
110587,1
70938,0
83666,0
51566,0
55114,1
141470,1
29212,0
50281,0
162808,0
99478,1
56002,0
65302,0
85981,0
101297,0
44635,0
75983,0
118511,1
17993,0
67311,0
102890,0
35323,0
40631,0
59261,1
159026,0
83853,1
146460,1
92548,0
147894,0
131218,1
118942,0
25685,0
82268,0
57384,1
8848,0
19477,0
103962,0
24090,0
64518,1
116329,1
28941,1
32113,1
5378,0
101728,0
83017,0
99923,1
76414,0
93880,0
108653,0
53100,0
62103,1
25176,0
39453,1
94637,1
62695,0
134219,0
154167,1
83617,0
91717,0
10990,1
64055,0
88575,0
85217,1
46334,0
145234,0
970,1
161324,0
105794,0
81608,1
10835,0
78979,0
164505,0
143241,0
151726,0
18626,0
86599,0
89422,0
2656,0
75437,1
100,0
115977,0
63799,0
48868,0
124757,1
39454,0
33196,0
11008,0
81749,0
64209,0
156913,1
111617,0
100280,1
147366,0
109613,0
89648,0
109210,1
10295,1
40427,0
19972,0
6611,0
93304,0
26012,0
81527,1
25461,1
136090,0
51588,0
152030,0
161332,0
147851,0
15486,1
145878,0
24819,1
80555,0
12580,1
79544,0
151837,1
67247,0
77188,1
2554,0
114372,1
102923,0
88030,1
35820,0
113190,0
2503,0
22223,0
100714,1
129337,0
131693,1
30047,1
142464,0
36998,0
43678,0
133317,1
17427,1
144631,1
48839,0
115746,1
29385,0
70338,0
38307,1
96514,0
46004,1
127236,0
148834,0
146961,0
164274,0
131008,0
104652,1
108698,1
29278,0
29919,0
53414,0
141123,1
118190,0
130327,0
100064,0
157864,0
52323,0
163956,0
26740,0
72704,1
57887,1
100243,1
142263,0
56597,1
99101,0
107518,0
9581,1
112018,0
129975,1
61556,0
63306,0
83701,0
103109,0
51791,1
131777,1
141305,0
53826,1
141137,0
3232,0
92098,0
145574,0
23907,1
91619,0
102931,0
6398,1
54401,0
108128,1
82411,0
108508,1
77648,0
114260,0
32624,0
101786,0
141743,0
140514,0
10316,1
86660,0
26910,0
118568,0
9074,1
160208,0
4941,0
62368,0
67578,0
123483,1
75761,1
86307,1
21154,0
58149,0
108660,0
68656,1
49833,1
26419,1
69711,1
119749,0
30089,1
35995,0
163952,0
96404,0
8138,0
278,1
164138,0
20837,1
115772,0
57608,0
44324,0
34403,0
143096,1
93617,0
78462,1
157476,1
73250,0
108334,0
147486,0
35217,0
43083,0
93834,0
62503,0
22659,0
119815,0
90609,0
59375,0
138394,0
25297,1
53771,0
18582,1
30990,0
101696,1
56137,0
74064,0
7960,1
125652,0
36506,0
163007,0
154121,0
7695,0
59346,1
81956,1
154420,1
39658,0
115153,0
100391,0
68697,0
93139,0
80315,0
96397,1
90300,1
133718,0
129883,1
45997,0
106898,0
131119,0
128776,0
164251,0
89824,0
82967,1
113683,0
64942,0
100954,1
44891,0
53329,1
39328,0
141866,0
44284,0
162654,1
149874,0
75091,0
161742,1
13455,0
8317,1
5134,1
96009,0
156397,1
131527,0
39145,0
164653,0
18873,0
159769,1
140856,0
68375,1
64310,0
114831,0
76704,0
1917,0
22789,1
113788,0
82947,0
9338,0
94060,1
150821,0
5403,0
19554,1
61567,0
27531,1
96502,0
163752,0
30685,0
94364,1
36306,0
75273,0
24929,0
121667,1
105640,1
98949,1
145581,0
79141,0
91114,0
3553,0
22101,0
75507,0
83155,1
151434,0
35153,1
18385,0
67989,1
73705,1
127927,0
139778,1
32353,0
87267,0
114909,0
68633,0
129734,1
42613,0
77084,1
33192,0
100083,1
159005,0
10805,0
136008,0
121655,0
100942,0
87373,0
91968,1
131932,0
90111,1
163046,1
53281,1
101212,1
97782,0
19045,1
36788,0
117593,1
9539,0
77332,0
85412,1
81699,0
30988,0
126739,0
139973,0
157730,1
112884,0
162423,0
158599,1
158768,1
79123,1
126310,0
84536,0
139537,0
43928,1
96602,0
141918,0
74959,1
60406,0
127345,0
162376,1
55018,1
24873,0
94505,0
79470,0
71284,0
94284,1
28760,1
105898,0
63319,0
154239,0
85171,0
27360,0
29204,0
941,0
133150,0
26038,0
85916,1
42662,1
59423,1
55459,0
13439,1
42083,1
33708,1
14753,0
34813,0
45304,1
61480,0
78178,1
109548,0
20219,0
34875,0
4861,0
140972,1
74404,0
74963,1
143279,0
110252,0
57817,1
87131,0
41502,1
83188,0
37048,0
162452,0
3791,0
18737,0
39553,0
161021,1
52244,1
92349,0
123910,0
115018,0
158821,0
22206,0
70976,0
6692,0
43807,0
91662,1
80403,0
119660,0
52973,0
100483,1
11643,1
102688,0
38753,0
147109,0
113983,0
94300,0
65854,1
15050,0
149843,0
145864,1
51969,0
89395,0
156242,0
127806,0
91711,0
101555,0
71900,1
100526,0
153439,1
77139,1
75065,0
65875,0
110492,1
78392,0
35839,0
3094,0
45882,0
131843,0
86633,1
71559,1
23449,0
57111,1
149565,0
128102,1
26321,0
107068,0
160547,1
19951,1
141601,0
13569,0
32868,0
116620,0
21265,0
78274,1
92152,1
32198,0
160905,0
10423,0
90124,1
36065,0
27417,0
116222,0
12363,0
147747,1
39172,1
97283,0
102149,1
57652,0
26760,1
43429,0
46867,0
131873,0
84679,0
17139,0
36439,0
111463,1
149857,0
161716,1
23488,1
18719,1
89596,0
54220,0
103353,1
126295,0
69833,0
61728,0
76599,1
86918,0
103438,0
14137,0
147222,0
85764,0
95317,0
164400,0
121727,0
164368,1
80645,1
112675,0
87010,1
133211,0
2467,0
164522,0
139021,0
160387,0
162151,1
28164,0
134940,1
410,1
97275,0
17287,0
31754,0
97924,0
21002,0
130360,1
18960,0
14729,0
19873,0
151659,0
111677,0
3210,0
90671,0
73733,0
53907,1
28867,0
35105,1
78450,0
54740,1
25649,0
125318,1
120737,0
133383,1
125926,0
117487,0
61667,1
118031,1
103649,0
9010,0
42746,0
132413,0
81782,1
101817,1
25472,0
129904,0
69081,1
20183,0
85296,0
22711,1
104820,0
147110,1
109040,1
14764,0
100659,0
140967,0
34508,1
123735,0
65549,0
108271,0
33379,1
133493,1
28729,1
28355,1
50638,1
135571,1
43096,1
114583,0
100669,0
134575,0
80842,0
89760,0
111205,0
38706,0
105798,0
4405,1
164360,1
53184,1
30048,0
56393,0
38230,0
109716,0
133461,1
142253,0
25116,0
136564,0
110554,0
96914,0
107909,0
52062,1
67827,1
36405,0
45517,1
42208,0
150615,0
163081,1
103247,0
85693,0
35576,0
89860,0
100235,0
108898,0
123318,0
66916,0
112622,0
29023,0
34564,0
84956,1
118525,0
135147,1
132851,0
139324,1
131357,0
146437,1
124891,1
133121,0
104211,0
884,1
49222,0
2166,0
108765,0
95316,0
93947,0
91355,0
120367,0
76466,0
141459,1
78366,1
82714,1
85347,0
46102,0
52193,1
57256,0
23153,1
115146,1
116779,1
92674,0
7311,0
112302,0
6314,1
157372,1
24450,0
38666,1
64778,0
62482,1
9756,0
104611,0
39636,0
114451,0
160294,0
79490,1
128382,0
97183,0
17565,0
23624,0
130754,0
86986,0
19251,0
35846,0
78809,0
91165,1
54748,0
136591,1
142469,0
66733,0
68479,1
156652,1
66982,0
33741,1
123662,0
12423,0
135771,0
145469,0
107389,0
109444,0
45131,1
62941,0
33498,0
22115,0
139805,0
107890,1
11775,1
70250,0
35005,1
115425,0
67509,1
103125,1
89314,0
135915,0
150161,1
22633,1
134150,1
57947,1
12346,1
57140,0
13105,0
87581,0
137868,0
71882,0
135603,0
138268,0
112584,0
56413,0
161424,0
29037,0
780,0
134083,1
68454,1
98677,1
3716,0
149886,0
157716,0
117073,0
140786,0
145153,0
137325,0
30366,1
142475,0
65405,0
7321,0
163842,0
20857,0
85671,0
142846,0
97031,0
94183,1
124802,0
7580,0
44888,0
32239,0
111933,0
116752,0
139653,1
156023,0
135303,0
163241,0
140120,0
24302,0
67783,0
13916,1
42701,0
23950,0
98241,0
86840,1
48032,0
50425,0
131838,1
82781,0
14910,0
54865,1
105599,0
117015,0
162949,0
91532,1
58228,0
104203,1
131411,0
113606,0
45931,1
52387,1
162045,0
126770,0
160412,0
25161,0
97057,1
71453,0
6821,0
97258,0
45457,0
84192,0
151760,0
101464,0
159723,1
67436,0
43186,1
42731,0
5988,0
118024,1
16115,0
62003,1
92956,0
142140,0
112235,0
79316,0
3385,0
111565,0
129935,0
4582,0
71948,1
89400,0
4448,0
100953,0
27040,0
15301,1
138134,1
124492,1
18922,0
24295,0
70367,0
30580,1
158232,0
95395,0
163840,0
163000,1
24975,1
119202,0
160452,1
77488,0
3126,0
18806,1
112857,1
145330,0
57355,0
39979,0
77592,0
63985,0
81785,1
163485,1
45212,1
87123,0
105671,1
93031,0
82056,0
112493,1
8196,0
98701,0
70305,0
134879,0
54383,1
1808,0
15873,1
146580,0
5160,0
144952,0
110845,0
111816,1
51045,0
134001,1
16325,1
63737,0
133009,0
6145,1
138841,0
47887,0
40664,1
51476,0
85431,1
51584,1
147356,0
56675,0
33254,0
158763,0
151080,0
118328,1
56077,0
58504,0
155400,1
64915,0
131406,1
50686,0
13856,0
66564,1
20426,1
68287,0
39273,0
77317,0
120339,0
103023,1
36807,0
17378,0
93658,1
120322,0
131259,0
85695,0
125310,0
102178,1
42750,0
22198,0
2670,0
156470,1
80265,1
20591,0
34848,0
163431,0
8125,0
144347,1
18327,1
25923,0
54041,1
67502,0
91963,0
163742,1
101260,1
13710,0
112066,0
20554,0
3060,0
7697,0
132120,0
56471,0
137916,1
55162,1
111300,0
19290,0
90656,0
113881,1
144632,0
50845,0
34827,0
162439,1
35129,1
63851,0
69558,1
111102,1
1083,0
101004,0
124518,1
35246,0
118001,0
163076,0
18584,0
139153,0
58833,1
11278,0
75795,0
48092,0
91468,0
158864,0
59240,0
132075,0
24192,1
71033,0
39821,0
7740,0
133741,0
65378,0
16065,0
93244,0
71456,0
63523,0
54501,1
98826,0
156820,0
59637,0
95825,0
18101,0
39871,0
118843,1
95343,0
106513,0
83814,1
118558,0
10903,1
73190,0
1204,0
162445,1
94524,0
20334,0
117674,0
72586,0
42837,0
62835,0
93373,1
153852,0
68753,0
39457,1
157552,0
149606,0
121205,0
163782,1
41416,1
122324,0
20510,0
23570,0
126396,0
103745,0
44319,0
55338,0
152306,0
69991,1
3106,0
101661,0
161909,0
123023,0
149259,0
91376,0
137710,0
49018,1
28167,0
138773,0
143243,0
41534,0
97805,0
101627,1
40960,0
142280,0
36458,0
37618,1
150371,0
128685,1
106543,0
34210,0
67116,0
102002,0
150032,1
56309,0
107688,0
126354,0
66437,1
80019,0
111378,0
121341,0
108261,0
155530,0
61823,1
110314,1
103161,0
44074,1
99842,1
162625,0
121751,0
134517,1
28555,1
89062,0
65996,1
114754,0
119406,0
147661,1
20461,0
120939,0
82218,0
755,0
132879,0
103490,0
149177,0
115518,0
48803,0
25564,0
136446,0
48399,0
145365,1
99388,1
114752,0
48849,0
48802,0
123971,1
75627,0
148004,0
22037,0
5539,0
158509,0
116297,1
144004,0
14446,0
73855,0
132997,0
163897,0
119856,0
33754,1
151829,0
84206,0
52609,0
46654,0
56177,1
17482,0
15562,0
89892,1
156402,0
82533,1
138714,1
157014,0
25648,1
164926,0
126403,1
44264,0
13533,1
151803,0
161163,1
109422,1
89835,1
126170,0
112792,0
104324,0
116722,0
159248,0
100910,0
147507,0
106720,1
127163,0
141818,1
126674,0
161882,0
97241,1
119175,0
130035,1
83980,0
161629,1
61939,0
103341,0
160776,0
6483,1
44481,1
78402,0
49031,0
140783,0
121080,0
59699,0
60660,0
103315,0
156463,0
6059,0
89281,0
36423,0
32711,0
32257,0
42781,0
87518,0
60602,1
29960,0
100945,0
129315,1
110867,0
107513,1
54661,0
47206,0
87406,0
153206,0
160959,0
27329,0
54611,0
42606,1
116569,0
32715,0
54048,0
50225,0
7613,0
16901,1
139486,0
160737,0
7032,0
112451,0
126306,0
67581,0
147475,0
110637,0
149538,1
31094,0
12592,1
827,0
67332,0
146090,1
58436,0
104338,0
103680,0
19747,0
50551,0
64506,0
43343,0
130871,0
55484,0
93518,0
117735,0
102034,1
127046,1
91546,0
121612,0
46843,0
153277,1
114720,0
123355,0
160772,1
14844,0
8004,0
114046,0
141042,0
96911,0
21493,0
6777,0
159296,0
98769,1
113350,0
157715,0
151052,0
44553,0
7693,1
160771,1
94758,0
124900,0
80064,0
113334,0
141545,1
104288,0
1340,0
88687,0
152605,0
83677,0
6669,0
8447,0
63354,0
93099,0
135682,0
50081,1
71694,0
146630,0
128768,1
105447,0
140706,0
66366,1
2931,0
108749,1
103265,1
71896,0
10557,0
129755,0
117356,0
145903,0
102357,0
66545,0
129423,0
113086,0
64678,0
71197,1
52682,0
129397,0
31859,0
83809,0
11516,0
142705,1
116210,0
131358,1
113644,1
19805,1
4462,1
147102,0
105164,0
75724,0
89196,1
9890,0
101598,0
14209,0
31385,0
115854,0
69987,1
44186,0
40679,0
74539,0
114971,0
114048,0
20939,1
134472,0
99737,0
162926,1
98746,0
125811,0
119805,1
57976,1
116541,0
27838,0
25447,0
120999,0
56113,0
83055,0
1440,1
126218,1
73920,0
1636,0
58145,1
76164,0
62895,0
94468,1
142054,0
161028,0
142213,0
33899,0
162220,0
17077,0
135447,0
34427,0
29645,0
17718,0
97533,0
12094,0
70038,0
64016,1
139672,1
16214,0
27285,0
118639,0
4513,0
141675,0
161015,0
141622,0
37170,0
123810,1
152542,0
34169,0
75844,0
103273,0
164755,0
103940,0
141507,0
47280,1
29143,0
85902,0
5913,0
83985,0
63035,0
121890,1
40001,1
159063,0
9759,0
2884,1
118369,1
33234,0
126342,0
95437,0
154072,0
93853,0
72808,0
82270,0
95008,0
131366,1
83434,1
20051,1
80990,1
47912,0
149245,0
21309,1
140234,0
142300,0
124413,1
24731,0
47291,1
115208,0
49435,0
9205,1
58299,0
142879,1
125655,0
30986,0
129263,0
37518,0
65114,1
163278,0
144450,1
20611,0
95864,0
2023,0
20442,0
122370,0
55426,0
43932,0
4953,0
70302,0
53301,1
151506,0
130503,0
126400,0
124833,0
4286,0
32064,0
34737,0
153131,0
39061,0
70216,0
156033,0
130953,0
62959,0
38254,0
15113,1
44132,0
95265,0
31571,0
266,0
38009,0
4427,1
24765,0
46382,0
10902,0
149776,1
76345,0
31549,0
90991,1
34509,1
88474,0
102209,0
72254,0
154748,0
33349,0
44574,0
36852,0
78013,0
136596,1
54923,0
145532,1
156534,0
77602,0
150231,0
98015,0
61011,1
95608,0
76192,0
17543,0
55947,0
86479,1
132489,0
144340,1
65607,0
81360,0
57749,0
33127,1
97470,1
68263,0
131042,0
26197,1
92784,0
88115,0
33163,0
33410,0
145651,0
77896,0
46743,0
117118,1
1027,0
31298,0
60706,0
78579,0
133247,1
105724,1
11550,0
17073,0
24142,0
153024,0
99505,0
4961,1
163283,0
146842,1
103355,0
150462,0
155971,1
148956,1
130775,0
94751,1
122356,0
49277,0
18826,0
111236,0
49036,0
80731,1
128529,1
104965,1
121833,1
11942,0
151943,0
28501,0
140113,1
75283,0
157452,0
94738,0
29792,0
133546,1
163488,1
27732,0
3299,1
1149,0
80875,0
43428,1
20616,1
8543,1
29004,1
68296,1
103395,1
58314,0
99599,1
17840,1
56103,0
60733,0
37389,0
46616,0
102363,0
2224,0
98814,1
159819,1
73087,0
65208,1
9476,0
131095,1
68768,0
141887,0
79902,0
57541,1
94419,0
39785,0
47031,1
65756,1
101148,0
105278,0
119967,1
38361,0
149679,0
41391,0
33773,0
57263,0
144071,0
4497,0
9054,0
110370,1
137569,0
774,0
159468,0
17153,1
153283,0
126419,1
33271,0
45847,1
31665,0
108833,0
100089,0
97982,0
95705,1
58929,0
103622,0
131745,0
34612,0
56785,0
46582,0
155816,1
117821,0
79271,1
118138,0
119914,1
89409,1
19364,1
134338,0
130756,0
139314,0
18053,0
131958,0
79337,0
45789,1
55492,1
83350,0
25637,0
55183,1
53083,0
155102,0
134851,0
138132,1
75576,0
118503,0
111109,1
152256,0
13963,0
110688,0
75441,1
95306,1
103903,1
87926,0
81139,0
88874,0
118406,0
22657,1
75520,0
57756,0
104294,0
35751,1
140958,0
55152,0
39589,0
156548,0
4801,1
77318,0
5484,0
63976,0
136705,1
150257,0
50507,0
3362,0
3709,1
8048,0
53367,0
16199,0
65947,1
26278,1
49691,1
114224,0
61105,0
133343,0
139866,0
164738,0
121721,0
4632,0
155253,0
74739,0
15247,0
107723,0
79641,1
92524,0
66480,0
23886,0
105081,0
116038,0
135838,0
47524,0
150904,0
164364,1
53092,0
11792,0
87907,0
36475,0
34442,0
149639,0
73779,0
1908,0
65489,0
142198,0
97980,0
106828,0
36619,0
95313,1
156186,0
49689,1
24318,0
15235,0
151795,0
24761,0
62626,1
130420,0
86176,1
35450,0
152592,0
4855,0
90707,0
83269,0
107642,1
72365,1
80547,1
147238,1
125460,0
133073,0
54228,0
72341,0
74350,1
43920,0
163807,1
82837,1
47607,0
84087,0
160627,0
132221,0
36826,1
157641,1
116932,1
35617,1
94368,0
41795,0
159234,0
6356,0
107331,0
72131,0
152673,0
49197,1
10663,0
99469,0
134829,1
135102,0
42253,0
34185,1
38973,0
153345,0
86976,0
146212,1
157413,0
102269,0
158337,0
117117,0
127743,0
14869,0
126206,0
43751,0
104301,0
147160,0
75533,0
119744,1
137164,0
162912,0
153845,0
22678,1
94769,1
159108,0
164857,1
40957,0
94975,1
113670,0
137148,1
104569,0
88070,0
81117,1
37590,1
144828,0
103444,0
28988,1
150042,0
127774,0
22307,0
115442,1
67560,0
31663,1
34868,0
141498,1
96647,0
156947,0
95342,1
46630,0
146200,0
160421,0
114704,0
19248,1
125277,0
164319,1
132167,0
84758,0
20785,1
104622,0
130273,0
152622,0
20779,0
137375,0
49053,0
80120,0
144125,1
121558,0
151982,0
141783,1
84183,0
62318,1
127134,0
161692,0
132307,1
34626,1
123782,0
54229,0
110928,0
106812,1
51326,1
110908,1
103145,0
110518,1
33176,0
105558,1
18031,1
3863,0
148428,0
51094,1
34223,0
10448,0
60756,1
73054,0
141586,1
71831,0
142890,0
53292,1
100050,0
11499,0
62908,0
3668,0
80657,0
162050,0
143813,0
55414,0
21587,1
120558,0
42264,0
85337,1
158912,0
10487,1
140077,0
90508,0
9433,0
63284,0
63144,0
84362,0
112398,1
156255,0
138729,0
37872,1
28999,0
72194,0
89284,0
57680,0
97060,0
77052,1
51249,0
48550,0
113481,1
111177,0
71599,0
127830,1
82787,1
51889,0
144792,1
126969,0
135649,0
106695,0
108616,0
160566,0
13805,0
148388,0
72086,1
113213,1
10462,1
150627,1
132207,0
160612,1
131759,1
125213,0
77777,0
152229,0
109927,0
97648,1
114791,0
130656,0
33568,1
124643,0
138217,0
70285,0
22609,0
130378,1
79409,0
107241,1
72902,0
79367,0
53166,1
127172,1
39516,0
125571,1
46180,0
50373,0
87300,1
71992,0
3238,0
82007,0
122824,0
119576,0
146303,1
33442,1
143835,0
43724,0
7291,0
2480,0
34511,1
148763,0
153362,0
42579,1
83826,1
123246,0
127599,1
25761,0
4292,0
151185,0
2871,0
4551,0
33947,0
24892,0
118300,0
93163,0
127441,0
40829,0
4559,0
50838,0
130052,0
30227,0
110342,1
58995,0
60321,0
91089,0
58818,0
21823,0
136137,0
26854,0
121272,1
43448,1
157986,0
111609,1
144180,0
139744,1
39018,0
157899,0
55259,0
163454,0
160228,0
31752,0
12803,1
148781,0
130785,0
79473,1
12278,0
75458,1
119566,0
20607,0
17506,0
8888,0
128557,0
131544,0
44645,1
118524,1
141692,0
80790,0
60282,1
149148,0
38171,1
68503,0
159786,0
144855,0
90934,1
30103,1
99821,0
62865,1
69709,0
7955,0
61242,0
79006,1
148234,0
60766,1
155071,1
46149,0
18725,0
72518,0
132559,1
95253,0
86623,0
159858,0
45659,0
130757,1
53708,0
132619,1
74683,0
96379,0
5071,1
43246,0
23489,1
56668,0
86613,0
137110,0
59381,0
11882,0
99225,1
121918,0
40431,0
113741,0
148610,0
16213,0
86234,1
123170,0
141932,1
120861,0
98764,0
34413,0
21891,0
34085,0
7108,0
39500,0
105502,0
59731,1
12528,0
114254,0
163145,0
119984,1
63879,0
20949,1
76993,0
583,1
106937,0
71072,0
40282,0
136583,0
133551,0
56287,1
32572,1
135887,1
37077,0
101676,0
161633,0
30962,1
66399,0
133378,0
155345,1
31844,0
145327,0
78354,0
156107,1
134184,1
157658,0
147924,0
26052,1
60728,0
34347,0
80634,0
44827,0
65793,0
94991,0
158818,1
92521,1
79460,0
77677,0
158405,0
11955,0
156199,0
15061,0
92536,0
52948,1
133136,0
62760,0
761,1
86581,0
124683,0
107810,0
115203,0
135548,0
122730,0
164292,0
66197,0
74757,0
10166,0
135081,0
116951,1
126251,1
152957,0
33837,0
74198,0
13030,0
151866,0
131405,0
137829,0
59502,1
82361,0
18438,0
59073,0
119630,0
6469,0
111025,0
101352,1
46821,0
39914,1
13067,1
60463,0
138633,0
32360,0
75991,0
50078,0
96137,0
27579,1
33542,0
78894,0
41106,0
51832,1
103443,0
94381,0
102488,0
26467,1
41433,1
90160,0
111755,0
151611,0
71350,1
120799,0
76728,0
139570,0
137656,1
21816,0
147808,0
74427,1
31786,1
119716,1
102425,1
94865,1
2948,0
101039,0
63804,1
157728,0
91850,0
18696,0
74478,0
110556,1
140461,0
101641,1
3596,0
134859,0
143196,0
136141,0
29908,0
31969,1
129257,1
164572,0
77898,1
57041,0
91536,1
22617,0
32789,0
132488,1
135319,0
41019,0
77389,1
154299,0
142695,0
86799,1
96535,0
74479,0
84465,0
105184,0
162461,0
51076,0
44646,0
21042,0
123857,0
138627,1
96067,0
90360,0
102851,0
368,0
129177,1
148953,1
21440,0
102157,1
150902,0
30276,0
92946,0
129834,1
50886,0
102152,0
154706,1
140210,1
46319,1
61752,0
27239,1
16430,0
152892,0
34002,1
53464,0
5056,1
10132,0
61650,0
148389,1
139567,0
155173,0
39336,0
131856,0
92599,0
141766,0
85745,1
36210,1
96107,0
52820,0
115971,1
5513,0
95453,0
126987,0
46979,0
117509,1
45643,0
65928,1
111751,1
108967,1
375,0
102492,0
8713,1
71172,1
33703,0
73798,0
87036,0
48225,0
59823,1
158118,0
135304,1
22418,0
36685,1
104255,0
70006,0
127955,0
68200,0
125420,0
95933,0
146522,1
4231,0
115325,0
107970,0
32969,1
63017,0
8886,0
121369,1
62736,1
103167,0
80508,0
116698,0
107690,1
153040,0
55773,1
159162,1
45786,0
121863,1
125611,0
79750,0
120489,0
83115,1
25693,0
76157,1
104924,0
99854,0
118114,0
157772,0
59081,0
67159,0
1609,1
91305,1
163106,1
27945,1
60371,0
44228,0
89253,0
85095,0
160348,1
96897,0
159004,1
137895,0
72180,0
13577,0
127506,0
116797,1
32247,0
77747,0
141477,0
54828,1
73078,0
71196,0
112642,0
132983,0
46194,0
58485,0
143709,0
156886,0
6671,0
164852,0
82995,0
3399,0
117330,0
145202,1
52956,1
41333,1
86284,0
92264,0
148178,0
84992,0
149399,0
145694,1
119333,0
137826,0
153706,0
35957,0
144379,0
18309,1
60007,0
62788,0
67418,0
84432,0
88377,0
138799,0
57730,1
66021,0
127449,0
146108,1
34818,1
68372,0
88197,0
100384,0
164125,0
148907,1
3205,0
56665,1
121347,0
114113,1
132029,0
43062,0
15912,1
42234,1
50621,0
121042,0
39171,0
33373,0
56033,0
165003,1
36069,1
59316,0
161976,0
162900,0
76130,1
4200,0
108908,0
20001,0
156296,0
95729,1
96113,1
55735,0
132324,0
2279,1
68818,0
107655,1
50607,0
46697,1
106339,0
10253,0
32048,0
14669,0
50153,1
35574,0
20885,0
94830,0
155435,0
99746,1
42268,1
87481,1
152509,1
51064,0
145211,0
152832,0
148880,1
152539,0
147007,0
105066,0
33029,1
21016,0
79687,0
161113,1
69764,0
95139,0
62965,1
65753,0
138374,0
157745,1
42247,0
155653,1
30062,0
23819,0
90619,1
101107,0
150335,0
135684,0
102782,0
78141,0
110295,0
105814,0
152153,1
159817,0
22804,1
99686,0
67766,0
97858,0
45090,0
47809,0
51516,0
93941,0
45930,1
81656,0
65105,1
75334,1
145115,1
132979,1
150782,1
98709,0
27391,1
87800,0
163767,0
145397,0
28190,1
82360,1
128730,0
47917,0
35556,0
132418,0
125937,1
12492,0
34287,1
146528,0
10544,0
152420,0
55758,0
144816,0
37521,0
68743,1
130628,0
61705,0
123684,0
21656,0
142941,0
163235,0
132070,1
8013,0
15105,1
117704,0
49844,0
66797,0
77331,1
67590,0
26234,0
21601,1
62001,1
143351,0
65032,0
6047,1
56754,0
67365,0
41208,0
24133,1
38176,0
6973,0
8476,1
46266,0
25719,1
142092,0
79794,0
112105,0
129671,0
70459,0
87716,0
23998,1
27696,0
130096,1
77300,0
133794,1
12981,1
148400,0
10280,1
155310,0
6436,1
21508,0
67018,0
147707,1
145007,1
163100,0
90975,1
111681,0
45574,0
24050,0
101625,0
81418,0
132236,0
56856,0
133332,0
50858,0
67049,1
84835,0
147182,0
24353,0
122256,0
107434,1
51765,0
48299,1
106002,1
164141,0
59894,0
30928,0
12369,0
72639,0
548,0
79026,0
2283,0
132711,0
21890,0
134226,1
40266,0
136267,0
54955,1
25651,0
96530,1
72870,1
154459,0
10769,1
5360,0
28652,1
7545,0
68972,0
136860,0
25826,1
128670,0
30272,0
112880,0
110204,0
104335,0
32252,0
68783,0
12797,0
57116,1
50758,1
118469,1
75820,0
107076,1
123661,1
51900,0
82865,1
47718,1
148460,1
143606,0
18804,0
16716,0
160719,0
78861,0
151581,0
73581,0
50940,0
62181,0
75212,0
15320,0
74557,1
79441,1
35470,0
147498,0
148646,0
28517,0
128901,0
79729,0
126190,0
148448,0
11129,1
9135,0
98366,0
33355,0
50958,0
8796,0
144395,0
38810,1
95324,0
4101,1
135750,0
96314,0
29616,0
43445,0
50135,0
22569,0
72021,0
142874,1
132403,0
150178,0
134873,0
147616,0
160182,1
105653,0
93932,0
40791,1
24822,0
129887,0
30695,1
91019,0
32067,0
19024,0
39479,0
112454,0
76111,0
35915,0
101365,0
65337,1
164097,0
24790,0
152608,1
28134,0
123871,1
98510,0
